Date,Symbol,Outlook,Outlook Modifier
05/12/2026,NVO,BULLISH,long
05/12/2026,OPEN,BULLISH,long bench
05/12/2026,APD,BULLISH,long
05/12/2026,CARR,BULLISH,long
05/12/2026,CHRD,BULLISH,long
05/12/2026,$CBRS,BULLISH,long
05/12/2026,OFRM,BEARISH,short bench
05/12/2026,ONON,BEARISH,short
05/12/2026,NKE,BEARISH,short
05/12/2026,$ADS.DE,BEARISH,short
05/12/2026,DECK,BEARISH,best idea short
05/12/2026,HCA,BEARISH,short
05/12/2026,THC,BEARISH,short
05/12/2026,DGX,BEARISH,short
05/12/2026,USPH,BEARISH,short
05/12/2026,ZG,BEARISH,short
05/12/2026,WEN,NEUTRAL,neutral
05/12/2026,SHAK,NEUTRAL,neutral
05/12/2026,PGNY,NEUTRAL,neutral
