Date,Time,Symbol,Last,Net Chng,%Change,Open,High,Low,Volume,RSI,ImpVolatility
05/19/2026,1630,$COMP,25870.7098,-220.0241,-0.84%,25923.4861,26050.2933,25701.4391,<empty>,62.42,NaN
05/19/2026,1630,$DJI,49363.88,-322.24,-0.65%,49696.53,49696.53,49245.11,"494,842,736",52.81,NaN
05/19/2026,1630,$DXY,99.399,+.072,+0.07%,99.271,99.412,99.271,<empty>,59.471,NaN
05/19/2026,1630,/6B[M26],1.3379,-.0018,-0.13%,1.3397,1.3403,1.3377,"2,689",42.7998,0.0709
05/19/2026,1630,/6C[M26],.72775,-.0004,-0.05%,.72825,.72850,.72750,"2,188",39.65462,0.0476
05/19/2026,1630,/6E[M26],1.16095,-.0009,-0.08%,1.16200,1.16270,1.16075,"6,569",38.39771,0.0611
05/19/2026,1630,/6J[M26],.0063010,-.0000005,-0.01%,.0063020,.0063050,.0062990,"11,493",42.8923571,0.0757
05/19/2026,1630,/BTC[K26],76555,-280.00,-0.36%,77090,77090,76465,724,46.0,0.0
05/19/2026,1630,/BZ[N26],111.35,+.07,+0.06%,111.21,111.45,110.67,411,58.49,NaN
05/19/2026,1630,/CL[N26],104.24,+.09,+0.09%,104.12,104.45,103.71,"5,476",57.12,0.73
05/19/2026,1630,/GC[M26],4467.2,-44.00,-0.98%,4486.6,4512.0,4458.0,"12,400",35.7,0.2
05/19/2026,1630,/HG[N26],6.1820,-.0245,-0.39%,6.1875,6.2160,6.1750,"1,796",50.9575,0.3127
05/19/2026,1630,/NG[M26],3.113,-.001,-0.03%,3.113,3.117,3.102,"1,346",65.54,0.507
05/19/2026,1630,/NKD[M26],59560,-1125.00,-1.85%,60600,60885,59355,"1,939",47.0,NaN
05/19/2026,1630,/SI[N26],73.800,-1.359,-1.81%,74.080,75.230,73.695,"2,714",43.101,0.566
05/19/2026,1630,AAAU,44.20,-.74,-1.65%,44.31,44.51,44.03,"1,658,312",36.92,0.25
05/19/2026,1630,AAL,12.06,-.30,-2.43%,12.175,12.29,11.965,"67,547,521",47.9,0.55
05/19/2026,1630,AAPL,298.97,+1.13,+0.38%,296.97,300.51,296.35,"42,243,561",72.16,0.26
05/19/2026,1630,ABBV,213.76,+4.35,+2.08%,209.90,215.80,208.727,"7,220,276",59.58,0.28
05/19/2026,1630,ABNB,131.16,-3.14,-2.34%,133.07,135.50,130.01,"3,795,679",39.37,0.37
05/19/2026,1630,ABR,5.81,-.23,-3.81%,6.02,6.08,5.77,"4,355,373",27.53,0.46
05/19/2026,1630,ABT,88.82,+.91,+1.04%,88.36,89.3448,87.41,"11,693,547",45.03,0.3
05/19/2026,1630,ACHC,24.92,-.39,-1.54%,24.97,25.40,23.94,"2,934,631",44.97,0.65
05/19/2026,1630,ACHR,5.91,-.01,-0.17%,5.83,6.08,5.69,"49,584,399",46.57,0.78
05/19/2026,1630,ACI,17.20,+.39,+2.32%,16.87,17.685,16.71,"9,899,952",59.91,0.31
05/19/2026,1630,ADBE,254.99,-.65,-0.25%,263.33,265.09,251.81,"5,854,359",55.75,0.57
05/19/2026,1630,ADYEY,10.970,+.41,+3.88%,10.930,11.060,10.880,"1,079,786",52.61,NaN
05/19/2026,1630,AFK,26.32,-.68,-2.52%,26.69,26.7531,26.31,"66,522",40.38,0.47
05/19/2026,1630,AFRM,65.30,+.89,+1.38%,64.41,65.37,62.83,"4,310,142",55.55,0.65
05/19/2026,1630,AGCO,111.52,-1.65,-1.46%,112.68,112.90,110.09,"533,284",40.63,0.42
05/19/2026,1630,AHR,50.81,+.72,+1.44%,49.92,50.865,49.53,"1,701,090",53.09,0.27
05/19/2026,1630,AIQUY,40.19,-.44,-1.08%,40.465,40.465,40.145,"174,188",38.51,NaN
05/19/2026,1630,AKAM,141.34,-9.43,-6.25%,142.76,147.68,140.375,"13,987,039",60.97,0.55
05/19/2026,1630,ALB,169.00,-6.74,-3.84%,172.51,173.38,165.67,"2,097,390",37.32,0.68
05/19/2026,1630,ALCO,40.37,+.13,+0.32%,39.97,41.19,39.955,"19,656",42.7,NaN
05/19/2026,1630,ALGN,155.16,-3.62,-2.28%,158.59,159.69,154.20,"1,403,630",31.86,0.46
05/19/2026,1630,ALLY,40.85,-1.26,-2.99%,42.11,42.20,40.72,"3,505,315",39.53,0.35
05/19/2026,1630,ALNY,294.30,+8.03,+2.81%,289.00,294.93,284.3789,"770,339",44.44,0.42
05/19/2026,1630,AMAT,406.91,-6.66,-1.61%,404.37,415.4641,397.3701,"8,418,715",49.78,0.58
05/19/2026,1630,AMBA,76.69,-2.19,-2.78%,76.45,78.40,74.33,"511,580",62.77,0.95
05/19/2026,1630,AMD,414.05,-6.94,-1.65%,412.60,428.75,393.36,"38,756,913",63.81,0.71
05/19/2026,1630,AMG,294.90,-2.13,-0.72%,296.56,299.57,293.49,"232,316",49.28,0.4
05/19/2026,1630,AMH,31.71,-.18,-0.56%,31.73,31.89,31.38,"4,380,436",56.4,0.4
05/19/2026,1630,AMLP,54.84,+.38,+0.70%,54.51,54.94,54.235,"1,171,629",64.12,0.16
05/19/2026,1630,AMN,26.92,-1.94,-6.72%,28.78,29.12,26.87,"1,150,848",59.94,0.63
05/19/2026,1630,AMPH,17.82,+.62,+3.60%,17.28,17.9125,17.00,"725,146",37.78,0.88
05/19/2026,1630,AMZN,259.34,-5.52,-2.08%,262.04,262.25,255.19,"40,340,697",51.93,0.32
05/19/2026,1630,AN,178.59,-3.35,-1.84%,180.47,181.935,177.56,"361,126",28.76,0.37
05/19/2026,1630,AQWA,18.3153,-.1797,-0.97%,18.44,18.44,18.27,"5,513",30.37,0.19
05/19/2026,1630,AR,38.98,+.62,+1.62%,38.65,39.17,38.03,"5,008,049",55.94,0.41
05/19/2026,1630,ARE,45.84,-.84,-1.80%,46.35,46.64,45.44,"1,477,408",50.83,0.45
05/19/2026,1630,ARGT,88.16,-1.79,-1.99%,89.78,89.84,88.08,"333,850",43.55,0.3
05/19/2026,1630,ARHS,5.78,-.09,-1.53%,5.80,5.86,5.67,"1,504,716",32.49,0.72
05/19/2026,1630,ARKK,73.84,-.67,-0.90%,73.83,74.565,72.96,"8,226,380",43.89,0.42
05/19/2026,1630,ARQQ,12.17,-.57,-4.47%,12.50,12.55,11.914257,"378,673",35.0,1.21
05/19/2026,1630,AS,33.83,+.68,+2.05%,34.00,35.87,33.54,"16,344,463",46.14,0.51
05/19/2026,1630,ASBFF,25.76,0,0.00%,0,0,0,<empty>,47.51,NaN
05/19/2026,1630,ASO,49.25,-.73,-1.46%,49.87,50.22,48.31,"1,046,081",34.49,0.58
05/19/2026,1630,ATRO,79.38,-.97,-1.21%,79.43,80.425,76.7701,"466,504",57.1,0.59
05/19/2026,1630,AVB,185.11,-.14,-0.08%,184.59,186.11,183.24,"858,269",59.6,0.22
05/19/2026,1630,AVGO,411.07,-9.64,-2.29%,409.815,417.9499,405.86,"20,652,068",52.17,0.59
05/19/2026,1630,AVO,12.23,-.06,-0.49%,12.36,12.51,11.95,"824,117",35.83,0.61
05/19/2026,1630,AVTR,7.64,+.04,+0.53%,7.66,7.80,7.495,"8,684,911",40.58,0.65
05/19/2026,1630,AWI,152.83,-5.06,-3.20%,156.29,156.29,151.975,"417,099",31.58,0.33
05/19/2026,1630,AXP,309.31,-2.93,-0.94%,310.74,312.99,307.63,"2,918,418",42.76,0.3
05/19/2026,1630,AZO,3347.28,-18.46,-0.55%,3346.67,3394.44,3313.02,"229,896",39.57,0.42
05/19/2026,1630,B,39.50,-1.10,-2.71%,40.08,40.28,39.17,"14,317,180",42.64,0.46
05/19/2026,1630,BA,215.01,-5.60,-2.54%,218.84,220.05,214.00,"5,355,349",40.52,0.36
05/19/2026,1630,BABA,135.64,+2.38,+1.79%,135.345,136.78,134.79,"11,084,232",50.38,0.43
05/19/2026,1630,BAC,50.70,+.01,+0.02%,50.725,51.275,50.375,"44,154,636",44.77,0.28
05/19/2026,1630,BALL,55.11,-.69,-1.24%,55.50,55.685,54.58,"2,435,340",32.46,0.3
05/19/2026,1630,BBN,15.52,-.09,-0.58%,15.55,15.63,15.47,"285,029",27.47,NaN
05/19/2026,1630,BBWI,16.11,-.10,-0.62%,16.20,16.46,16.02,"5,415,737",31.77,0.77
05/19/2026,1630,BBY,59.29,+1.41,+2.44%,58.065,59.73,57.77,"4,748,019",48.9,0.54
05/19/2026,1630,BCO,102.30,-2.68,-2.55%,104.03,105.32,102.28,"338,792",40.3,0.31
05/19/2026,1630,BDRY,12.65,-.20,-1.56%,12.81,12.81,12.56,"50,831",59.86,0.53
05/19/2026,1630,BEAM,26.33,-.48,-1.79%,26.65,26.79,25.87,"1,488,201",39.46,0.71
05/19/2026,1630,BEPC,36.14,-.22,-0.61%,35.99,36.5799,35.635,"1,373,533",39.29,0.44
05/19/2026,1630,BIDU,137.68,-.03,-0.02%,138.75,140.24,137.11,"1,853,592",55.45,0.53
05/19/2026,1630,BIO,281.05,-.77,-0.27%,281.82,284.98,274.33,"678,069",58.42,0.36
05/19/2026,1630,BIP,38.42,-.19,-0.49%,38.45,38.73,38.17,"801,829",62.11,0.31
05/19/2026,1630,BIRK,32.50,+.38,+1.18%,31.87,33.27,31.60,"2,595,252",36.75,0.5
05/19/2026,1630,BITO,10.48,-.01,-0.10%,10.45,10.52,10.385,"109,714,199",46.99,0.43
05/19/2026,1630,BJ,97.66,+.63,+0.65%,97.35,99.16,96.57,"1,868,697",59.14,0.44
05/19/2026,1630,BJRI,42.12,-.52,-1.22%,42.46,42.98,41.6101,"316,786",62.76,0.27
05/19/2026,1630,BK,136.32,-.26,-0.19%,135.93,137.81,134.75,"3,373,781",62.67,0.29
05/19/2026,1630,BKNG,154.54,-.53,-0.34%,153.365,160.91,153.365,"8,389,793",34.48,0.43
05/19/2026,1630,BKV,29.50,+.73,+2.54%,28.93,29.52,28.14,"676,080",53.18,0.41
05/19/2026,1630,BLDR,66.39,-3.79,-5.40%,69.00,69.98,66.135,"2,816,296",27.95,0.64
05/19/2026,1630,BLK,1036.30,-49.58,-4.57%,1074.46,1084.00,1036.02,"1,024,491",44.45,0.3
05/19/2026,1630,BLMN,7.61,-.04,-0.52%,7.73,7.73,7.29,"2,155,756",58.59,0.63
05/19/2026,1630,BLOK,60.74,-.63,-1.03%,60.72,61.39,59.61,"529,396",49.84,0.38
05/19/2026,1630,BNDD,96.1866,-.3636,-0.38%,96.1866,96.1866,96.1866,66,36.49,0.17
05/19/2026,1630,BNO,58.81,+1.16,+2.01%,58.81,59.02,57.90,"2,024,405",61.78,0.83
05/19/2026,1630,BOOT,141.54,+.45,+0.32%,140.21,144.90,137.53,"639,479",33.08,0.5
05/19/2026,1630,BP,46.14,+.45,+0.98%,45.925,46.20,45.40,"4,917,955",55.96,0.33
05/19/2026,1630,BRBR,8.89,-.37,-4.00%,9.41,9.56,8.85,"5,659,850",24.4,0.97
05/19/2026,1630,BRCB,6.68,-.23,-3.33%,6.92,7.3738,6.635,"660,372",17.46,0.78
05/19/2026,1630,BRKR,42.59,-.16,-0.37%,42.74,43.11,42.00,"2,255,224",58.26,0.52
05/19/2026,1630,BROS,52.77,+.03,+0.06%,53.10,54.38,52.055,"3,791,166",48.75,0.52
05/19/2026,1630,BTAL,12.63,+.15,+1.20%,12.69,12.83,12.5697,"1,012,961",52.73,0.48
05/19/2026,1630,BTC,33.94,-.03,-0.09%,33.84,34.05,33.64,"972,736",47.53,0.38
05/19/2026,1630,BTC-USD,-57.29,.87,-1.50%,-54.99,-52.55,-60.6,"972,736",38.56,0.66
05/19/2026,1630,BTI,66.06,-.29,-0.44%,65.975,66.37,65.36,"3,479,856",68.11,0.3
05/19/2026,1630,BUD,81.91,+.59,+0.73%,81.29,82.00,81.01,"2,073,400",67.94,0.25
05/19/2026,1630,BULL,7.00,-.06,-0.85%,7.001,7.13,6.875,"11,078,689",56.08,0.89
05/19/2026,1630,BURL,286.10,-4.28,-1.47%,289.49,291.51,284.16,"946,966",32.06,0.48
05/19/2026,1630,BUXX,20.24,0,0.00%,20.22,20.24,20.22,"159,297",49.65,NaN
05/19/2026,1630,BXP,58.67,-1.25,-2.09%,59.83,59.83,58.515,"1,477,966",53.74,0.36
05/19/2026,1630,BYD,78.09,-1.00,-1.26%,79.04,79.35,77.57,"1,009,689",34.04,0.29
05/19/2026,1630,BYDDF,12.00,-.07,-0.58%,11.78,12.05,11.77,"106,690",34.04,NaN
05/19/2026,1630,C,119.97,-2.44,-1.99%,121.45,121.45,119.76,"11,092,215",38.31,0.33
05/19/2026,1630,CACC,547.93,-7.50,-1.35%,554.58,555.97,545.00,"119,004",62.62,0.4
05/19/2026,1630,CAG,13.93,+.14,+1.02%,13.90,14.16,13.70,"14,952,003",42.41,0.36
05/19/2026,1630,CAH,200.37,+.60,+0.30%,200.79,203.98,199.6001,"2,804,377",52.79,0.28
05/19/2026,1630,CAKE,58.47,-1.23,-2.06%,59.44,59.50,58.275,"830,913",44.57,0.37
05/19/2026,1630,CAMT,151.31,-4.43,-2.84%,150.47,156.63,147.5669,"593,937",36.26,0.7
05/19/2026,1630,CANE,10.10,+.17,+1.71%,10.00,10.15,10.00,"613,082",55.92,0.4
05/19/2026,1630,CARR,61.44,-3.07,-4.76%,63.73,63.98,61.38,"7,210,001",43.57,0.4
05/19/2026,1630,CASY,852.15,-3.72,-0.43%,851.10,856.44,838.22,"335,970",60.51,0.42
05/19/2026,1630,CAT,860.15,-3.80,-0.44%,861.59,869.86,845.551,"3,239,673",51.65,0.4
05/19/2026,1630,CAVA,78.12,-1.77,-2.22%,79.46,79.71,76.875,"7,581,125",41.08,0.79
05/19/2026,1630,CBRL,28.85,-.47,-1.60%,29.49,30.17,28.68,"1,188,349",44.95,0.71
05/19/2026,1630,CCK,95.24,-1.92,-1.98%,96.75,96.75,94.93,"1,311,184",34.21,0.3
05/19/2026,1630,CCL,23.89,-1.02,-4.09%,24.65,24.7103,23.67,"29,209,242",37.56,0.55
05/19/2026,1630,CCRN,13.10,0,0.00%,13.14,13.14,13.09,"655,734",77.57,1.64
05/19/2026,1630,CELH,29.13,-.20,-0.68%,29.71,30.1399,29.07,"5,516,105",36.28,0.59
05/19/2026,1630,CF,127.86,+2.64,+2.11%,126.89,128.78,124.18,"2,582,198",54.72,0.53
05/19/2026,1630,CFG,61.33,+.17,+0.28%,61.19,61.63,60.18,"4,012,986",42.55,0.32
05/19/2026,1630,CFLT,30.99,0,0.00%,0,0,0,<empty>,73.35,0.16
05/19/2026,1630,CFRUY,19.43,-.33,-1.67%,19.6801,19.83,19.39,"435,318",50.17,NaN
05/19/2026,1630,CG,45.52,-1.08,-2.32%,46.62,46.77,45.355,"3,443,780",37.13,0.47
05/19/2026,1630,CHD,95.75,-1.03,-1.06%,96.94,97.74,95.525,"1,509,959",52.69,0.28
05/19/2026,1630,CHDN,86.73,-1.20,-1.36%,87.295,88.745,86.20,"588,721",41.17,0.37
05/19/2026,1630,CHEF,77.07,-2.68,-3.36%,78.96,79.69,77.06,"369,880",57.64,0.35
05/19/2026,1630,CHH,106.16,-.49,-0.46%,107.05,108.2475,105.13,"395,443",46.78,0.47
05/19/2026,1630,CHPT,6.13,-.26,-4.07%,6.26,6.371,6.0605,"339,074",46.93,1.07
05/19/2026,1630,CHRD,149.65,+.09,+0.06%,150.00,151.45,148.17,"1,285,024",63.35,0.47
05/19/2026,1630,CHTR,142.50,+1.29,+0.91%,143.08,146.42,140.175,"3,815,915",29.27,0.56
05/19/2026,1630,CHWY,19.66,-1.97,-9.11%,21.61,21.68,19.465,"19,206,052",25.03,0.77
05/19/2026,1630,CI,291.28,+4.59,+1.60%,286.08,293.25,281.33,"1,259,694",56.01,0.29
05/19/2026,1630,CLOX,25.57,+.015,+0.06%,25.53,25.59,25.53,"61,186",54.06,NaN
05/19/2026,1630,CLOZ,26.44,-.02,-0.08%,26.44,26.4584,26.4101,"141,447",67.56,NaN
05/19/2026,1630,CLX,92.57,-.25,-0.27%,92.57,93.95,90.39,"2,536,216",44.83,0.35
05/19/2026,1630,CMCSA,24.80,-.13,-0.52%,25.11,25.255,24.68,"33,394,155",32.31,0.33
05/19/2026,1630,CMG,33.04,-.71,-2.10%,33.89,33.95,32.52,"17,343,898",48.7,0.41
05/19/2026,1630,CMI,659.46,-18.41,-2.72%,667.61,668.56,647.78,"878,551",49.92,0.42
05/19/2026,1630,CNA,44.25,-.17,-0.38%,44.39,44.805,43.87,"473,605",42.78,0.28
05/19/2026,1630,CNC,59.15,+.92,+1.58%,58.07,59.4299,57.43,"4,449,642",81.6,0.43
05/19/2026,1630,CNH,10.23,-.27,-2.57%,10.43,10.48,10.155,"8,444,874",41.47,0.4
05/19/2026,1630,CNX,37.37,+.81,+2.22%,36.80,37.58,36.42,"1,781,672",48.89,0.38
05/19/2026,1630,COAL,24.59,-.265,-1.07%,24.85,24.85,24.55,"73,191",38.83,0.33
05/19/2026,1630,COCO,76.45,-2.78,-3.51%,79.145,79.20,76.09,"1,384,660",75.24,0.61
05/19/2026,1630,COF,182.03,-4.34,-2.33%,185.38,186.21,181.49,"5,093,814",38.81,0.34
05/19/2026,1630,COIN,193.45,+4.01,+2.12%,188.375,195.53,185.5301,"7,085,046",48.64,0.75
05/19/2026,1630,COM,34.93,-.05,-0.14%,34.91,34.9691,34.82,"331,212",60.15,0.15
05/19/2026,1630,COP,125.11,+.57,+0.46%,125.86,125.9982,124.12,"6,029,008",56.9,0.35
05/19/2026,1630,COPJ,40.84,-1.23,-2.92%,41.25,41.32,40.15,"100,126",44.07,0.52
05/19/2026,1630,COPX,79.37,-2.48,-3.03%,80.07,80.20,78.34,"5,198,673",43.86,0.49
05/19/2026,1630,CORN,18.74,0,0.00%,18.71,18.80,18.61,"491,551",53.97,0.27
05/19/2026,1630,COST,1094.32,+17.85,+1.66%,1077.00,1096.50,1072.10,"2,853,290",74.95,0.28
05/19/2026,1630,CP,86.13,-.09,-0.10%,85.845,86.69,85.10,"3,238,144",55.42,0.29
05/19/2026,1630,CPAY,343.14,-5.36,-1.54%,352.50,354.97,341.63,"750,145",62.1,0.4
05/19/2026,1630,CPER,37.63,-.77,-2.01%,37.65,37.81,37.4011,"761,875",50.95,0.34
05/19/2026,1630,CPNG,15.26,-.44,-2.80%,15.615,15.74,15.11,"40,043,745",26.72,0.48
05/19/2026,1630,CPRI,17.10,-.44,-2.51%,17.65,17.79,17.04,"2,009,703",34.65,0.81
05/19/2026,1630,CPT,105.06,+.45,+0.43%,104.50,105.40,103.70,"1,354,789",55.6,0.27
05/19/2026,1630,CRCL,111.03,-.36,-0.32%,109.20,115.3599,108.6724,"10,704,677",50.59,0.93
05/19/2026,1630,CRI,35.74,+.23,+0.65%,35.48,36.31,34.67,"1,055,052",51.89,0.54
05/19/2026,1630,CRM,179.42,-.06,-0.03%,185.00,187.44,178.81,"17,510,823",50.06,0.58
05/19/2026,1630,CRSP,47.59,-.97,-2.00%,48.12,48.33,46.92,"1,689,050",39.18,0.59
05/19/2026,1630,CRWD,616.88,-1.95,-0.32%,619.98,634.24,613.29,"4,465,043",83.9,0.63
05/19/2026,1630,CSCO,115.38,-3.50,-2.94%,117.04,118.50,114.79,"32,525,484",79.38,0.37
05/19/2026,1630,CSX,46.08,-.12,-0.26%,45.94,46.53,45.71,"8,785,707",62.93,0.25
05/19/2026,1630,CTA,32.34,+.21,+0.65%,32.32,32.48,32.055,"887,271",60.94,0.46
05/19/2026,1630,CUBE,38.96,+.03,+0.08%,38.75,39.05,38.24,"1,866,580",46.4,0.28
05/19/2026,1630,CURB,27.74,+.01,+0.04%,27.65,27.905,27.51,"444,956",52.73,0.26
05/19/2026,1630,CVNA,63.35,-2.67,-4.04%,65.34,65.93,61.73,"11,785,972",31.43,0.72
05/19/2026,1630,CVS,94.18,-1.81,-1.89%,95.21,95.4633,93.9201,"12,935,774",68.35,0.29
05/19/2026,1630,CVX,197.25,+2.91,+1.50%,194.93,198.8699,193.4715,"11,819,217",61.86,0.31
05/19/2026,1630,CWH,6.82,-.16,-2.29%,6.92,6.98,6.55,"2,838,007",45.65,0.82
05/19/2026,1630,CZR,27.50,-.12,-0.43%,27.565,27.675,27.11,"6,577,992",51.58,0.44
05/19/2026,1630,D,68.13,+.57,+0.84%,67.20,68.46,66.30,"18,275,277",70.27,0.25
05/19/2026,1630,DAL,67.76,-2.48,-3.53%,69.22,69.22,67.76,"5,735,912",43.67,0.48
05/19/2026,1630,DAPP,19.93,-.18,-0.90%,19.89,20.15,19.21,"330,385",50.6,0.47
05/19/2026,1630,DAR,59.95,-2.18,-3.51%,61.97,61.98,59.35,"2,302,051",42.72,0.44
05/19/2026,1630,DASH,154.65,-8.02,-4.93%,161.24,162.69,154.40,"6,070,267",41.82,0.51
05/19/2026,1630,DDOG,215.15,+6.33,+3.03%,210.249,215.68,207.10,"7,169,226",84.9,0.65
05/19/2026,1630,DDS,531.00,+.93,+0.18%,526.78,537.345,518.05,"139,385",35.69,NaN
05/19/2026,1630,DE,558.07,-6.42,-1.14%,562.57,563.59,554.05,"1,027,935",41.43,0.39
05/19/2026,1630,DECK,94.27,-.34,-0.36%,94.40,95.72,93.055,"2,127,529",37.04,0.64
05/19/2026,1630,DELL,235.26,-2.77,-1.16%,234.25,239.75,227.27,"4,082,709",58.78,0.79
05/19/2026,1630,DEO,84.29,+.51,+0.61%,84.21,84.67,83.67,"1,183,917",60.24,0.31
05/19/2026,1630,DG,103.48,-2.75,-2.59%,106.02,106.03,100.21,"4,381,968",34.33,0.56
05/19/2026,1630,DGX,190.39,+.55,+0.29%,189.24,191.18,187.06,"794,562",46.53,0.26
05/19/2026,1630,DIN,29.59,-.21,-0.70%,29.42,30.65,28.79,"642,781",55.03,0.5
05/19/2026,1630,DIS,102.29,-1.62,-1.56%,103.71,103.93,101.9702,"7,032,570",47.02,0.26
05/19/2026,1630,DK,45.54,+.13,+0.29%,45.60,46.29,44.375,"1,330,312",54.77,0.67
05/19/2026,1630,DKL,52.31,+.15,+0.29%,51.69,52.99,51.55,"40,530",55.29,0.29
05/19/2026,1630,DKNG,25.54,-.24,-0.93%,25.97,26.24,25.445,"8,197,901",61.13,0.53
05/19/2026,1630,DLTR,90.61,-.62,-0.68%,91.12,91.29,87.88,"3,221,374",38.27,0.63
05/19/2026,1630,DOC,19.30,-.19,-0.97%,19.33,19.48,19.245,"3,862,827",67.33,0.35
05/19/2026,1630,DOCU,49.42,+.40,+0.82%,51.133,51.42,48.83,"3,807,336",59.1,0.72
05/19/2026,1630,DOV,207.55,-3.28,-1.56%,209.30,209.77,205.60,"1,112,022",35.95,0.31
05/19/2026,1630,DOW,37.74,-.82,-2.13%,38.71,38.88,37.205,"10,566,275",45.82,0.52
05/19/2026,1630,DPZ,312.75,+4.75,+1.54%,309.00,314.54,305.31,"857,389",35.51,0.34
05/19/2026,1630,DRI,193.73,-.02,-0.01%,193.79,194.93,189.97,"661,248",45.57,0.34
05/19/2026,1630,DRLL,38.7691,+.5944,+1.56%,38.34,38.87,38.10,"17,357",63.09,0.36
05/19/2026,1630,DRVN,13.23,-1.01,-7.09%,14.225,14.38,13.215,"1,976,405",51.32,0.62
05/19/2026,1630,DT,39.96,+.11,+0.28%,40.89,41.36,39.78,"6,601,647",57.94,0.49
05/19/2026,1630,DVN,49.69,+.01,+0.02%,50.13,50.37,49.06,"12,242,164",57.66,0.41
05/19/2026,1630,DXCM,66.95,+1.86,+2.86%,65.28,67.75,64.465,"11,300,943",62.26,0.4
05/19/2026,1630,EA,201.70,+.65,+0.32%,201.24,201.74,201.00,"1,521,653",51.7,0.09
05/19/2026,1630,EAT,126.33,-5.98,-4.52%,131.02,131.335,126.01,"1,046,538",38.86,0.52
05/19/2026,1630,EBAY,114.24,-.19,-0.17%,113.80,114.89,112.71,"4,964,779",66.82,0.36
05/19/2026,1630,ECH,39.38,-.45,-1.13%,39.33,39.66,38.95,"383,478",39.07,0.34
05/19/2026,1630,ECPG,80.515,-.225,-0.28%,80.74,81.86,79.45,"419,160",50.59,0.37
05/19/2026,1630,EDEN,110.0619,-.9374,-0.84%,110.24,110.5097,110.0619,"5,424",49.31,NaN
05/19/2026,1630,EDU,50.47,-.62,-1.21%,51.16,51.52,50.46,"310,944",36.53,0.44
05/19/2026,1630,EDV,60.75,-.58,-0.95%,60.67,60.965,60.485,"1,573,403",29.59,0.15
05/19/2026,1630,EEM,64.26,-.71,-1.09%,63.62,64.845,63.48,"37,009,419",50.31,0.33
05/19/2026,1630,EFNL,54.5368,-.5332,-0.97%,54.96,54.96,54.525,"11,703",54.43,NaN
05/19/2026,1630,EFX,160.83,-3.40,-2.07%,165.01,166.625,160.11,"1,463,884",36.51,0.4
05/19/2026,1630,EGP,202.32,+.16,+0.08%,200.19,202.64,200.16,"249,789",56.62,0.18
05/19/2026,1630,EIS,129.35,+.09,+0.07%,128.72,130.33,128.5401,"53,054",48.06,NaN
05/19/2026,1630,EL,76.14,-3.87,-4.84%,79.38,79.40,75.2646,"4,504,039",41.13,0.44
05/19/2026,1630,ELS,62.89,+.77,+1.24%,62.43,63.18,62.14,"1,760,099",48.04,0.25
05/19/2026,1630,ELV,402.27,+8.20,+2.08%,393.68,405.885,388.49,"1,607,592",77.74,0.33
05/19/2026,1630,EMB,94.25,-.37,-0.39%,94.37,94.43,94.05,"10,819,815",36.37,0.1
05/19/2026,1630,EMR,130.65,-1.57,-1.19%,130.08,133.01,128.13,"4,044,374",38.04,0.35
05/19/2026,1630,ENB,56.79,+.42,+0.75%,56.15,57.01,55.81,"10,390,262",65.38,0.2
05/19/2026,1630,ENPH,46.76,-2.93,-5.90%,48.65,49.35,44.92,"8,539,517",63.59,0.88
05/19/2026,1630,ENR,16.23,-.31,-1.87%,16.52,16.75,16.02,"1,672,851",34.59,0.57
05/19/2026,1630,ENVX,5.53,-.40,-6.75%,5.795,5.795,5.39,"6,780,949",38.45,0.88
05/19/2026,1630,ENZL,44.0113,-.0143,-0.03%,44.02,44.40,43.985,"43,428",44.29,0.57
05/19/2026,1630,EOG,144.30,+1.31,+0.92%,144.35,144.65,142.63,"3,109,691",63.6,0.34
05/19/2026,1630,EPD,39.80,+.34,+0.86%,39.50,40.165,39.43,"3,375,297",66.02,0.2
05/19/2026,1630,EPHE,24.20,-.34,-1.39%,24.24,24.45,24.20,"85,406",38.01,NaN
05/19/2026,1630,EPOL,38.92,-.74,-1.87%,39.29,39.40,38.84,"292,101",50.61,0.26
05/19/2026,1630,EPR,57.94,-.40,-0.69%,58.28,58.44,57.7801,"746,113",59.08,0.27
05/19/2026,1630,EPU,79.31,-.91,-1.13%,79.30,79.96,78.60,"89,793",42.57,NaN
05/19/2026,1630,EQR,65.74,+.31,+0.47%,65.16,65.94,64.72,"3,500,684",59.47,0.24
05/19/2026,1630,EQRR,76.9339,-.3239,-0.42%,77.00,77.37,76.54,"24,658",67.91,NaN
05/19/2026,1630,EQT,59.77,+2.32,+4.04%,57.81,59.795,57.3427,"8,663,862",57.47,0.35
05/19/2026,1630,ESI,39.48,-.40,-1.00%,39.14,39.755,38.16,"3,218,315",45.15,0.34
05/19/2026,1630,ESPO,90.15,+.30,+0.33%,90.3162,90.3162,89.92,"9,979",45.87,0.2
05/19/2026,1630,ESS,272.63,+.39,+0.14%,270.27,272.98,268.80,"496,350",64.93,0.21
05/19/2026,1630,ET,20.39,+.20,+0.99%,20.26,20.50,20.18,"11,951,148",62.44,0.22
05/19/2026,1630,ETH,20.05,-.11,-0.55%,19.99,20.18,19.88,"1,556,564",38.18,0.46
05/19/2026,1630,ETH-USD,-71.18,.79,-1.10%,-68.84,-66.42,-74.36,"1,368,880",36.4,0.7
05/19/2026,1630,ETHA,15.93,-.07,-0.44%,15.89,16.04,15.795,"17,092,716",38.21,0.61
05/19/2026,1630,ETHE,17.10,-.09,-0.52%,17.05,17.2237,16.96,"2,061,959",37.61,0.51
05/19/2026,1630,ETSY,57.61,-1.22,-2.07%,58.88,59.175,56.71,"3,241,915",44.33,0.56
05/19/2026,1630,EWA,28.53,-.28,-0.97%,28.56,28.695,28.415,"2,104,006",42.23,0.27
05/19/2026,1630,EWC,57.49,-.07,-0.12%,57.46,57.95,57.365,"1,697,673",49.33,0.15
05/19/2026,1630,EWD,50.08,-.40,-0.79%,50.35,50.49,50.03,"205,205",44.1,0.38
05/19/2026,1630,EWG,42.04,-.30,-0.71%,42.33,42.45,41.995,"1,377,371",50.31,0.26
05/19/2026,1630,EWH,23.65,-.32,-1.34%,23.67,23.74,23.55,"2,030,388",46.97,0.21
05/19/2026,1630,EWI,57.39,-1.01,-1.73%,57.89,57.89,57.325,"642,692",48.86,0.27
05/19/2026,1630,EWJ,90.29,-.63,-0.69%,89.99,90.885,89.74,"4,772,822",52.76,0.23
05/19/2026,1630,EWJV,44.9277,-.0523,-0.12%,44.84,45.2084,44.74,"29,308",59.31,NaN
05/19/2026,1630,EWK,26.254,-.0004,0.00%,26.19,26.32,26.1872,"4,552",55.24,0.37
05/19/2026,1630,EWM,29.30,-.15,-0.51%,29.36,29.41,29.255,"222,802",44.72,0.18
05/19/2026,1630,EWN,63.77,-.50,-0.78%,63.99,64.24,63.48,"67,200",51.68,0.25
05/19/2026,1630,EWO,38.76,-.56,-1.42%,39.06,39.06,38.76,"13,653",49.39,NaN
05/19/2026,1630,EWP,55.81,-.66,-1.17%,56.10,56.26,55.72,"529,734",47.32,0.24
05/19/2026,1630,EWQ,44.42,-.41,-0.91%,44.69,44.79,44.36,"291,948",45.14,0.2
05/19/2026,1630,EWS,29.22,+.03,+0.10%,29.21,29.33,29.155,"711,355",55.75,0.22
05/19/2026,1630,EWUS,41.48,-.17,-0.41%,41.51,41.60,41.2701,"29,978",46.8,0.23
05/19/2026,1630,EWW,77.52,-.38,-0.49%,76.99,77.89,76.53,"796,577",47.87,0.28
05/19/2026,1630,EWY,174.02,-2.08,-1.18%,168.27,178.32,167.17,"17,827,442",55.34,0.74
05/19/2026,1630,EWZ,35.89,-.85,-2.31%,35.72,36.29,35.72,"57,195,430",33.09,0.34
05/19/2026,1630,EWZS,13.62,-.39,-2.78%,13.64,13.8346,13.59,"91,738",34.08,0.43
05/19/2026,1630,EXAS,104.91,0,0.00%,0,0,0,<empty>,76.4,0.37
05/19/2026,1630,EXP,199.88,+3.25,+1.65%,204.78,209.60,194.00,"1,188,104",46.93,0.4
05/19/2026,1630,EXPD,157.60,+.83,+0.53%,156.09,157.83,154.1245,"788,760",61.54,0.31
05/19/2026,1630,EXPE,215.00,+.01,0.00%,216.49,223.7799,213.35,"1,838,227",34.19,0.49
05/19/2026,1630,EXR,140.31,+1.04,+0.75%,138.77,140.69,136.945,"936,313",48.48,0.28
05/19/2026,1630,EYE,16.92,-.40,-2.31%,17.23,17.52,16.70,"3,963,404",26.43,0.73
05/19/2026,1630,EZA,66.63,-1.19,-1.75%,66.95,67.19,66.27,"495,850",40.15,0.47
05/19/2026,1630,F,13.06,+.03,+0.23%,12.89,13.23,12.72,"41,418,196",55.17,0.41
05/19/2026,1630,FAF,67.43,-1.18,-1.72%,68.40,68.40,66.73,"811,109",50.28,0.31
05/19/2026,1630,FANG,207.77,+2.15,+1.05%,207.25,208.58,205.02,"1,732,432",61.48,0.4
05/19/2026,1630,FAST,43.57,-.43,-0.98%,44.00,44.00,43.18,"4,783,783",43.47,0.3
05/19/2026,1630,FCFS,225.86,+.90,+0.40%,224.38,229.215,223.58,"276,353",61.11,0.31
05/19/2026,1630,FCG,31.49,+.37,+1.19%,31.34,31.60,31.075,"802,132",60.55,0.35
05/19/2026,1630,FDX,374.97,+5.25,+1.42%,368.79,376.29,361.11,"1,572,160",49.31,0.34
05/19/2026,1630,FICO,1186.15,+4.33,+0.37%,1206.11,1245.94,1171.06,"506,294",64.41,0.67
05/19/2026,1630,FISV,56.03,-.63,-1.11%,57.49,57.699,55.65,"7,535,075",44.75,0.4
05/19/2026,1630,FIVE,214.39,-3.97,-1.82%,218.16,218.16,209.335,"1,052,367",43.33,0.57
05/19/2026,1630,FLG,13.27,-.07,-0.52%,13.12,13.40,13.085,"3,001,230",37.51,0.33
05/19/2026,1630,FLNG,32.56,+.17,+0.52%,32.62,32.69,32.23,"348,898",58.18,0.34
05/19/2026,1630,FLO,7.21,-.12,-1.64%,7.44,7.575,7.15,"11,353,362",27.0,0.54
05/19/2026,1630,FLUT,97.50,+.21,+0.22%,98.51,99.63,96.47,"2,048,448",41.92,0.52
05/19/2026,1630,FND,44.22,-.76,-1.69%,44.55,44.7975,43.015,"3,371,986",36.01,0.67
05/19/2026,1630,FNF,48.87,-.64,-1.29%,49.31,49.31,48.545,"1,170,209",46.78,0.38
05/19/2026,1630,FORM,117.20,-.22,-0.19%,114.12,119.31,112.305,"1,408,847",39.18,0.84
05/19/2026,1630,FOUR,40.99,-1.51,-3.55%,42.89,43.50,40.77,"1,487,256",42.19,0.68
05/19/2026,1630,FOXA,64.55,-1.32,-2.00%,65.27,66.29,64.47,"3,031,845",53.26,0.32
05/19/2026,1630,FR,61.64,+.12,+0.20%,61.52,61.81,61.025,"919,744",50.17,0.29
05/19/2026,1630,FROG,70.63,+2.72,+4.01%,68.77,70.825,67.3647,"2,686,764",74.27,0.66
05/19/2026,1630,FRPT,47.39,-1.06,-2.19%,48.65,49.28,47.00,"1,616,691",26.21,0.54
05/19/2026,1630,FRT,114.84,-.09,-0.08%,115.39,115.39,113.75,"723,217",59.16,0.2
05/19/2026,1630,FSLY,16.36,-.35,-2.09%,16.62,16.91,16.18,"6,547,980",35.74,0.82
05/19/2026,1630,FTNT,127.64,+1.14,+0.90%,127.805,128.20,123.76,"7,005,856",87.14,0.41
05/19/2026,1630,FTV,58.20,-.81,-1.37%,59.01,59.515,58.19,"2,744,264",41.1,0.24
05/19/2026,1630,FTWO,44.1667,-.4833,-1.08%,44.42,44.42,43.88,"12,433",37.56,NaN
05/19/2026,1630,FUTU,124.50,-7.20,-5.47%,130.01,131.40,123.92,"3,753,229",31.43,0.75
05/19/2026,1630,FUTY,57.31,+.50,+0.88%,56.63,57.39,56.435,"274,341",40.11,0.18
05/19/2026,1630,FWONK,89.98,-1.01,-1.11%,90.99,91.17,88.92,"1,664,721",51.75,0.29
05/19/2026,1630,FWRG,10.89,-.12,-1.09%,11.13,11.25,10.81,"1,833,855",36.99,0.81
05/19/2026,1630,FXA,70.403,-.6234,-0.88%,70.34,70.48,70.16,"11,156",43.62,0.16
05/19/2026,1630,FXB,128.83,-.27,-0.21%,128.77,128.95,128.675,"12,747",43.84,0.07
05/19/2026,1630,FXC,71.0537,-.0613,-0.09%,70.96,71.09,70.96,"8,178",41.54,0.2
05/19/2026,1630,FXE,107.08,-.43,-0.40%,107.06,107.18,106.98,"47,967",39.59,0.08
05/19/2026,1630,FXF,111.82,-.64,-0.57%,111.77,111.905,111.63,"26,189",42.61,0.11
05/19/2026,1630,FXI,36.28,+.12,+0.33%,36.18,36.39,36.16,"25,947,467",44.74,0.24
05/19/2026,1630,FXY,57.72,-.08,-0.14%,57.70,57.83,57.665,"210,240",43.63,0.1
05/19/2026,1630,FYBR,38.49,0,0.00%,0,0,0,<empty>,73.16,0.09
05/19/2026,1630,GAP,20.78,+.05,+0.24%,20.84,20.94,20.05,"7,041,026",29.13,0.65
05/19/2026,1630,GD,340.14,-2.97,-0.87%,343.09,343.22,339.12,"748,098",49.67,0.23
05/19/2026,1630,GDAXI:DE,24400.65,0,0.00%,0,0,0,<empty>,53.79,NaN
05/19/2026,1630,GDX,83.78,-3.36,-3.86%,85.55,85.60,83.35,"21,922,222",36.91,0.49
05/19/2026,1630,GDXJ,110.30,-5.17,-4.48%,112.93,113.01,109.52,"5,929,515",36.77,0.54
05/19/2026,1630,GE,285.28,-.71,-0.25%,284.79,287.42,282.62,"5,239,411",44.72,0.39
05/19/2026,1630,GEL,16.40,+.16,+0.99%,16.13,16.42,16.00,"191,140",44.42,0.38
05/19/2026,1630,GII,75.75,+.27,+0.36%,75.26,75.84,75.14,"13,557",46.05,0.2
05/19/2026,1630,GIL,54.70,-1.67,-2.96%,56.02,56.02,54.56,"1,334,311",38.44,0.36
05/19/2026,1630,GIS,33.77,+.32,+0.96%,33.59,34.62,33.10,"10,903,388",40.55,0.34
05/19/2026,1630,GK,28.0948,-.2304,-0.81%,28.09,28.0948,28.09,210,57.69,0.15
05/19/2026,1630,GLASF,10.2650,+.275,+2.75%,9.8200,10.4300,9.8000,"510,421",61.05,NaN
05/19/2026,1630,GLBE,28.63,-.24,-0.83%,29.57,29.57,28.59,"1,488,206",40.17,0.55
05/19/2026,1630,GLD,411.50,-6.93,-1.66%,412.45,414.47,409.8808,"5,419,418",36.98,0.27
05/19/2026,1630,GLIN,43.564,-.466,-1.06%,43.63,43.90,43.52,"2,796",42.8,0.17
05/19/2026,1630,GM,72.63,-.47,-0.64%,72.24,72.88,70.425,"6,995,574",38.6,0.37
05/19/2026,1630,GME,22.10,+.19,+0.87%,21.88,22.19,21.60,"4,433,264",41.03,0.65
05/19/2026,1630,GO,8.12,+.53,+6.98%,7.61,8.46,7.495,"4,912,409",56.74,0.77
05/19/2026,1630,GOLF,87.45,+1.42,+1.65%,86.49,88.43,84.67,"460,334",41.24,0.26
05/19/2026,1630,GOOG,384.90,-8.21,-2.09%,393.30,393.3627,383.00,"25,559,382",62.3,0.34
05/19/2026,1630,GOOGL,387.66,-9.28,-2.34%,396.96,397.15,386.11,"39,545,672",62.07,0.35
05/19/2026,1630,GOOS,9.32,-.18,-1.89%,9.42,9.505,9.32,"506,728",25.82,0.47
05/19/2026,1630,GPI,305.47,-11.71,-3.69%,315.97,315.97,301.34,"158,553",35.48,0.45
05/19/2026,1630,GPN,67.94,-.73,-1.06%,69.52,70.00,67.61,"3,643,601",45.39,0.42
05/19/2026,1630,GRID,185.01,-4.21,-2.22%,185.00,186.69,182.73,"583,192",46.26,0.26
05/19/2026,1630,GRMN,228.69,+1.80,+0.79%,224.96,230.44,224.54,"774,774",37.04,0.31
05/19/2026,1630,GRNY,26.40,-.24,-0.90%,26.44,26.5698,26.22,"1,674,568",50.49,0.23
05/19/2026,1630,GS,928.74,-17.62,-1.86%,933.22,939.64,923.81,"1,767,342",51.38,0.32
05/19/2026,1630,GSG,34.77,+.37,+1.08%,34.74,34.8501,34.48,"477,599",62.98,0.33
05/19/2026,1630,GTBIF,7.03,-.27,-3.70%,7.16,7.20,7.00,"388,039",44.75,NaN
05/19/2026,1630,GTLB,25.46,+.37,+1.47%,25.59,26.46,24.82,"6,289,745",59.24,0.91
05/19/2026,1630,GTM,3.81,-.11,-2.81%,3.93,3.99,3.765,"7,118,184",23.54,0.65
05/19/2026,1630,GVAL,34.63,-.32,-0.92%,34.81,34.81,34.51,"48,251",45.56,NaN
05/19/2026,1630,GVIP,168.5826,-1.6892,-0.99%,168.87,169.93,167.725,"9,681",51.52,0.16
05/19/2026,1630,GVZ:CGI,26.63,+.43,+1.64%,28.08,28.38,26.48,<empty>,43.9,NaN
05/19/2026,1630,H,164.40,-5.00,-2.95%,168.41,168.79,164.34,"1,001,253",50.46,0.41
05/19/2026,1630,HACK,91.30,+.05,+0.05%,91.19,92.39,90.725,"330,113",74.97,0.41
05/19/2026,1630,HAL,42.98,+.20,+0.47%,43.00,43.37,42.58,"9,072,439",64.73,0.39
05/19/2026,1630,HBB,17.45,-.41,-2.30%,17.60,18.24,17.45,"19,757",37.16,0.88
05/19/2026,1630,HBDC,24.575,-.1278,-0.52%,24.50,24.68,24.50,"1,545",39.99,NaN
05/19/2026,1630,HCA,404.69,-18.10,-4.28%,414.69,417.29,398.95,"2,695,812",26.94,0.29
05/19/2026,1630,HD,302.44,+2.63,+0.88%,291.865,303.185,289.10,"8,692,499",35.37,0.31
05/19/2026,1630,HELE,24.36,+.41,+1.71%,23.75,25.045,23.19,"778,826",61.04,0.68
05/19/2026,1630,HII,324.60,-4.75,-1.44%,328.985,331.79,323.84,"413,340",34.05,0.38
05/19/2026,1630,HIMS,22.44,+.15,+0.67%,22.14,22.69,21.53,"27,331,080",41.47,0.81
05/19/2026,1630,HLN,9.20,+.03,+0.33%,9.19,9.265,9.165,"6,790,673",44.6,0.29
05/19/2026,1630,HLT,315.39,-2.75,-0.86%,317.57,318.17,312.995,"973,662",47.16,0.32
05/19/2026,1630,HOOD,74.16,-2.99,-3.88%,76.15,76.37,73.18,"20,490,415",44.32,0.65
05/19/2026,1630,HPP,10.68,-.12,-1.11%,10.82,11.23,10.565,"1,996,487",59.06,1.03
05/19/2026,1630,HQY,84.65,+1.61,+1.94%,83.07,84.9699,80.96,"1,240,268",56.4,0.48
05/19/2026,1630,HSI:HK,25797.85,0,0.00%,0,0,0,<empty>,45.78,NaN
05/19/2026,1630,HSY,192.80,+1.07,+0.56%,192.24,195.91,189.8046,"2,043,643",50.47,0.3
05/19/2026,1630,HTZ,4.93,-.27,-5.19%,5.21,5.2699,4.905,"8,823,760",38.23,1.13
05/19/2026,1630,HUBS,208.19,-.32,-0.15%,217.49,225.58,205.27,"2,168,848",46.44,0.74
05/19/2026,1630,HUM,310.55,+4.55,+1.49%,304.78,313.185,302.09,"1,720,341",86.88,0.46
05/19/2026,1630,HYG,79.35,-.19,-0.24%,79.41,79.45,79.23,"42,904,719",38.24,0.07
05/19/2026,1630,HYLS,40.69,-.15,-0.37%,40.73,40.74,40.63,"265,730",40.68,NaN
05/19/2026,1630,IAK,134.08,-.558,-0.41%,134.56,135.55,133.8822,"45,367",59.48,0.15
05/19/2026,1630,IBB,164.19,+.16,+0.10%,163.41,165.34,162.08,"2,054,868",38.88,0.24
05/19/2026,1630,IBIT,43.50,-.03,-0.07%,43.34,43.63,43.075,"25,399,861",47.6,0.44
05/19/2026,1630,IDX,11.40,-.55,-4.60%,11.65,11.70,11.38,"404,290",20.76,NaN
05/19/2026,1630,IDXX,546.49,+.70,+0.13%,547.99,561.28,543.72,"719,671",44.83,0.3
05/19/2026,1630,IEF,93.11,-.36,-0.39%,93.13,93.27,92.945,"10,069,810",27.6,0.08
05/19/2026,1630,IFF,71.99,-1.71,-2.32%,71.86,72.86,71.52,"2,454,208",45.52,0.32
05/19/2026,1630,IGLB,48.61,-.30,-0.61%,48.61,48.77,48.49,"1,329,753",32.53,0.1
05/19/2026,1630,IGSB,52.17,-.08,-0.15%,52.19,52.22,52.13,"3,172,087",33.64,0.03
05/19/2026,1630,IIGD,24.34,-.0548,-0.22%,24.30,24.34,24.30,635,27.96,NaN
05/19/2026,1630,IJT,157.42,-1.39,-0.88%,157.88,158.56,156.7551,"221,303",46.52,0.19
05/19/2026,1630,ILMN,141.68,+.17,+0.12%,142.28,142.79,139.13,"1,537,522",58.95,0.44
05/19/2026,1630,INDA,47.27,-.57,-1.19%,47.17,47.46,47.13,"5,910,325",38.25,0.25
05/19/2026,1630,INDY,41.75,-.56,-1.32%,41.71,41.92,41.69,"106,106",36.17,0.25
05/19/2026,1630,INFL,53.14,+.01,+0.02%,53.08,53.44,52.84,"274,495",52.14,0.2
05/19/2026,1630,INMD,13.97,-.13,-0.92%,14.07,14.105,13.91,"760,698",48.42,0.42
05/19/2026,1630,INTC,110.80,+2.63,+2.43%,106.98,113.0699,102.40,"150,234,892",63.31,0.89
05/19/2026,1630,INVH,28.66,-.09,-0.31%,28.59,28.78,28.265,"5,727,157",60.66,0.26
05/19/2026,1630,IONQ,48.44,-.87,-1.76%,47.64,49.44,45.51,"22,196,997",52.69,0.96
05/19/2026,1630,IPO,49.30,+.33,+0.67%,48.41,49.79,48.37,"15,767",53.42,0.33
05/19/2026,1630,IRM,123.52,-.44,-0.35%,123.12,124.755,122.05,"964,737",54.26,0.35
05/19/2026,1630,IRT,16.50,+.24,+1.48%,16.21,16.52,16.115,"2,300,677",59.94,NaN
05/19/2026,1630,ITA,218.32,-1.91,-0.87%,218.90,219.98,216.49,"988,415",44.29,0.27
05/19/2026,1630,ITB,86.23,-1.28,-1.46%,86.80,87.02,84.98,"2,737,764",33.87,0.37
05/19/2026,1630,ITW,247.37,-2.09,-0.84%,248.15,248.675,244.3742,"1,818,361",35.35,0.25
05/19/2026,1630,IVOL,18.00,-.02,-0.11%,17.95,18.0098,17.865,"267,529",29.38,0.34
05/19/2026,1630,IWC,176.56,-1.99,-1.11%,177.45,178.35,174.44,"119,856",45.38,0.26
05/19/2026,1630,IWF,123.07,-1.03,-0.83%,123.46,123.97,122.695,"4,730,778",62.18,0.23
05/19/2026,1630,IWM,273.00,-2.97,-1.08%,273.805,275.075,270.63,"30,276,939",46.67,0.26
05/19/2026,1630,IWN,204.23,-1.85,-0.90%,205.08,205.48,202.81,"777,595",46.68,0.23
05/19/2026,1630,IWO,353.23,-4.35,-1.22%,353.80,356.24,349.29,"492,321",46.81,0.27
05/19/2026,1630,J,112.89,-.72,-0.63%,114.51,115.3151,112.50,"1,022,981",38.36,0.34
05/19/2026,1630,JACK,11.44,+.66,+6.12%,10.80,11.46,10.64,"843,234",42.54,0.84
05/19/2026,1630,JBHT,256.53,-4.93,-1.89%,258.92,261.37,253.86,"883,529",60.57,0.38
05/19/2026,1630,JBLU,4.38,-.20,-4.37%,4.53,4.55,4.37,"18,277,045",38.48,0.82
05/19/2026,1630,JBSAY,14.44,0,0.00%,0,0,0,<empty>,49.84,NaN
05/19/2026,1630,JETS,24.81,-.74,-2.90%,25.32,25.32,24.79,"3,091,805",39.62,0.5
05/19/2026,1630,JNJ,230.00,+1.08,+0.47%,228.935,230.85,228.04,"9,677,943",51.35,0.25
05/19/2026,1630,JNK,95.54,-.23,-0.24%,95.62,95.645,95.39,"2,057,080",37.71,0.06
05/19/2026,1630,JOBY,10.00,-.35,-3.38%,10.12,10.1898,9.77,"24,612,334",52.61,0.82
05/19/2026,1630,JOE,63.15,-1.18,-1.83%,64.11,64.43,62.775,"124,184",40.87,0.32
05/19/2026,1630,JOET,42.4531,-.3669,-0.86%,42.50,42.6756,42.31,"10,490",46.68,0.25
05/19/2026,1630,JPM,295.70,-5.03,-1.67%,301.09,301.79,295.26,"8,066,927",40.45,0.26
05/19/2026,1630,JPXN,97.36,-.85,-0.87%,97.1868,97.80,96.79,"7,137",51.93,NaN
05/19/2026,1630,JYNT,8.72,-.01,-0.11%,8.72,8.9303,8.60,"48,737",50.93,0.08
05/19/2026,1630,K,83.44,0,0.00%,0,0,0,<empty>,60.53,0.1
05/19/2026,1630,KBA,33.2697,-.2003,-0.60%,33.31,33.34,33.16,"366,526",50.8,0.22
05/19/2026,1630,KBWP,121.32,-.2941,-0.24%,121.225,122.92,121.07,"9,020",56.5,0.1
05/19/2026,1630,KCE,149.61,-2.68,-1.76%,152.12,152.12,149.59,"7,724",48.0,0.18
05/19/2026,1630,KDP,28.85,-.58,-1.97%,29.49,29.665,28.81,"12,356,571",55.34,0.27
05/19/2026,1630,KEMX,47.0574,-.6226,-1.31%,46.76,47.50,46.42,"7,088",51.18,0.34
05/19/2026,1630,KHC,23.28,-.07,-0.30%,23.365,23.585,23.005,"13,737,202",55.17,0.3
05/19/2026,1630,KLAC,1740.58,-15.87,-0.90%,1708.678,1765.00,1690.28,"1,117,292",47.92,0.55
05/19/2026,1630,KMX,36.27,-.78,-2.11%,37.00,37.28,36.27,"2,739,974",38.59,0.71
05/19/2026,1630,KNX,68.37,-.90,-1.30%,68.62,69.18,67.29,"3,306,351",61.9,0.38
05/19/2026,1630,KO,81.92,+.72,+0.89%,81.405,82.6635,81.26,"16,595,249",71.71,0.2
05/19/2026,1630,KR,70.60,+2.28,+3.34%,68.85,71.71,68.82,"7,840,256",61.1,0.33
05/19/2026,1630,KRE,67.56,-.36,-0.53%,67.72,67.955,67.08,"12,121,186",45.16,0.31
05/19/2026,1630,KSA,38.49,+.13,+0.34%,38.37,38.59,38.32,"439,294",44.51,0.22
05/19/2026,1630,KSS,11.74,+.02,+0.17%,11.76,11.84,11.425,"4,075,082",31.4,0.91
05/19/2026,1630,KVUE,17.15,-.03,-0.17%,17.20,17.39,17.04,"18,907,940",44.61,0.2
05/19/2026,1630,KW,11.00,-.03,-0.27%,11.01,11.015,10.99,"884,816",60.12,0.15
05/19/2026,1630,KWEB,28.28,+.22,+0.78%,28.21,28.505,28.145,"27,709,573",43.97,0.34
05/19/2026,1630,LAMR,149.41,+1.92,+1.30%,148.05,149.77,146.565,"664,575",62.75,0.27
05/19/2026,1630,LCID,5.61,-.12,-2.09%,5.695,5.71,5.59,"11,732,604",33.24,0.89
05/19/2026,1630,LEVI,20.78,-.18,-0.86%,20.88,20.95,20.4515,"2,236,551",39.23,0.38
05/19/2026,1630,LFMD,4.30,+.06,+1.42%,4.22,4.42,4.20,"651,428",48.01,0.89
05/19/2026,1630,LFST,7.73,-.07,-0.90%,7.87,7.90,7.695,"3,430,552",54.65,0.31
05/19/2026,1630,LH,253.69,-1.88,-0.74%,253.54,255.63,251.06,"528,765",41.85,0.28
05/19/2026,1630,LI,16.18,-.51,-3.06%,15.925,16.315,15.84,"8,395,037",35.49,0.55
05/19/2026,1630,LII,482.69,-18.72,-3.73%,494.43,494.43,479.65,"350,870",41.09,0.4
05/19/2026,1630,LIN,506.07,-4.79,-0.94%,508.71,510.37,504.80,"2,104,892",52.64,0.25
05/19/2026,1630,LIT,81.78,-1.25,-1.51%,81.67,82.43,80.57,"456,820",43.33,0.4
05/19/2026,1630,LLY,1021.41,+33.32,+3.37%,989.51,1021.80,984.60,"3,796,015",62.21,0.35
05/19/2026,1630,LMND,53.97,-.51,-0.94%,53.88,54.40,51.80,"1,304,057",42.4,0.69
05/19/2026,1630,LMT,526.63,-1.68,-0.32%,527.505,530.26,523.48,"1,107,577",41.8,0.32
05/19/2026,1630,LNG,246.77,-.97,-0.39%,247.84,248.435,245.10,"2,224,289",42.91,0.35
05/19/2026,1630,LOGI,103.66,-1.55,-1.47%,104.47,104.755,102.515,"692,489",55.92,0.38
05/19/2026,1630,LOTMY,29.7000,-.355,-1.18%,29.6600,29.9000,29.4400,"12,651",45.31,NaN
05/19/2026,1630,LOW,218.37,+.35,+0.16%,216.01,220.05,213.50,"3,343,884",35.41,0.37
05/19/2026,1630,LQD,107.12,-.54,-0.50%,107.216,107.40,106.93,"36,965,511",31.88,0.07
05/19/2026,1630,LRCX,273.38,-4.58,-1.65%,267.95,278.73,263.71,"8,308,623",51.23,0.68
05/19/2026,1630,LUV,37.35,-1.01,-2.63%,37.88,37.98,37.23,"4,766,771",39.31,0.55
05/19/2026,1630,LUXE,6.87,-.92,-11.81%,7.29,7.56,6.54,"1,848,417",26.87,0.79
05/19/2026,1630,LVS,49.92,-.27,-0.54%,50.68,51.26,49.78,"5,103,908",35.5,0.38
05/19/2026,1630,LW,42.19,-1.46,-3.34%,43.58,43.90,42.08,"1,464,915",47.19,0.36
05/19/2026,1630,LYB,73.04,-1.09,-1.47%,74.93,74.99,71.89,"2,850,143",49.48,0.49
05/19/2026,1630,LYFT,13.18,-.19,-1.42%,13.445,13.67,13.075,"15,149,661",40.32,0.54
05/19/2026,1630,LYV,163.01,-4.48,-2.67%,166.46,166.76,163.01,"2,494,117",51.87,0.34
05/19/2026,1630,M,19.05,+.53,+2.86%,18.50,19.15,18.36,"6,462,942",50.31,0.6
05/19/2026,1630,MA,499.70,-6.09,-1.20%,507.56,512.90,498.50,"3,378,299",48.85,0.26
05/19/2026,1630,MAC,21.93,+.06,+0.27%,21.74,22.115,21.56,"3,310,650",55.2,0.33
05/19/2026,1630,MAR,358.69,-.49,-0.14%,357.96,362.59,354.355,"1,656,031",54.67,0.31
05/19/2026,1630,MARA,12.44,+.26,+2.13%,11.875,12.585,11.53,"35,290,905",56.2,0.95
05/19/2026,1630,MCD,280.80,-1.67,-0.59%,283.40,285.32,280.29,"4,087,481",38.49,0.22
05/19/2026,1630,MCHP,91.81,-.95,-1.02%,90.45,93.59,90.00,"7,350,438",54.78,0.52
05/19/2026,1630,MCK,761.89,-14.08,-1.81%,780.00,782.48,761.89,"1,264,563",38.4,0.27
05/19/2026,1630,MCO,434.49,-8.92,-2.01%,445.74,448.00,434.29,"1,316,429",42.89,0.31
05/19/2026,1630,MCW,7.10,0,0.00%,0,0,0,<empty>,66.52,NaN
05/19/2026,1630,MDB,334.68,+4.68,+1.42%,338.63,349.21,331.01,"1,880,351",74.33,0.93
05/19/2026,1630,MDLZ,61.29,-.35,-0.57%,61.495,62.59,61.04,"6,717,187",58.53,0.24
05/19/2026,1630,MELI,1594.86,+8.95,+0.56%,1583.89,1625.00,1572.92,"558,157",39.36,0.37
05/19/2026,1630,META,602.61,-8.60,-1.41%,608.92,613.93,600.55,"11,749,947",41.46,0.34
05/19/2026,1630,MGM,36.02,-1.07,-2.88%,37.00,37.17,36.01,"4,943,886",38.02,0.42
05/19/2026,1630,MGPI,17.80,-.47,-2.57%,18.18,18.2499,17.68,"128,454",37.28,0.54
05/19/2026,1630,MICC,15.49,-.25,-1.59%,15.59,15.715,15.48,"1,261,311",56.41,0.44
05/19/2026,1630,MKOR,58.33,-1.23,-2.07%,56.87,59.50,56.61,"19,512",52.35,0.44
05/19/2026,1630,MLCO,5.44,-.09,-1.63%,5.51,5.55,5.43,"1,738,595",45.22,0.63
05/19/2026,1630,MLM,532.65,-23.13,-4.16%,548.07,551.74,525.38,"851,957",22.73,0.29
05/19/2026,1630,MNDY,78.005,-.035,-0.04%,79.70,82.87,76.71,"2,268,193",58.36,0.72
05/19/2026,1630,MNSO,14.11,-.11,-0.77%,14.09,14.3435,14.09,"379,760",37.87,0.6
05/19/2026,1630,MNST,86.35,-2.19,-2.47%,87.53,88.035,86.175,"4,725,159",66.25,0.26
05/19/2026,1630,MO,74.00,+.28,+0.38%,73.65,74.41,73.1014,"6,179,986",66.07,0.24
05/19/2026,1630,MOH,184.38,-.50,-0.27%,183.97,188.45,180.8601,"853,388",57.41,0.47
05/19/2026,1630,MOO,81.02,-.59,-0.72%,81.55,81.55,80.67,"328,028",39.46,0.21
05/19/2026,1630,MOVE:GIF,85.3218,0,0.00%,0,0,0,<empty>,60.98,NaN
05/19/2026,1630,MP,54.93,-1.74,-3.07%,56.26,56.67,54.51,"5,088,237",38.18,0.71
05/19/2026,1630,MPC,263.02,+3.49,+1.34%,260.83,263.495,256.6476,"1,770,656",66.68,0.4
05/19/2026,1630,MPLX,55.59,+.15,+0.27%,55.28,55.94,55.14,"1,217,528",50.08,0.24
05/19/2026,1630,MPNGY,21.15,+.375,+1.81%,21.055,21.17,20.94,"196,449",47.96,NaN
05/19/2026,1630,MRNA,45.72,-2.39,-4.97%,47.61,47.64,45.625,"5,455,571",39.26,0.77
05/19/2026,1630,MRVL,176.27,+7.34,+4.34%,164.61,181.64,162.852,"25,003,284",62.91,1.0
05/19/2026,1630,MSFT,417.42,-6.12,-1.44%,429.90,432.70,416.49,"33,018,678",54.17,0.31
05/19/2026,1630,MSGS,353.16,+1.32,+0.38%,352.85,355.45,346.08,"196,210",64.62,0.3
05/19/2026,1630,MSM,103.85,-.81,-0.77%,104.03,104.12,101.50,"632,886",57.43,0.32
05/19/2026,1630,MSTR,164.63,-2.00,-1.20%,163.99,168.49,163.50,"10,001,991",47.38,0.74
05/19/2026,1630,MTCH,35.35,-.53,-1.48%,35.88,36.28,35.32,"3,144,648",48.76,0.35
05/19/2026,1630,MTDR,61.71,+.90,+1.48%,61.82,62.13,60.63,"1,289,683",57.31,0.46
05/19/2026,1630,MTUM,292.59,-1.73,-0.59%,290.19,295.82,287.38,"1,384,840",56.68,0.31
05/19/2026,1630,MU,698.74,+17.20,+2.52%,665.58,725.95,652.21,"61,792,066",61.29,0.94
05/19/2026,1630,MUR,40.34,-.10,-0.25%,40.80,40.84,39.83,"1,215,460",54.57,0.57
05/19/2026,1630,MUSA,569.58,+4.24,+0.75%,566.12,575.16,561.16,"189,750",57.45,0.39
05/19/2026,1630,MZTI,113.89,+.91,+0.81%,113.39,114.68,111.715,"280,526",30.66,0.25
05/19/2026,1630,N225:JP,59804.73,-745.86,-1.23%,60567.27,60567.27,59292.25,<empty>,50.12,NaN
05/19/2026,1630,NBIS,197.73,-2.13,-1.07%,191.00,202.8099,183.00,"16,832,930",60.57,1.19
05/19/2026,1630,NBIX,154.36,-2.85,-1.81%,156.59,156.88,153.27,"1,386,480",66.54,0.33
05/19/2026,1630,NCLH,14.79,-.47,-3.08%,15.05,15.09,14.5301,"21,102,115",28.34,0.6
05/19/2026,1630,NEE,90.06,+1.02,+1.15%,88.95,90.27,87.36,"25,749,425",40.5,0.27
05/19/2026,1630,NEM,105.09,-4.76,-4.33%,107.20,108.11,104.13,"9,508,992",40.26,0.48
05/19/2026,1630,NET,206.73,+4.98,+2.47%,203.25,208.67,200.42,"3,576,679",49.91,0.64
05/19/2026,1630,NFLX,89.33,-.32,-0.36%,90.14,91.48,88.69,"34,545,729",44.91,0.34
05/19/2026,1630,NIKL,14.67,-.75,-4.86%,15.05,15.08,14.57,"249,384",30.57,NaN
05/19/2026,1630,NKE,42.42,-.15,-0.35%,42.60,43.20,41.812,"22,957,907",35.45,0.41
05/19/2026,1630,NLR,125.06,-2.47,-1.94%,126.59,126.715,123.58,"483,185",35.41,0.38
05/19/2026,1630,NNN,44.84,+.51,+1.15%,44.33,44.945,44.0799,"2,228,641",58.81,0.23
05/19/2026,1630,NOAH,10.22,-.06,-0.58%,10.37,10.40,10.12,"71,796",41.37,0.54
05/19/2026,1630,NORW,39.11,+.12,+0.31%,39.00,39.37,38.88,"38,211",61.59,NaN
05/19/2026,1630,NOW,101.83,-1.59,-1.54%,110.14,110.83,100.7723,"55,624,414",58.7,0.67
05/19/2026,1630,NSA,41.65,+.14,+0.34%,41.27,41.715,40.735,"718,598",48.86,0.49
05/19/2026,1630,NSC,318.20,-1.88,-0.59%,318.76,321.07,316.07,"1,094,528",59.85,0.26
05/19/2026,1630,NSP,31.46,+.01,+0.03%,31.51,33.45,31.10,"856,914",53.25,0.67
05/19/2026,1630,NSSC,35.82,-.26,-0.72%,36.05,36.285,35.2201,"286,231",28.65,0.49
05/19/2026,1630,NTLA,11.94,-.75,-5.91%,12.27,12.42,11.84,"5,520,815",39.3,0.88
05/19/2026,1630,NTR,71.59,-.03,-0.04%,71.44,72.23,70.28,"2,216,660",46.69,0.35
05/19/2026,1630,NUE,221.73,-4.75,-2.10%,222.93,223.78,219.49,"1,332,062",56.42,0.37
05/19/2026,1630,NVDA,220.61,-1.71,-0.77%,219.62,224.48,217.91,"140,948,207",59.95,0.5
05/19/2026,1630,NVO,44.28,0,0.00%,44.36,44.84,44.08,"9,704,429",56.39,0.41
05/19/2026,1630,NXPI,294.28,+2.60,+0.89%,285.68,298.63,285.68,"2,904,757",65.46,0.51
05/19/2026,1630,NYT,75.26,-1.42,-1.85%,76.90,77.18,74.57,"1,954,281",41.01,0.3
05/19/2026,1630,O,62.09,+.38,+0.62%,61.55,62.435,61.38,"4,300,921",45.91,0.19
05/19/2026,1630,OC,107.95,-4.25,-3.79%,110.95,111.42,106.44,"1,926,113",33.9,0.42
05/19/2026,1630,OIH,451.02,-2.90,-0.64%,455.10,456.00,446.86,"392,955",65.06,0.36
05/19/2026,1630,OKE,95.24,+1.48,+1.58%,94.21,95.65,93.4125,"4,539,239",67.8,0.32
05/19/2026,1630,OKLO,55.88,-2.68,-4.58%,56.73,57.77,53.955,"11,768,833",40.19,0.95
05/19/2026,1630,OKTA,85.70,-1.34,-1.54%,88.74,90.00,85.61,"3,121,390",62.48,0.82
05/19/2026,1630,OLLI,79.69,-1.68,-2.06%,81.91,81.91,79.22,"1,364,624",40.64,0.59
05/19/2026,1630,OMF,52.90,-.63,-1.18%,53.71,53.71,52.35,"1,140,327",38.33,0.32
05/19/2026,1630,ON,106.02,-3.41,-3.12%,105.53,109.25,104.05,"11,708,912",59.48,0.66
05/19/2026,1630,ONEW,10.14,-.20,-1.93%,10.30,10.30,9.915,"87,211",44.59,0.71
05/19/2026,1630,ONON,37.34,-.76,-1.99%,38.17,38.30,37.04,"5,243,533",56.54,0.48
05/19/2026,1630,ONTO,248.08,-6.45,-2.53%,248.48,251.28,238.12,"4,993,246",39.11,0.72
05/19/2026,1630,ORCL,181.46,-5.15,-2.76%,186.00,188.7248,180.93,"16,717,712",52.07,0.75
05/19/2026,1630,ORLY,91.92,+.18,+0.20%,92.00,93.11,91.165,"4,813,086",48.49,0.28
05/19/2026,1630,OSCR,24.52,-.78,-3.08%,25.00,25.10,24.21,"6,700,121",78.34,0.8
05/19/2026,1630,OSK,119.11,-2.84,-2.33%,120.68,121.265,116.77,"985,540",29.01,0.46
05/19/2026,1630,OTLY,9.85,-.06,-0.61%,9.84,9.98,9.74,"34,148",32.24,0.62
05/19/2026,1630,OUT,32.11,+.15,+0.47%,31.88,32.215,31.29,"1,582,593",58.04,0.22
05/19/2026,1630,OVX:CGI,72.89,+.82,+1.14%,72.76,73.00,71.34,<empty>,46.25,NaN
05/19/2026,1630,OXLC,9.76,-.16,-1.61%,9.54,9.865,9.49,"1,630,068",42.98,NaN
05/19/2026,1630,OXM,37.73,-.94,-2.43%,38.44,38.44,37.455,"241,146",37.03,0.74
05/19/2026,1630,OXY,60.70,+1.00,+1.68%,60.13,60.94,59.63,"12,682,631",59.25,0.39
05/19/2026,1630,PAG,156.46,-3.29,-2.06%,158.66,160.57,155.38,"347,137",39.89,0.35
05/19/2026,1630,PALL,24.55,-1.02,-3.99%,25.01,25.1353,24.46,"904,910",33.72,0.38
05/19/2026,1630,PAM,82.41,-.36,-0.43%,82.34,84.0525,81.375,"235,195",51.12,0.43
05/19/2026,1630,PATH,10.55,-.09,-0.85%,10.96,11.30,10.415,"42,360,466",50.6,0.96
05/19/2026,1630,PBD,20.38,-.62,-2.95%,20.63,20.63,20.16,"123,474",47.25,0.42
05/19/2026,1630,PBH,46.44,-.16,-0.34%,46.46,47.875,45.57,"860,055",26.76,0.33
05/19/2026,1630,PBJ,48.4191,-.1159,-0.24%,48.37,48.98,48.37,"8,430",43.0,NaN
05/19/2026,1630,PBR,20.41,-.29,-1.40%,20.33,20.56,20.12,"22,260,444",48.43,0.42
05/19/2026,1630,PCAR,109.38,-2.30,-2.06%,110.97,111.205,108.73,"2,764,976",33.46,0.28
05/19/2026,1630,PD,6.89,-.06,-0.86%,7.165,7.26,6.77,"1,607,531",51.11,1.17
05/19/2026,1630,PDD,97.34,+2.37,+2.50%,95.055,97.55,94.97,"6,233,218",47.06,0.46
05/19/2026,1630,PEB,14.28,-.16,-1.11%,14.44,14.46,14.24,"1,809,431",55.17,0.48
05/19/2026,1630,PECO,39.58,-.42,-1.05%,40.12,40.13,39.55,"1,024,309",52.22,0.34
05/19/2026,1630,PENN,16.12,-.36,-2.18%,16.51,16.65,16.045,"2,331,449",49.17,0.49
05/19/2026,1630,PEP,150.37,+1.31,+0.88%,150.30,152.57,148.97,"10,093,898",42.34,0.25
05/19/2026,1630,PFE,25.66,+.33,+1.30%,25.30,25.96,25.24,"41,036,716",39.65,0.24
05/19/2026,1630,PFF,30.97,-.19,-0.61%,31.088,31.09,30.93,"3,081,750",40.01,0.13
05/19/2026,1630,PFG,101.14,-1.26,-1.23%,102.36,102.54,100.59,"1,040,991",60.6,0.31
05/19/2026,1630,PFIG,23.725,-.045,-0.19%,23.70,23.74,23.69,"23,628",29.72,NaN
05/19/2026,1630,PFIX,51.82,+.38,+0.74%,51.52,52.05,51.255,"618,307",73.01,0.24
05/19/2026,1630,PG,141.30,-1.09,-0.77%,142.47,143.705,140.85,"8,355,788",40.97,0.23
05/19/2026,1630,PGNY,24.60,+.55,+2.29%,24.46,25.10,24.25,"2,161,417",75.6,0.38
05/19/2026,1630,PGRO,46.9749,-.4432,-0.93%,47.18,47.19,46.895,"6,455",59.55,NaN
05/19/2026,1630,PINK,36.36,-.12,-0.33%,36.29,36.74,36.21,"26,309",59.94,0.23
05/19/2026,1630,PINS,18.84,-1.09,-5.47%,20.14,20.41,18.46,"17,253,344",42.29,0.56
05/19/2026,1630,PJP,106.0988,+1.0488,+1.00%,105.28,106.28,105.00,"5,144",51.79,0.1
05/19/2026,1630,PK,11.00,-.09,-0.81%,11.05,11.14,10.8207,"4,090,215",48.44,0.51
05/19/2026,1630,PKB,98.7333,-2.1152,-2.10%,99.80,100.00,98.31,"16,171",35.09,0.28
05/19/2026,1630,PLAY,10.72,+.32,+3.08%,10.24,11.00,9.99,"1,319,101",44.25,1.01
05/19/2026,1630,PLD,142.44,+.13,+0.09%,141.93,142.63,140.79,"3,523,094",54.43,0.25
05/19/2026,1630,PLNT,51.65,-2.48,-4.58%,54.255,55.03,51.28,"3,988,533",34.6,0.55
05/19/2026,1630,PLTR,135.26,+.12,+0.09%,135.17,137.47,133.60,"29,777,288",45.18,0.52
05/19/2026,1630,PM,191.57,+.07,+0.04%,191.00,193.05,188.5376,"5,743,199",73.29,0.3
05/19/2026,1630,PNC,213.27,-.45,-0.21%,213.13,215.34,211.35,"1,319,160",43.79,0.27
05/19/2026,1630,PNDRY,10.41,+.09,+0.87%,10.40,10.56,10.33,"97,203",58.51,NaN
05/19/2026,1630,POET,13.07,-1.14,-8.02%,13.78,13.83,11.8201,"76,703,190",54.65,1.68
05/19/2026,1630,POOL,178.54,-2.85,-1.57%,181.47,181.99,177.535,"949,870",31.53,0.4
05/19/2026,1630,PPLT,17.42,-.42,-2.35%,17.47,17.69,17.39,"1,638,645",41.21,0.33
05/19/2026,1630,PR,21.22,+.30,+1.43%,21.14,21.26,20.82,"9,154,025",56.01,0.4
05/19/2026,1630,PRAA,14.71,-.15,-1.01%,15.09,15.09,14.4919,"548,298",24.96,0.98
05/19/2026,1630,PRGO,10.61,-.07,-0.66%,10.69,10.815,10.525,"2,530,638",40.26,0.49
05/19/2026,1630,PRMB,22.48,-1.02,-4.34%,23.44,23.6911,22.37,"3,451,691",58.11,0.42
05/19/2026,1630,PRVA,23.29,-.40,-1.69%,23.79,23.9499,23.27,"879,047",49.22,0.36
05/19/2026,1630,PSA,297.47,+1.32,+0.45%,294.44,298.02,289.21,"1,036,817",47.22,0.29
05/19/2026,1630,PSCE,63.8292,+.0692,+0.11%,64.00,64.30,63.15,"27,208",62.21,0.28
05/19/2026,1630,PSCI,161.8017,-3.4751,-2.10%,164.09,164.09,161.8017,"3,159",38.06,0.22
05/19/2026,1630,PSCU,63.2524,-.4082,-0.64%,63.41,63.41,63.2524,910,44.55,NaN
05/19/2026,1630,PSP,58.74,-.9809,-1.64%,59.86,59.86,58.67,"53,832",40.71,0.19
05/19/2026,1630,PSX,182.38,+2.58,+1.43%,181.01,183.6999,177.7574,"2,842,200",62.57,0.38
05/19/2026,1630,PTLO,3.98,+.05,+1.27%,3.92,4.08,3.875,"2,276,690",28.27,0.64
05/19/2026,1630,PVH,79.42,-.91,-1.13%,79.80,80.34,78.35,"753,640",38.73,0.63
05/19/2026,1630,PYPL,43.83,-.555,-1.25%,44.38,45.02,43.81,"13,711,820",32.67,0.36
05/19/2026,1630,PZZA,33.35,+.36,+1.09%,32.92,33.77,32.68,"879,711",45.9,0.6
05/19/2026,1630,QAT,18.2496,-.3304,-1.78%,18.58,18.67,18.18,"40,841",30.47,NaN
05/19/2026,1630,QBTS,18.19,-.87,-4.56%,18.77,19.1348,17.735,"21,512,861",43.23,0.97
05/19/2026,1630,QCOM,195.61,-8.03,-3.94%,196.855,201.50,191.02,"19,605,198",58.38,0.7
05/19/2026,1630,QMOM,75.14,-.9454,-1.24%,75.19,75.78,73.80,"25,225",46.2,0.23
05/19/2026,1630,QQQ,701.53,-4.35,-0.62%,699.81,706.49,695.25,"46,827,529",65.6,0.25
05/19/2026,1630,QS,7.30,-.27,-3.57%,7.475,7.54,7.13,"12,217,385",47.35,0.9
05/19/2026,1630,QSR,75.77,+.08,+0.11%,75.72,76.36,75.29,"2,305,801",42.76,0.25
05/19/2026,1630,QTUM,140.63,-1.34,-0.94%,139.00,142.23,137.66,"528,914",58.89,0.36
05/19/2026,1630,QUBT,9.22,-.495,-5.10%,9.55,9.77,9.14,"11,586,652",47.95,0.99
05/19/2026,1630,R,228.21,-3.34,-1.44%,230.73,232.12,227.215,"372,613",47.26,0.4
05/19/2026,1630,RBLX,44.45,-2.53,-5.39%,47.08,47.53,43.88,"14,107,954",40.1,0.71
05/19/2026,1630,RCL,247.20,-5.39,-2.13%,250.00,250.01,241.175,"3,668,980",38.98,0.54
05/19/2026,1630,RDNT,53.35,-.82,-1.51%,54.00,54.265,52.605,"411,713",38.93,0.6
05/19/2026,1630,REAL,8.97,-.49,-5.18%,9.40,9.41,8.89,"3,094,120",35.49,0.93
05/19/2026,1630,REG,77.34,+.01,+0.01%,77.37,77.59,76.90,"1,313,900",45.99,0.19
05/19/2026,1630,REGN,630.30,+.62,+0.10%,630.49,639.9899,616.02,"1,445,135",26.2,0.33
05/19/2026,1630,REXR,35.01,-.26,-0.74%,35.23,35.31,34.65,"1,947,580",45.66,0.27
05/19/2026,1630,REZ,91.09,+.66,+0.73%,90.47,91.10,90.05,"30,636",58.13,0.12
05/19/2026,1630,RGTI,15.96,-.66,-3.97%,16.275,16.76,15.46,"20,581,364",42.77,0.94
05/19/2026,1630,RH,122.14,+1.42,+1.18%,119.01,122.90,113.60,"1,054,206",39.79,0.85
05/19/2026,1630,RHP,108.84,+.34,+0.31%,108.22,109.72,107.275,"688,365",61.75,0.26
05/19/2026,1630,RIOT,22.645,-.535,-2.31%,22.635,23.115,21.73,"14,841,006",59.72,0.92
05/19/2026,1630,RIVN,12.90,-.45,-3.37%,13.23,13.255,12.65,"41,231,762",30.25,0.64
05/19/2026,1630,ROBO,82.51,-1.73,-2.05%,82.50,83.09,81.3601,"640,265",53.04,0.27
05/19/2026,1630,ROK,422.29,-14.07,-3.22%,430.62,431.11,418.84,"778,001",48.99,0.33
05/19/2026,1630,ROKU,120.58,-3.57,-2.88%,123.60,124.40,119.59,"2,425,002",53.57,0.49
05/19/2026,1630,ROST,212.68,+1.60,+0.76%,211.00,214.045,208.20,"2,654,775",39.86,0.4
05/19/2026,1630,RRC,43.12,+.76,+1.79%,42.66,43.31,42.01,"2,170,890",56.62,0.39
05/19/2026,1630,RRR,51.59,-.53,-1.02%,52.13,52.64,51.48,"471,962",39.83,0.4
05/19/2026,1630,RSI,28.00,+.33,+1.19%,27.70,28.042,27.30,"1,228,945",64.47,0.53
05/19/2026,1630,RSP,201.62,-1.18,-0.58%,201.98,202.63765,200.91,"10,548,898",49.97,0.17
05/19/2026,1630,RSPG,110.70,+1.31,+1.20%,109.96,111.03,108.97,"129,967",64.11,0.26
05/19/2026,1630,RSPU,78.56,+.84,+1.08%,77.52,78.6328,77.405,"25,311",42.38,0.22
05/19/2026,1630,RTO,31.56,-.65,-2.02%,32.09,32.10,31.535,"606,612",38.37,0.38
05/19/2026,1630,RUT,2747.0739,0,0.00%,0,0,0,<empty>,46.59,0.25
05/19/2026,1630,RVLV,18.39,-.06,-0.33%,18.56,18.86,18.225,"915,202",29.91,0.58
05/19/2026,1630,RVX,24.84,+.21,+0.85%,25.40,25.56,24.38,<empty>,50.88,NaN
05/19/2026,1630,S,17.66,+.12,+0.68%,17.71,18.12,17.40,"9,366,676",70.65,0.78
05/19/2026,1630,SBAC,207.51,+4.17,+2.05%,203.34,208.2425,202.53,"684,376",47.14,0.32
05/19/2026,1630,SBUX,106.38,-.22,-0.21%,105.54,107.555,105.1101,"5,265,844",63.54,0.31
05/19/2026,1630,SCJ,103.78,-.91,-0.87%,103.61,104.36,103.40,"93,105",55.36,0.24
05/19/2026,1630,SE,87.28,-1.01,-1.14%,87.35,88.875,86.002,"3,233,428",49.09,0.53
05/19/2026,1630,SFD,26.07,+.39,+1.52%,25.63,26.12,25.41,"1,521,715",46.36,0.38
05/19/2026,1630,SFM,90.02,+1.63,+1.84%,89.975,94.89,89.21,"4,522,505",68.73,0.47
05/19/2026,1630,SG,8.63,-.02,-0.23%,8.65,8.83,8.31,"6,314,566",74.27,0.8
05/19/2026,1630,SHAK,64.12,+4.43,+7.42%,61.80,64.47,61.4101,"3,192,258",29.4,0.47
05/19/2026,1630,SHEL,88.46,-.13,-0.15%,88.55,88.66,87.67,"7,458,174",52.99,0.27
05/19/2026,1630,SHO,10.29,-.11,-1.06%,10.38,10.41,10.23,"2,434,920",60.18,0.31
05/19/2026,1630,SHOC,102.0274,-.5226,-0.51%,100.72,103.69,99.19,"30,605",59.91,NaN
05/19/2026,1630,SHOO,38.23,-.49,-1.27%,38.60,38.70,37.63,"701,784",50.44,0.59
05/19/2026,1630,SHOP,101.01,-1.38,-1.35%,102.97,104.90,100.72,"11,719,184",38.48,0.58
05/19/2026,1630,SHY,82.04,-.06,-0.07%,82.04,82.07,82.00,"3,046,904",36.45,0.03
05/19/2026,1630,SHYG,42.18,-.08,-0.19%,42.19,42.21,42.115,"1,743,774",38.62,0.07
05/19/2026,1630,SIL,86.49,-4.12,-4.55%,88.19,88.76,85.94,"2,105,598",39.38,0.56
05/19/2026,1630,SILJ,28.17,-1.41,-4.77%,28.98,28.98,27.93,"5,723,251",39.14,0.61
05/19/2026,1630,SITM,693.66,-31.93,-4.40%,677.25,704.66,657.38,"1,029,751",55.97,0.86
05/19/2026,1630,SIVR,70.28,-3.23,-4.39%,70.01,71.22,69.46,"1,342,015",43.4,0.55
05/19/2026,1630,SJM,103.04,-.60,-0.58%,104.27,104.75,102.85,"1,905,223",66.49,0.34
05/19/2026,1630,SKYY,128.11,-1.18,-0.91%,129.17,130.71,127.38,"215,204",62.02,0.35
05/19/2026,1630,SLG,40.57,-2.36,-5.50%,42.53,42.75,40.53,"1,142,890",42.36,0.56
05/19/2026,1630,SLV,66.90,-3.04,-4.35%,66.68,67.80,66.11,"23,057,283",43.42,0.56
05/19/2026,1630,SLX,103.3501,-2.3799,-2.25%,103.84,103.99,102.60,"111,376",49.63,0.25
05/19/2026,1630,SMCI,30.56,-.29,-0.94%,30.27,31.345,29.465,"23,166,924",52.11,0.8
05/19/2026,1630,SMH,543.96,-2.20,-0.40%,534.94,553.339,527.87,"11,905,827",60.91,0.49
05/19/2026,1630,SMIN,65.06,-.05,-0.08%,65.10,65.425,64.80,"95,748",45.28,0.23
05/19/2026,1630,SMPL,11.41,-.39,-3.31%,11.96,12.11,11.37,"1,734,533",36.47,0.76
05/19/2026,1630,SN,101.99,-4.42,-4.15%,106.16,106.305,101.68,"2,363,581",36.4,0.48
05/19/2026,1630,SNAP,5.55,-.12,-2.12%,5.67,5.7725,5.48,"31,837,854",47.55,0.67
05/19/2026,1630,SNDR,32.16,-.21,-0.65%,32.10,32.715,31.63,"892,821",60.48,0.34
05/19/2026,1630,SNOW,169.55,+5.31,+3.23%,172.475,176.98,166.71,"12,357,158",66.43,0.83
05/19/2026,1630,SOFI,15.23,-.48,-3.06%,15.605,15.64,14.92,"63,763,231",38.85,0.6
05/19/2026,1630,SOLZ,8.48,-.0803,-0.94%,8.49,8.56,8.4101,"753,210",44.13,0.52
05/19/2026,1630,SOYB,25.27,+.10,+0.40%,25.38,25.38,25.23,"81,395",59.54,0.18
05/19/2026,1630,SPDN,8.88,+.06,+0.68%,8.85,8.90,8.82,"83,583,078",39.4,NaN
05/19/2026,1630,SPG,200.86,+.44,+0.22%,200.625,202.19,198.64,"1,402,466",50.54,0.25
05/19/2026,1630,SPGI,410.40,-7.01,-1.68%,419.32,422.50,408.84,"2,883,027",41.07,0.31
05/19/2026,1630,SPHD,49.82,+.15,+0.30%,49.64,49.99,49.36,"1,166,735",51.82,0.09
05/19/2026,1630,SPHR,135.33,-2.09,-1.52%,136.73,136.73,132.97,"637,440",52.89,0.56
05/19/2026,1630,SPLV,73.43,+.12,+0.16%,73.17,73.755,72.90,"3,036,486",49.8,0.15
05/19/2026,1630,SPMO,140.63,-.79,-0.56%,139.69,142.27,138.05,"2,167,975",60.03,0.22
05/19/2026,1630,SPOT,441.59,-3.42,-0.77%,443.01,449.64,435.04,"1,890,682",43.32,0.5
05/19/2026,1630,SPX,7353.61,-49.44,-0.67%,7375.75,7395.32,7333.68,<empty>,61.45,0.18
05/19/2026,1630,SPY,733.73,-4.92,-0.67%,734.78,737.65,731.53,"54,255,913",62.09,0.18
05/19/2026,1630,STKL,6.50,0,0.00%,0,0,0,<empty>,65.19,0.18
05/19/2026,1630,STLD,223.37,-5.21,-2.28%,223.28,224.56,219.03,"1,251,209",51.82,0.42
05/19/2026,1630,STZ,146.47,-1.11,-0.75%,147.37,150.09,144.86,"2,126,525",44.58,0.33
05/19/2026,1630,SU,69.65,-.08,-0.11%,69.005,70.20,68.38,"3,332,071",63.44,0.35
05/19/2026,1630,SVV,7.10,-.14,-1.93%,7.34,7.34,7.075,"1,192,880",34.33,0.65
05/19/2026,1630,SWBI,15.19,-.34,-2.19%,15.43,15.46,15.18,"294,928",55.69,0.55
05/19/2026,1630,SWKS,70.35,0,0.00%,69.99,72.36,69.21,"4,897,709",61.45,0.53
05/19/2026,1630,SXT,114.10,+.19,+0.17%,113.00,114.33,110.33,"501,272",56.91,0.38
05/19/2026,1630,SYF,69.39,-1.66,-2.34%,70.90,71.09,69.26,"4,305,788",38.03,0.34
05/19/2026,1630,SYY,75.19,+1.67,+2.27%,73.58,75.79,72.96,"3,642,787",53.92,0.25
05/19/2026,1630,T,24.98,+.55,+2.25%,24.59,24.99,24.42,"39,383,430",42.62,0.25
05/19/2026,1630,TAN,60.97,-1.64,-2.62%,61.88,61.895,59.77,"1,281,412",53.41,0.44
05/19/2026,1630,TAP,41.95,+.27,+0.65%,42.00,42.67,41.47,"2,784,687",46.5,0.33
05/19/2026,1630,TBIL,49.96,+.02,+0.04%,49.955,49.96,49.95,"2,838,255",63.12,NaN
05/19/2026,1630,TCEHY,58.61,+1.18,+2.05%,58.52,58.88,58.355,"2,938,513",40.33,NaN
05/19/2026,1630,TCNNF,7.58,-.44,-5.49%,7.70,8.00,7.50,"371,136",45.54,NaN
05/19/2026,1630,TEAM,86.62,-2.815,-3.15%,92.80,94.50,85.78,"6,642,357",56.81,0.75
05/19/2026,1630,TEVA,34.07,+.04,+0.12%,34.00,34.225,33.69,"3,060,095",51.72,0.41
05/19/2026,1630,TFLO,50.58,0,0.00%,50.58,50.59,50.58,"1,624,615",56.73,0.02
05/19/2026,1630,TGS,30.19,-.55,-1.79%,30.76,31.17,29.78,"380,173",47.48,0.51
05/19/2026,1630,TGT,127.24,+3.84,+3.11%,122.78,127.49,120.245,"10,539,835",55.13,0.47
05/19/2026,1630,THC,191.40,-1.05,-0.55%,190.99,193.47,182.00,"2,182,721",48.52,0.45
05/19/2026,1630,THD,71.04,-.79,-1.10%,71.18,71.61,70.78,"105,630",51.27,0.18
05/19/2026,1630,TIGR,5.82,-.20,-3.32%,6.02,6.07,5.81,"4,423,746",35.21,0.9
05/19/2026,1630,TIP,110.11,-.37,-0.33%,110.15,110.27,109.935,"2,623,684",31.1,0.11
05/19/2026,1630,TJX,150.68,+.43,+0.29%,149.10,152.56,148.71,"8,732,568",41.46,0.26
05/19/2026,1630,TKO,193.07,-1.00,-0.52%,194.86,194.89,189.42,"1,161,308",55.68,0.38
05/19/2026,1630,TKR,109.36,-3.01,-2.68%,111.00,111.00,107.15,"1,294,846",47.3,0.46
05/19/2026,1630,TLT,83.02,-.54,-0.65%,82.96,83.23,82.77,"35,346,602",27.94,0.15
05/19/2026,1630,TME,9.14,+.08,+0.88%,9.01,9.305,8.90,"12,288,131",45.12,0.46
05/19/2026,1630,TMO,447.81,+5.81,+1.31%,442.00,455.00,440.01,"3,418,584",38.93,0.34
05/19/2026,1630,TMUS,193.42,+2.77,+1.45%,193.01,195.01,190.65,"3,606,740",49.42,0.31
05/19/2026,1630,TNET,42.66,-.21,-0.49%,43.46,44.87,42.13,"593,821",56.13,0.63
05/19/2026,1630,TNX:CGI,46.67,+.44,+0.95%,46.17,46.87,46.13,<empty>,73.53,NaN
05/19/2026,1630,TOKE,5.24,0,0.00%,0,0,0,<empty>,45.92,0.88
05/19/2026,1630,TOST,23.22,+.58,+2.56%,22.97,23.77,22.53,"22,078,052",35.56,0.53
05/19/2026,1630,TPB,89.24,+.10,+0.11%,89.19,90.03,86.79,"250,451",55.43,0.54
05/19/2026,1630,TPL,394.57,+7.96,+2.06%,388.17,396.0999,382.515,"313,778",37.67,0.46
05/19/2026,1630,TPR,131.63,+.46,+0.35%,130.15,132.825,129.08,"2,127,567",39.97,0.42
05/19/2026,1630,TPYP,44.38,+.40,+0.91%,43.99,44.4857,43.789615,"94,417",69.13,0.21
05/19/2026,1630,TRIP,9.30,-.23,-2.41%,9.47,9.70,9.21,"3,233,237",31.72,0.64
05/19/2026,1630,TRP,69.39,+.07,+0.10%,69.11,69.725,68.74,"1,735,128",73.94,0.23
05/19/2026,1630,TRU,66.08,-2.52,-3.67%,68.61,69.595,65.97,"3,418,105",39.48,0.5
05/19/2026,1630,TSLA,404.11,-5.88,-1.43%,403.16,405.63,393.63,"46,500,551",50.3,0.51
05/19/2026,1630,TSM,392.61,-3.34,-0.84%,389.51,398.875,385.06,"14,083,037",50.61,0.47
05/19/2026,1630,TSN,66.16,-.52,-0.78%,66.74,66.87,65.535,"2,487,193",51.97,0.25
05/19/2026,1630,TT,448.01,-12.41,-2.70%,457.53,457.53,446.46,"1,293,360",40.47,0.31
05/19/2026,1630,TTD,21.16,-1.11,-4.98%,22.57,23.2399,21.11,"19,886,419",42.63,0.62
05/19/2026,1630,TTE,92.90,-.53,-0.57%,93.46,93.54,92.51,"896,334",57.63,0.28
05/19/2026,1630,TTWO,238.14,-4.02,-1.66%,240.40,242.16,235.90,"1,784,847",68.78,0.63
05/19/2026,1630,TUA,20.47,-.10,-0.49%,20.48,20.52,20.425,"344,170",31.37,0.21
05/19/2026,1630,TUR,40.10,-.42,-1.04%,40.42,40.48,39.89,"529,423",36.79,0.29
05/19/2026,1630,TWLO,195.95,-1.73,-0.88%,199.50,202.4999,195.28,"2,919,092",71.09,0.53
05/19/2026,1630,TXG,22.29,+.84,+3.92%,21.45,22.63,20.88,"2,321,234",52.88,0.75
05/19/2026,1630,TXRH,173.82,-3.32,-1.87%,177.23,177.75,173.69,"1,401,471",56.11,0.26
05/19/2026,1630,TXT,88.18,-2.41,-2.66%,90.38,90.60,87.915,"1,012,407",42.95,0.29
05/19/2026,1630,TYX:CGI,51.81,+.34,+0.66%,51.47,51.97,51.44,<empty>,71.71,NaN
05/19/2026,1630,U,26.20,-.60,-2.24%,27.025,27.2901,25.2106,"9,352,284",51.84,0.69
05/19/2026,1630,UA,5.02,+.09,+1.83%,4.91,5.16,4.78,"3,664,767",33.75,0.53
05/19/2026,1630,UAA,5.14,+.12,+2.39%,5.00,5.28,4.88,"10,606,682",33.92,0.6
05/19/2026,1630,UAE,18.77,+.17,+0.91%,18.82,18.86,18.69,"118,047",43.68,0.27
05/19/2026,1630,UAL,89.12,-3.43,-3.71%,91.09,91.71,88.34,"6,386,416",40.37,0.58
05/19/2026,1630,UBER,74.09,-.99,-1.32%,75.49,76.01,73.96,"17,419,867",46.91,0.38
05/19/2026,1630,UFO,57.07,-.52,-0.90%,56.97,57.46,55.02,"1,000,894",62.32,0.53
05/19/2026,1630,UGA,122.96,+.14,+0.11%,123.80,123.80,121.68,"15,064",65.1,0.61
05/19/2026,1630,UHAL,48.96,-.34,-0.69%,49.37,49.40,48.21,"163,501",41.01,0.21
05/19/2026,1630,UHS,166.45,-2.82,-1.67%,168.61,169.55,161.32,"809,699",38.92,0.33
05/19/2026,1630,UL,57.22,-.08,-0.14%,57.59,58.015,57.18,"3,472,910",44.43,0.25
05/19/2026,1630,ULS,99.99,+.98,+0.99%,99.36,100.455,97.943,"780,980",61.21,0.37
05/19/2026,1630,ULTA,481.56,+1.69,+0.35%,475.33,487.72,469.00,"782,176",30.08,0.54
05/19/2026,1630,UNG,11.90,+.36,+3.12%,11.72,11.94,11.6801,"7,342,894",63.95,0.52
05/19/2026,1630,UNH,389.24,-1.89,-0.48%,390.00,394.99,387.51,"5,016,806",71.77,0.32
05/19/2026,1630,UNP,271.56,-3.57,-1.30%,273.50,275.4799,271.17,"2,578,890",61.89,0.27
05/19/2026,1630,UPBD,17.07,-.16,-0.93%,17.16,17.27,16.71,"603,051",35.01,0.57
05/19/2026,1630,UPS,96.83,+1.30,+1.36%,95.17,96.87,93.86,"5,199,507",40.32,0.29
05/19/2026,1630,UPST,28.08,+.14,+0.50%,28.125,28.59,26.77,"5,436,310",43.63,0.76
05/19/2026,1630,URA,47.20,-1.48,-3.04%,47.96,48.11,46.56,"3,571,020",36.14,0.56
05/19/2026,1630,URBN,68.875,-.735,-1.06%,69.56,70.10,67.61,"1,948,860",49.15,0.65
05/19/2026,1630,URI,927.62,-16.95,-1.79%,942.07,942.07,911.15,"541,178",54.45,0.36
05/19/2026,1630,URNJ,26.06,-.98,-3.62%,26.83,26.83,25.83,"419,379",35.02,0.54
05/19/2026,1630,URNM,57.08,-1.67,-2.84%,58.77,58.77,56.69,"977,983",35.6,0.55
05/19/2026,1630,USCI,101.87,+.36,+0.35%,101.85,102.11,101.41,"15,136",64.25,0.32
05/19/2026,1630,USD/JPY,159.029,-.066,-0.04%,159.057,159.101,158.966,"610,000",59.02,NaN
05/19/2026,1630,USFD,81.25,-.80,-0.98%,81.63,82.125,80.57,"2,936,811",29.84,0.3
05/19/2026,1630,USPH,61.61,-3.43,-5.27%,64.94,65.00,61.41,"218,721",36.9,0.38
05/19/2026,1630,UTI,36.08,-2.98,-7.63%,38.76,39.02,36.02,"682,328",45.98,0.49
05/19/2026,1630,UTZ,7.46,+.12,+1.63%,7.37,7.57,7.21,"3,333,536",47.98,0.5
05/19/2026,1630,UUP,27.79,+.09,+0.32%,27.79,27.81,27.7599,"1,914,825",62.12,0.06
05/19/2026,1630,V,329.91,-2.73,-0.82%,333.33,335.17,329.49,"12,858,128",59.76,0.24
05/19/2026,1630,VET,13.20,+.22,+1.69%,12.95,13.30,12.885,"1,664,985",57.13,0.55
05/19/2026,1630,VFC,16.74,-.15,-0.89%,16.97,17.43,16.615,"18,736,140",36.76,0.71
05/19/2026,1630,VG,14.78,+.61,+4.30%,14.60,14.95,14.07,"17,579,570",61.45,0.77
05/19/2026,1630,VGK,86.41,-.70,-0.80%,86.96,87.01,86.37,"2,511,856",48.79,0.19
05/19/2026,1630,VHT,274.04,+2.62,+0.97%,271.35,275.29,269.75,"193,081",52.68,0.18
05/19/2026,1630,VIK,82.23,-3.83,-4.45%,85.16,85.30,82.17,"3,890,002",51.49,0.5
05/19/2026,1630,VIR,8.53,-.24,-2.74%,8.69,8.83,8.52,"1,867,040",34.41,0.55
05/19/2026,1630,VIX,18.06,+.24,+1.35%,18.01,18.36,17.66,<empty>,46.64,0.95
05/19/2026,1630,VKTX,28.40,-.29,-1.01%,28.69,28.936,28.16,"1,802,449",32.22,0.55
05/19/2026,1630,VLO,262.62,+4.10,+1.59%,259.52,262.89,254.6003,"3,842,015",64.79,0.43
05/19/2026,1630,VLTO,86.47,-.24,-0.28%,86.59,87.76,85.69,"2,219,174",44.91,0.27
05/19/2026,1630,VMC,259.46,-6.87,-2.58%,265.48,265.56,252.42,"1,497,581",28.53,0.29
05/19/2026,1630,VNM,19.11,-.20,-1.04%,19.19,19.26,19.1016,"341,289",52.28,0.22
05/19/2026,1630,VNO,30.32,-1.33,-4.20%,31.64,31.64,30.26,"1,773,455",52.19,0.39
05/19/2026,1630,VRNS,29.77,+.99,+3.44%,29.24,29.89,28.66,"3,931,503",69.48,0.64
05/19/2026,1630,VRT,322.63,-17.10,-5.03%,329.68,334.625,314.34,"9,039,473",47.52,0.72
05/19/2026,1630,VRTX,434.31,-2.27,-0.52%,436.79,444.32,433.15,"1,219,660",47.41,0.28
05/19/2026,1630,VSCO,45.20,+.37,+0.83%,44.25,45.275,43.12,"2,070,541",38.77,0.88
05/19/2026,1630,VTR,88.35,+.21,+0.24%,88.125,88.85,87.915,"4,980,928",57.17,0.21
05/19/2026,1630,VVIX,94.61,+3.43,+3.76%,93.06,96.79,92.46,<empty>,44.57,NaN
05/19/2026,1630,VVV,32.17,-1.07,-3.22%,33.05,33.23,32.12,"1,535,707",43.91,0.45
05/19/2026,1630,VXD,16.48,+.13,+0.80%,16.69,17.11,16.35,<empty>,44.63,NaN
05/19/2026,1630,VXN:CGI,24.09,-.12,-0.50%,24.63,25.08,23.96,<empty>,49.94,NaN
05/19/2026,1630,VXX,27.58,+.38,+1.40%,27.50,27.74,27.21,"8,610,820",40.79,0.7
05/19/2026,1630,VZ,47.74,+.98,+2.10%,46.81,47.79,46.79,"24,593,810",52.95,0.25
05/19/2026,1630,W,57.40,-1.86,-3.14%,57.51,58.00,55.60,"9,719,106",31.87,0.72
05/19/2026,1630,WBD,27.09,-.01,-0.04%,27.01,27.24,27.01,"9,800,721",46.5,0.17
05/19/2026,1630,WCLD,29.67,+.18,+0.61%,30.14,30.675,29.45,"1,749,324",58.92,0.34
05/19/2026,1630,WDAY,129.34,+.46,+0.36%,132.80,135.93,128.08,"4,478,918",54.8,0.81
05/19/2026,1630,WEAT,25.20,+.20,+0.80%,25.05,25.25,24.93,"944,154",60.82,0.32
05/19/2026,1630,WELL,218.00,+5.39,+2.54%,212.025,218.00,212.025,"7,048,706",57.73,0.26
05/19/2026,1630,WEN,8.12,+.28,+3.57%,7.99,8.17,7.79,"11,406,906",63.35,0.56
05/19/2026,1630,WEST,8.07,-.26,-3.12%,8.25,8.365,8.05,"618,158",70.32,0.67
05/19/2026,1630,WFC,74.55,+.18,+0.24%,74.48,75.35,73.85,"18,649,756",38.12,0.3
05/19/2026,1630,WGMI,54.85,-.70,-1.26%,54.20,55.4598,51.888,"390,712",55.49,0.75
05/19/2026,1630,WGS,42.13,-.56,-1.31%,42.72,43.77,41.40,"1,655,890",36.15,0.74
05/19/2026,1630,WH,77.27,-.87,-1.11%,78.14,78.61,76.81,"931,379",32.47,0.37
05/19/2026,1630,WING,126.80,-2.20,-1.71%,129.36,133.61,125.28,"941,703",30.38,0.71
05/19/2026,1630,WMS,131.59,-3.69,-2.73%,133.92,134.27,130.62,"744,612",34.56,0.57
05/19/2026,1630,WMT,134.20,+.86,+0.64%,132.94,135.155,132.06,"16,957,144",62.84,0.33
05/19/2026,1630,WOOD,64.61,-.74,-1.13%,64.53,64.90,64.53,"31,564",28.08,0.24
05/19/2026,1630,WRBY,25.51,-3.14,-10.96%,28.71,30.20,23.62,"11,795,955",50.71,0.83
05/19/2026,1630,WW,9.36,-.67,-6.68%,9.89,10.465,9.285,"152,541",40.07,1.2
05/19/2026,1630,WWW,14.70,-.61,-3.98%,15.24,15.31,14.61,"1,574,175",29.99,0.67
05/19/2026,1630,WY,22.89,+.02,+0.09%,22.67,23.105,22.45,"5,812,854",37.21,0.28
05/19/2026,1630,WYFI,25.52,+1.75,+7.36%,23.18,26.34,22.76,"1,869,465",62.31,1.38
05/19/2026,1630,WYNN,94.78,-.73,-0.76%,95.29,95.99,94.25,"1,002,265",31.71,0.39
05/19/2026,1630,XBI,126.79,-.88,-0.69%,127.28,128.13,125.07,"12,026,994",38.87,0.31
05/19/2026,1630,XHR,16.39,+.02,+0.12%,16.37,16.59,16.11,"562,587",53.31,0.35
05/19/2026,1630,XIACY,19.59,-.06,-0.31%,19.65,19.65,19.39,"436,583",45.98,NaN
05/19/2026,1630,XLB,49.04,-1.18,-2.35%,49.78,49.86,48.89,"11,881,549",34.08,0.2
05/19/2026,1630,XLC,115.85,-1.13,-0.97%,116.95,117.14,115.715,"5,163,970",48.81,0.21
05/19/2026,1630,XLE,61.29,+.71,+1.17%,60.81,61.49,60.295,"31,111,027",65.78,0.29
05/19/2026,1630,XLF,51.10,-.64,-1.24%,51.63,51.79,51.05,"35,956,275",46.97,0.21
05/19/2026,1630,XLG,63.02,-.50,-0.79%,63.28,63.41,62.87,"2,297,851",66.41,0.18
05/19/2026,1630,XLI,168.74,-2.01,-1.18%,169.63,170.18,168.11,"7,503,644",43.28,0.22
05/19/2026,1630,XLK,173.24,-1.12,-0.64%,172.68,175.18,170.831,"15,751,423",65.73,0.32
05/19/2026,1630,XLP,86.09,+.19,+0.22%,85.82,86.695,85.16,"12,232,979",64.74,0.19
05/19/2026,1630,XLRE,43.94,+.19,+0.43%,43.715,44.035,43.51,"4,328,373",52.41,0.14
05/19/2026,1630,XLU,44.34,+.40,+0.91%,43.82,44.41,43.62,"22,307,131",39.89,0.17
05/19/2026,1630,XLV,147.32,+1.60,+1.10%,145.62,148.07,144.85,"12,388,178",54.7,0.17
05/19/2026,1630,XLY,115.03,-1.29,-1.11%,115.13,115.315,114.195,"8,578,397",41.53,0.16
05/19/2026,1630,XOM,162.55,+2.06,+1.28%,161.50,163.32,159.6402,"20,715,553",64.9,0.32
05/19/2026,1630,XOP,178.56,+2.35,+1.33%,177.23,179.135,175.455,"2,184,935",59.59,0.36
05/19/2026,1630,XPEV,14.94,-.12,-0.80%,14.94,14.985,14.75,"4,608,175",35.78,0.66
05/19/2026,1630,XRT,79.13,-.46,-0.58%,79.32,80.02,78.20,"7,173,557",35.59,0.21
05/19/2026,1630,XTL,223.18,-1.02,-0.45%,222.17,224.17,218.30,"65,806",54.62,0.27
05/19/2026,1630,XYL,106.34,-1.96,-1.81%,107.64,107.99,106.19,"1,794,279",28.45,0.32
05/19/2026,1630,XYZ,69.17,-1.46,-2.07%,70.85,71.55,68.89,"5,723,834",49.17,0.46
05/19/2026,1630,YCS,53.71,+.15,+0.28%,53.78,53.81,53.51,"8,463",56.66,0.32
05/19/2026,1630,YELP,22.59,+.80,+3.67%,22.13,23.44,22.07,"1,777,571",35.37,0.37
05/19/2026,1630,YPF,47.96,+.48,+1.01%,47.98,48.74,47.08,"3,449,646",65.93,0.46
05/19/2026,1630,YUM,152.19,-.12,-0.08%,152.01,153.695,150.67,"1,625,269",43.66,0.24
05/19/2026,1630,YUMC,45.33,-.15,-0.33%,45.77,46.04,45.265,"1,373,975",32.09,0.29
05/19/2026,1630,ZG,36.42,-1.19,-3.16%,37.945,38.40,36.175,"1,368,531",28.71,0.55
05/19/2026,1630,ZM,97.39,-1.48,-1.50%,98.21,100.49,97.03,"5,873,296",50.81,0.67
05/19/2026,1630,ZS,175.25,+.56,+0.32%,178.11,182.9699,173.95,"4,323,725",72.74,0.88
