Date,Time,Symbol,Beta,Market Cap,Long-term Debt to Capital - Current (LTM),Price / Earnings Ratio - Current,Price / Book Value Ratio - Current,Return on Equity (ROE) - Current (LTM),EPS,Div. Yield - Current,Sector,Free Cash Flow Per Share - Current (LTM)
05/22/2026,1630,$COMP,1.212,0,<empty>,<empty>,<empty>,<empty>,<empty>,<empty>,,<empty>
05/22/2026,1630,$DJI,1,0,<empty>,<empty>,<empty>,<empty>,<empty>,<empty>,,<empty>
05/22/2026,1630,$DXY,<empty>,0,<empty>,<empty>,<empty>,<empty>,<empty>,<empty>,,<empty>
05/22/2026,1630,/6B[M26],.3089,0,<empty>,<empty>,<empty>,<empty>,<empty>,<empty>,,<empty>
05/22/2026,1630,/6C[M26],.2666,0,<empty>,<empty>,<empty>,<empty>,<empty>,<empty>,,<empty>
05/22/2026,1630,/6E[M26],.1322,0,<empty>,<empty>,<empty>,<empty>,<empty>,<empty>,,<empty>
05/22/2026,1630,/6J[M26],.041,0,<empty>,<empty>,<empty>,<empty>,<empty>,<empty>,,<empty>
05/22/2026,1630,/BTC[K26],.9922,0,<empty>,<empty>,<empty>,<empty>,<empty>,<empty>,,<empty>
05/22/2026,1630,/BZ[N26],.055,0,<empty>,<empty>,<empty>,<empty>,<empty>,<empty>,,<empty>
05/22/2026,1630,/CL[N26],1.29,0,<empty>,<empty>,<empty>,<empty>,<empty>,<empty>,,<empty>
05/22/2026,1630,/GC[M26],.1486,0,<empty>,<empty>,<empty>,<empty>,<empty>,<empty>,,<empty>
05/22/2026,1630,/HG[N26],.037,0,<empty>,<empty>,<empty>,<empty>,<empty>,<empty>,,<empty>
05/22/2026,1630,/NG[M26],.5784,0,<empty>,<empty>,<empty>,<empty>,<empty>,<empty>,,<empty>
05/22/2026,1630,/NKD[M26],.352,0,<empty>,<empty>,<empty>,<empty>,<empty>,<empty>,,<empty>
05/22/2026,1630,/SI[N26],.6496,0,<empty>,<empty>,<empty>,<empty>,<empty>,<empty>,,<empty>
05/22/2026,1630,AAAU,.1617,"2,737 M",<empty>,<empty>,<empty>,<empty>,<empty>,<empty>,,<empty>
05/22/2026,1630,AAL,1.357,"9,160 M",95.032,35.12,-1.7423,-4.7058,.31,<empty>,Industrials,$1.67
05/22/2026,1630,AAPL,1.074,"4,535,749 M",38.914,30.161,34.269,141.47,8.26,.41801,Information Technology,$8.74
05/22/2026,1630,ABBV,.3082,"381,097 M",97.394,107.14,-57.729,-141.4,2.04,3.099,Health Care,$11.29
05/22/2026,1630,ABNB,1.202,"78,550 M",24.336,30.954,9.8398,32.325,4.05,<empty>,Consumer Discretionary,$7.52
05/22/2026,1630,ABR,1.14,"1,071 M",41.78,19.339,.66321,4.108,.4,13.878,Financials,$0.89
05/22/2026,1630,ABT,.6373,"152,252 M",34.208,28.758,3.4351,12.334,3.57,2.3766,Health Care,$4.24
05/22/2026,1630,ACHC,.7392,"2,132 M",54.276,-1.9105,1.0841,-41.051,-12.2,<empty>,Health Care,($3.23)
05/22/2026,1630,ACHR,2.845,"4,852 M",5.2562,-4.7412,1.8844,-48.047,-1.1,<empty>,Industrials,($0.90)
05/22/2026,1630,ACI,.2502,"8,016 M",81.866,44.89,4.8697,8.3261,.4,3.352,Consumer Staples,$0.97
05/22/2026,1630,ADBE,1.444,"98,932 M",31.614,15.299,9.3185,58.774,17.16,<empty>,Information Technology,$24.58
05/22/2026,1630,ADYEY,2.35,"34,785 M",3.3094,40.91,8.2043,22.329,.3948,<empty>,Financials,$33.73
05/22/2026,1630,AFK,.7375,114 M,<empty>,<empty>,<empty>,<empty>,<empty>,<empty>,,<empty>
05/22/2026,1630,AFRM,3.498,"21,842 M",70.583,43.29,4.0553,11.487,1.1,<empty>,Financials,$2.37
05/22/2026,1630,AGCO,1.11,"8,171 M",<empty>,11.119,1.9526,17.531,10.37,1.0011,Industrials,$7.39
05/22/2026,1630,AHR,.5659,"9,673 M",28.82,81.926,2.5728,3.4901,.59,2.1204,Real Estate,$1.81
05/22/2026,1630,AIQUY,.7765,"120,842 M",<empty>,26.359,3.5333,<empty>,1.428,2.3088,Materials,$5.45
05/22/2026,1630,AKAM,.5476,"21,405 M",51.024,38.838,3.4054,9.168,2.96,<empty>,Information Technology,$5.29
05/22/2026,1630,ALB,1.345,"20,235 M",15.746,-52.857,2.7792,-1.8204,-3.42,.90236,Materials,$3.47
05/22/2026,1630,ALCO,.9926,306 M,<empty>,-16.659,3.0032,<empty>,-2.47,.48473,Consumer Staples,$1.66
05/22/2026,1630,ALGN,1.779,"11,717 M",1.9557,28.802,2.9588,10.824,5.95,<empty>,Health Care,$8.11
05/22/2026,1630,ALLY,1.104,"12,981 M",<empty>,9.5773,.90776,9.3562,4.12,3.0589,Financials,($0.36)
05/22/2026,1630,ALNY,.329,"39,713 M",66.667,83.762,41.058,90.356,3.98,<empty>,Health Care,$4.88
05/22/2026,1630,AMAT,1.672,"342,966 M",17.31,39.223,13.85,39.692,10.63,.45799,Information Technology,$6.72
05/22/2026,1630,AMBA,2.202,"3,840 M",<empty>,-35.978,4.6627,-13.123,-1.78,<empty>,Information Technology,$1.36
05/22/2026,1630,AMD,2.314,"762,322 M",4.3858,67.357,5.1076,8.0625,3.05,<empty>,Information Technology,$5.27
05/22/2026,1630,AMG,1.144,"7,975 M",<empty>,11.205,2.3732,21.834,24.38,.01446,Financials,$37.82
05/22/2026,1630,AMH,.8174,"11,636 M",40.371,22.713,1.4662,6.9099,1.23,4.4054,Real Estate,$2.25
05/22/2026,1630,AMLP,.5025,"12,837 M",<empty>,<empty>,<empty>,<empty>,<empty>,<empty>,,<empty>
05/22/2026,1630,AMN,.3147,"1,073 M",51.763,-21.859,.99462,-4.5444,-.86,<empty>,Health Care,$18.27
05/22/2026,1630,AMPH,.8902,812 M,46.24,11.753,1.1307,10.393,1.66,<empty>,Health Care,$2.88
05/22/2026,1630,AMZN,1.446,"2,864,833 M",32.192,24.908,5.0683,24.285,8.36,<empty>,Consumer Discretionary,($0.23)
05/22/2026,1630,AN,.7589,"6,357 M",<empty>,10.644,2.9736,29.33,18.44,<empty>,Consumer Discretionary,($2.85)
05/22/2026,1630,AQWA,.9081,25 M,<empty>,<empty>,<empty>,<empty>,<empty>,<empty>,,<empty>
05/22/2026,1630,AR,.4239,"11,386 M",32.483,13.743,1.6308,12.837,3.09,<empty>,Energy,$3.08
05/22/2026,1630,ARE,1.175,"8,429 M",33.533,-7.4065,.50365,-4.1438,-6.27,8.7893,Real Estate,$8.24
05/22/2026,1630,ARGT,.9372,802 M,<empty>,<empty>,<empty>,<empty>,<empty>,<empty>,,<empty>
05/22/2026,1630,ARHS,2.333,895 M,<empty>,14.783,2.571,<empty>,.47,<empty>,Consumer Discretionary,$0.10
05/22/2026,1630,ARKK,1.979,"5,982 M",<empty>,<empty>,<empty>,<empty>,<empty>,<empty>,,<empty>
05/22/2026,1630,ARQQ,2.708,274 M,1.624,-15.078,21.756,-181.44,-3.03,<empty>,Information Technology,($2.18)
05/22/2026,1630,AS,1.128,"20,515 M",8.9098,40.553,2.7574,7.8822,.81,<empty>,Consumer Discretionary,$0.78
05/22/2026,1630,ASBFF,.4235,"18,028 M",<empty>,<empty>,<empty>,<empty>,1.797,<empty>,Consumer Staples,<empty>
05/22/2026,1630,ASO,1.023,"3,388 M",42.865,9.9296,1.6454,18.047,5.54,.98164,Consumer Discretionary,$3.32
05/22/2026,1630,ATRO,1.107,"2,898 M",68.993,56.662,15.48,21.179,1.22,<empty>,Industrials,$0.68
05/22/2026,1630,AVB,.8031,"26,339 M",37.521,20.258,1.9748,9.7185,8.07,4.3036,Real Estate,$11.84
05/22/2026,1630,AVGO,1.41,"1,960,815 M",43.723,64.567,19.644,33.371,5.13,.74857,Information Technology,$6.12
05/22/2026,1630,AVO,.5783,844 M,22.661,28.743,1.6246,5.6857,.46,<empty>,Consumer Staples,$0.54
05/22/2026,1630,AVTR,.9292,"5,544 M",40.184,-9.653,.94873,-9.4362,-.81,<empty>,Health Care,$0.65
05/22/2026,1630,AWI,1.175,"6,719 M",37.055,23.367,7.8648,36.34,7.05,.804,Industrials,$5.53
05/22/2026,1630,AXP,1.066,"212,736 M",62.2,18.882,6.0683,34.419,16.02,1.1274,Financials,$20.73
05/22/2026,1630,AZO,.4007,"56,128 M",125.97,26.997,-21.911,-66.383,142.7,<empty>,Consumer Discretionary,$95.97
05/22/2026,1630,B,-.1014,"68,160 M",11.241,11.311,2.5041,25.176,3.62,1.4073,Materials,$2.99
05/22/2026,1630,BA,1.201,"172,654 M",84.097,79.736,26.22,169.95,2.53,<empty>,Industrials,($1.82)
05/22/2026,1630,BABA,.4709,"311,887 M",17.698,19.667,1.8946,9.2156,6.366,.83685,Consumer Discretionary,($3.17)
05/22/2026,1630,BAC,1.198,"367,603 M",<empty>,12.112,1.2609,10.644,4.03,2.2564,Financials,$7.63
05/22/2026,1630,BALL,1.054,"15,046 M",52.968,17.183,2.8095,16.786,3.44,1.3534,Materials,$2.21
05/22/2026,1630,BBN,.6738,970 M,<empty>,<empty>,<empty>,<empty>,1.27,<empty>,,<empty>
05/22/2026,1630,BBWI,1.425,"3,577 M",121.88,7.0097,-3.4206,-48.76,3.11,3.6697,Consumer Discretionary,$4.16
05/22/2026,1630,BBY,1.252,"12,985 M",49.31,12.917,4.5926,37.041,5.04,5.8372,Consumer Discretionary,$5.96
05/22/2026,1630,BCO,1.054,"4,314 M",<empty>,24.13,16.296,<empty>,4.28,.98427,Industrials,$13.03
05/22/2026,1630,BDRY,.7177,40 M,<empty>,<empty>,<empty>,<empty>,<empty>,<empty>,,<empty>
05/22/2026,1630,BEAM,2.13,"2,946 M",<empty>,-37.102,2.0342,-5.7685,-.49,<empty>,Health Care,($3.74)
05/22/2026,1630,BEPC,1.138,"6,839 M",57.568,-3.0048,-5.1773,-47.773,-25.06,3.8413,Utilities,($1.86)
05/22/2026,1630,BIDU,.4501,"43,481 M",16.874,-705,.9722,.3193,-.1505,<empty>,Communication Services,($4.60)
05/22/2026,1630,BIO,1.104,"7,700 M",11.441,44.664,1.0915,2.495,6.01,<empty>,Health Care,$13.21
05/22/2026,1630,BIP,1.056,"18,235 M",<empty>,54.605,3.5808,6.7303,.66,4.8311,Utilities,($2.86)
05/22/2026,1630,BIRK,1.07,"7,610 M",30.557,16.1,1.9705,12.504,2.2,<empty>,Consumer Discretionary,$1.94
05/22/2026,1630,BITO,1.723,"1,752 M",<empty>,<empty>,<empty>,<empty>,<empty>,<empty>,,<empty>
05/22/2026,1630,BJ,1.5,"11,063 M",48.557,21.105,5.453,28.596,4.38,<empty>,Consumer Staples,$2.50
05/22/2026,1630,BJRI,1.266,937 M,50.092,17.635,1.9833,11.922,1.99,<empty>,Consumer Discretionary,$3.71
05/22/2026,1630,BK,1.06,"94,144 M",<empty>,14.717,<empty>,<empty>,8.06,1.7365,Financials,$1.83
05/22/2026,1630,BKNG,-1.282,"124,802 M",153.34,22.108,-15.058,-82.96,7.583,.9358,Consumer Discretionary,$11.24
05/22/2026,1630,BKV,1.049,"3,095 M",<empty>,8.7586,1.4073,<empty>,3.37,<empty>,Energy,($4.94)
05/22/2026,1630,BLDR,1.449,"7,976 M",55.466,31.246,2.2107,6.9579,2.62,<empty>,Industrials,$7.80
05/22/2026,1630,BLK,1.463,"166,566 M",17.203,24.148,2.6358,11.899,39.73,2.221,Financials,$23.68
05/22/2026,1630,BLMN,1.121,669 M,75.687,21.564,1.1358,6.8196,.25,5.7034,Consumer Discretionary,$1.40
05/22/2026,1630,BLOK,1,"1,349 M",<empty>,<empty>,<empty>,<empty>,<empty>,<empty>,,<empty>
05/22/2026,1630,BNDD,.4798,9.8 M,<empty>,<empty>,<empty>,<empty>,<empty>,<empty>,,<empty>
05/22/2026,1630,BNO,.006,861 M,<empty>,<empty>,<empty>,<empty>,<empty>,<empty>,,<empty>
05/22/2026,1630,BOOT,1.665,"4,693 M",32.681,20.303,3.4385,18.441,7.35,<empty>,Consumer Discretionary,$4.13
05/22/2026,1630,BP,.1832,"114,227 M",42.118,39.526,2.2186,5.8419,1.236,4.1472,Energy,$0.74
05/22/2026,1630,BRBR,.5019,"1,036 M",168.71,12.539,-3.7584,-42.08,1.29,<empty>,Consumer Staples,$1.53
05/22/2026,1630,BRCB,2.017,147 M,57.964,799.31,4.9246,-30.512,.0177,<empty>,Consumer Discretionary,($2.20)
05/22/2026,1630,BRKR,1.169,"6,955 M",39.519,-150.68,2.245,-.4317,-.24,.55371,Health Care,$0.01
05/22/2026,1630,BROS,2.236,"7,150 M",53.694,79.911,9.2594,13.8,.64,<empty>,Consumer Discretionary,$0.72
05/22/2026,1630,BTAL,-.6205,301 M,<empty>,<empty>,<empty>,<empty>,<empty>,<empty>,,<empty>
05/22/2026,1630,BTC,1.473,"4,018 M",<empty>,<empty>,<empty>,<empty>,<empty>,<empty>,,<empty>
05/22/2026,1630,BTC-USD,4.752,"-1,868 M",<empty>,<empty>,<empty>,<empty>,<empty>,<empty>,,<empty>
05/22/2026,1630,BTI,.3408,"141,342 M",38.104,12.071,1.9895,15.824,4.701,5.8149,Consumer Staples,$3.49
05/22/2026,1630,BUD,.5756,"161,587 M",42.248,19.159,1.5426,9.0937,3.61,2.0935,Consumer Staples,$5.66
05/22/2026,1630,BULL,2.706,"3,287 M",6.756,-6.3273,4.002,3.0021,-1.251,<empty>,Financials,$1.41
05/22/2026,1630,BURL,1.43,"20,389 M",70.53,31.11,10.148,38.402,9.51,<empty>,Consumer Discretionary,$2.72
05/22/2026,1630,BUXX,.0005,462 M,<empty>,<empty>,<empty>,<empty>,<empty>,<empty>,,<empty>
05/22/2026,1630,BXP,1.079,"9,615 M",60.266,26.08,1.5984,5.5253,1.99,5.9345,Real Estate,$7.52
05/22/2026,1630,BYD,1.123,"5,895 M",51.477,3.5618,2.4246,94.281,22.62,.90046,Consumer Discretionary,$2.46
05/22/2026,1630,BYDDF,.1774,"106,534 M",<empty>,<empty>,<empty>,<empty>,.2821,<empty>,Consumer Discretionary,<empty>
05/22/2026,1630,C,1.107,"213,351 M",<empty>,14.103,1.0106,7.649,8.09,2.081,Financials,($20.72)
05/22/2026,1630,CACC,1.382,"5,699 M",<empty>,10.573,2.9151,28.118,40.12,<empty>,Financials,$94.71
05/22/2026,1630,CAG,-.0242,"6,488 M",41.668,-186.26,1.0824,-.5111,-.1,7.5799,Consumer Staples,$1.76
05/22/2026,1630,CAH,.5169,"47,000 M",132.05,32.324,-17.535,-67.746,6.55,.96673,Health Care,$18.48
05/22/2026,1630,CAKE,1.012,"3,038 M",73.15,16.044,5.9351,41.329,3.41,2.0274,Consumer Discretionary,$3.68
05/22/2026,1630,CAMT,1.552,"7,706 M",41.681,152.73,10.228,7.5651,.97,0,Information Technology,$2.78
05/22/2026,1630,CANE,-.0284,90 M,<empty>,<empty>,<empty>,<empty>,<empty>,<empty>,,<empty>
05/22/2026,1630,CARR,1.346,"52,443 M",41.09,37.53,3.4802,9.9074,1.53,1.6516,Industrials,$2.00
05/22/2026,1630,CASY,.6311,"30,492 M",41.401,34.82,5.8222,17.882,17.42,.36439,Consumer Staples,$17.98
05/22/2026,1630,CAT,1.554,"405,270 M",49.642,35.278,17.488,51.331,20.08,.85255,Industrials,$16.91
05/22/2026,1630,CAVA,1.882,"9,367 M",33.527,169.61,<empty>,8.6418,.52,<empty>,Consumer Discretionary,$0.23
05/22/2026,1630,CBRL,1.275,724 M,61.293,-156.53,1.5809,-.9048,-.2,3.3201,Consumer Discretionary,($0.96)
05/22/2026,1630,CCK,.6482,"10,807 M",59.304,15.939,3.7975,26.185,6.29,1.1272,Materials,$8.72
05/22/2026,1630,CCL,2.319,"35,986 M",62.876,14.142,3.3533,27.853,2.27,.47544,Consumer Discretionary,$2.25
05/22/2026,1630,CCRN,.4544,405 M,<empty>,-3.0667,.93881,<empty>,-3.05,<empty>,Health Care,$1.23
05/22/2026,1630,CELH,.9621,"7,700 M",18.143,80.641,7.2775,8.1189,.43,<empty>,Consumer Staples,$0.96
05/22/2026,1630,CF,.4495,"18,697 M",29.581,11.718,3.7336,27.3,11.1,1.5404,Materials,$10.23
05/22/2026,1630,CFG,.9973,"26,595 M",<empty>,14.203,1.0618,7.7393,4.22,2.9348,Financials,$5.50
05/22/2026,1630,CFLT,.9658,"11,134 M",<empty>,-35.21,9.2116,-27.721,-.86,<empty>,Information Technology,$0.11
05/22/2026,1630,CFRUY,1.258,"116,001 M",22.702,24.973,4.2963,18.13,.8176,1.9355,Consumer Discretionary,$7.78
05/22/2026,1630,CG,1.876,"16,354 M",66.466,32.626,3.2225,9.3635,1.46,2.8932,Financials,($11.89)
05/22/2026,1630,CHD,.4841,"22,806 M",35.847,30.756,5.2811,16.779,3.04,1.2832,Consumer Staples,$4.44
05/22/2026,1630,CHDN,.6865,"5,933 M",80.27,16.361,5.7125,35.001,5.43,.48759,Consumer Discretionary,$5.38
05/22/2026,1630,CHEF,2.138,"3,118 M",58.208,32.521,3.9845,13.812,1.83,<empty>,Consumer Staples,$2.09
05/22/2026,1630,CHH,.6726,"5,146 M",93.884,13.935,34.063,940.81,7.4,1.1111,Consumer Discretionary,$2.18
05/22/2026,1630,CHPT,1.785,171 M,80.327,-.63656,6.8387,-277.38,-9.41,<empty>,Industrials,($2.86)
05/22/2026,1630,CHRD,.4463,"8,106 M",15.606,-119.21,.99455,-.8013,-1.03,3.6573,Energy,$8.77
05/22/2026,1630,CHTR,.7731,"17,851 M",81.439,5.8334,1.6204,27.505,36.96,<empty>,Communication Services,$30.73
05/22/2026,1630,CHWY,1.469,"8,638 M",49.18,55.981,24.271,58.678,.52,<empty>,Consumer Discretionary,$1.36
05/22/2026,1630,CI,.2731,"75,720 M",40.047,11.302,1.6722,16.269,113.7,2.283,Health Care,$28.94
05/22/2026,1630,CLOX,.1085,284 M,<empty>,<empty>,<empty>,<empty>,<empty>,<empty>,,<empty>
05/22/2026,1630,CLOZ,.1305,667 M,<empty>,<empty>,<empty>,<empty>,<empty>,<empty>,,<empty>
05/22/2026,1630,CLX,.5761,"11,501 M",61.381,16.795,-187.03,546.1,6.15,4.7863,Consumer Staples,$3.11
05/22/2026,1630,CMCSA,.7232,"90,038 M",48.713,5.6022,1.1633,20.918,5.1,4.5977,Communication Services,$4.84
05/22/2026,1630,CMG,1.001,"42,189 M",64.49,29.335,17.112,49.232,1.09,<empty>,Consumer Discretionary,$1.14
05/22/2026,1630,CMI,1.209,"88,251 M",33.07,27.944,6.0109,21.994,19.25,1.4535,Industrials,$19.34
05/22/2026,1630,CNA,.3385,"11,917 M",<empty>,10.272,1.1442,11.497,4.47,4.0505,Financials,<empty>
05/22/2026,1630,CNC,.9495,"29,203 M",43.031,-2.5001,.75447,-26.044,-13.05,<empty>,Health Care,$14.45
05/22/2026,1630,CNH,1.59,"12,536 M",77.514,7.5026,2.065,29.735,.32,3.6265,,($0.37)
05/22/2026,1630,CNX,.6347,"4,996 M",<empty>,5.3135,1.1827,28.081,7.5,<empty>,Energy,$3.98
05/22/2026,1630,COAL,.8534,67 M,<empty>,<empty>,<empty>,<empty>,<empty>,<empty>,,<empty>
05/22/2026,1630,COCO,.7318,"4,343 M",3.5226,34.685,7.7688,<empty>,1.38,<empty>,Consumer Staples,$1.13
05/22/2026,1630,COF,1.043,"116,860 M",<empty>,42.481,1.0514,3.2593,3.91,1.5348,Financials,$45.02
05/22/2026,1630,COIN,3.208,"48,738 M",28.579,60.984,3.4119,6.6859,2.72,<empty>,Financials,$6.68
05/22/2026,1630,COM,.0011,291 M,<empty>,<empty>,<empty>,<empty>,<empty>,<empty>,,<empty>
05/22/2026,1630,COP,.1812,"146,756 M",25.336,22.449,2.4917,11.284,5.9,2.4545,Energy,$4.72
05/22/2026,1630,COPJ,1.229,164 M,<empty>,<empty>,<empty>,<empty>,<empty>,<empty>,,<empty>
05/22/2026,1630,COPX,1.074,"7,533 M",<empty>,<empty>,<empty>,<empty>,<empty>,<empty>,,<empty>
05/22/2026,1630,CORN,-.0855,274 M,<empty>,<empty>,<empty>,<empty>,<empty>,<empty>,,<empty>
05/22/2026,1630,COST,.9097,"456,181 M",20.199,52.961,14.083,29.651,19.23,.51056,Consumer Staples,$20.49
05/22/2026,1630,CP,1.091,"76,576 M",30.505,24.398,2.1035,8.4275,3.216,.8331,Industrials,$1.62
05/22/2026,1630,CPAY,.8534,"22,739 M",46.5,17.454,5.4825,32.124,16.7,<empty>,Financials,$18.87
05/22/2026,1630,CPER,.4858,753 M,<empty>,<empty>,<empty>,<empty>,<empty>,<empty>,,<empty>
05/22/2026,1630,CPNG,1.17,"28,936 M",33.959,-191.08,8.6896,-3.9865,-.1,<empty>,Consumer Discretionary,$0.16
05/22/2026,1630,CPRI,1.48,"2,202 M",<empty>,-2.579,28.357,-195.59,-4.28,<empty>,Consumer Discretionary,($1.12)
05/22/2026,1630,CPT,.8304,"10,649 M",40.137,27.15,2.5204,9.0651,3.58,4.3109,Real Estate,$7.67
05/22/2026,1630,CRCL,2.86,"28,119 M",.3431,-1373.5,6.8942,-2.9755,-.23,<empty>,Information Technology,$2.10
05/22/2026,1630,CRI,.8951,"1,372 M",50.026,14.437,1.4252,10.204,2.49,2.7847,Consumer Discretionary,$3.58
05/22/2026,1630,CRM,1.123,"147,307 M",16.77,27.217,3.3346,12.396,7.8,.78383,Information Technology,$15.16
05/22/2026,1630,CRSP,1.504,"4,857 M",29.553,-7.7297,2.5268,-31.206,-6.17,<empty>,Health Care,($4.61)
05/22/2026,1630,CRWD,1.076,"168,875 M",15.15,-679.08,25.254,-4.1369,-.65,<empty>,Information Technology,$4.95
05/22/2026,1630,CSCO,.9537,"474,588 M",25.236,29.668,7.1775,25.229,3,1.8537,Information Technology,$2.98
05/22/2026,1630,CSX,1.229,"84,582 M",56.707,25.175,5.618,23.684,1.63,1.2911,Industrials,$1.02
05/22/2026,1630,CTA,-.2573,"1,642 M",<empty>,<empty>,<empty>,<empty>,<empty>,<empty>,,<empty>
05/22/2026,1630,CUBE,1.124,"9,072 M",50.96,25.63,3.1329,11.562,1.43,5.7299,Real Estate,<empty>
05/22/2026,1630,CURB,.5616,"2,989 M",23.903,86.088,1.437,1.7152,.3,2.5204,Real Estate,$1.15
05/22/2026,1630,CVNA,1.96,"48,908 M",51.087,36.757,12.085,60.172,1.726,<empty>,Consumer Discretionary,$1.06
05/22/2026,1630,CVS,.6154,"118,993 M",47.352,31.288,1.1804,3.7519,2.28,3.7037,Health Care,$5.82
05/22/2026,1630,CVX,.5003,"381,252 M",16.865,35.99,2.227,6.6377,5.74,3.3398,Energy,$7.22
05/22/2026,1630,CWH,2.145,473 M,<empty>,-4.5786,2.0183,-26.629,-1.49,5.4905,Consumer Discretionary,($1.68)
05/22/2026,1630,CZR,1.835,"5,799 M",87.459,-11.184,1.5784,-10.716,-2.36,<empty>,Consumer Discretionary,$2.59
05/22/2026,1630,D,.6474,"59,517 M",53.021,18.262,1.93,9.7873,3.37,4.319,Utilities,($8.61)
05/22/2026,1630,DAL,1.293,"50,024 M",39.196,9.7016,2.132,24.99,6.85,1.1282,Industrials,$6.03
05/22/2026,1630,DAPP,3.39,531 M,<empty>,<empty>,<empty>,<empty>,<empty>,<empty>,,<empty>
05/22/2026,1630,DAR,1.1,"9,313 M",45.302,46.916,2.107,4.8787,1.38,<empty>,Consumer Staples,$3.48
05/22/2026,1630,DASH,1.897,"69,824 M",23.576,71.569,6.4188,9.922,2.11,<empty>,Consumer Discretionary,$4.07
05/22/2026,1630,DDOG,1.358,"79,137 M",23.584,309.47,10.533,3.9297,.39,<empty>,Information Technology,$2.74
05/22/2026,1630,DDS,1.183,"8,774 M",<empty>,13.433,4.3553,33.835,42.07,.1503,Consumer Discretionary,$48.36
05/22/2026,1630,DE,.9429,"142,927 M",47.057,29.765,5.4227,19.566,17.65,1.2273,Industrials,$13.22
05/22/2026,1630,DECK,1.106,"15,142 M",9.0135,14.785,5.6546,39.688,7.02,<empty>,Consumer Discretionary,$6.28
05/22/2026,1630,DELL,1,"191,746 M",80.645,13.184,-30.208,-307.8,8.68,1.835,Information Technology,$12.67
05/22/2026,1630,DEO,.5518,"47,879 M",55.252,19.969,4.142,19.717,4.328,3.8389,Consumer Staples,$1.13
05/22/2026,1630,DG,.2993,"23,267 M",58.487,20.939,3.7108,18.992,6.85,1.6454,Consumer Staples,$10.87
05/22/2026,1630,DGX,.6114,"21,609 M",40.493,21.655,2.9533,14.539,9.05,1.6634,Health Care,$11.97
05/22/2026,1630,DIN,.9725,385 M,116.25,22.8,-1.1264,-6.4459,1.15,5.56,Consumer Discretionary,$2.62
05/22/2026,1630,DIS,1.414,"178,861 M",23.65,14.768,1.4835,11.01,6.25,1.623,Communication Services,$3.98
05/22/2026,1630,DK,.5429,"2,677 M",86.979,-55.17,52.555,3.7735,-.94,2.2632,Energy,$7.70
05/22/2026,1630,DKL,.4664,"2,728 M",100.37,15.698,-132.15,439.37,3.17,9.0233,Energy,$1.89
05/22/2026,1630,DKNG,1.5,"12,463 M",75.584,236.04,17.715,7.9357,.09,<empty>,Consumer Discretionary,$1.15
05/22/2026,1630,DLTR,.5865,"18,495 M",56.014,19.796,6.2165,31.693,6.22,<empty>,Consumer Staples,$6.41
05/22/2026,1630,DOC,1.027,"13,602 M",49.664,51.525,1.4596,2.7996,.32,7.4257,Real Estate,$1.77
05/22/2026,1630,DOCU,1,"9,623 M",8.0124,35.5,5.4179,15.768,1.48,<empty>,Information Technology,$5.24
05/22/2026,1630,DOV,1.196,"28,265 M",24.093,26.042,3.7477,14.998,8.02,.99544,Industrials,$8.33
05/22/2026,1630,DOW,1,"25,954 M",50.552,-10.419,1.9686,-15.262,-4,4.2017,Materials,($0.53)
05/22/2026,1630,DPZ,1.04,"10,528 M",413.25,21.491,-3.2017,-15.138,17.37,1.9312,Consumer Discretionary,$19.33
05/22/2026,1630,DRI,.5771,"23,309 M",74.084,22.886,11.845,51.539,9.44,2.7155,Consumer Discretionary,$8.56
05/22/2026,1630,DRLL,.4786,297 M,<empty>,<empty>,<empty>,<empty>,<empty>,<empty>,,<empty>
05/22/2026,1630,DRVN,.9839,"2,271 M",69.55,18.525,3.1782,19.217,.85,<empty>,Consumer Discretionary,$0.66
05/22/2026,1630,DT,.7404,"12,012 M",5.1062,68.481,4.1726,6.2175,.54,<empty>,Information Technology,$1.76
05/22/2026,1630,DVN,.5166,"54,444 M",31.467,13.941,2.0255,15.178,3.59,1.9078,Energy,$3.88
05/22/2026,1630,DXCM,1.368,"27,821 M",31.423,26.856,8.1959,35.624,2.33,<empty>,Health Care,$3.68
05/22/2026,1630,EA,.6621,"50,394 M",20.782,58.083,7.5565,13.49,3.51,.37279,Communication Services,$9.29
05/22/2026,1630,EAT,1.246,"5,893 M",74.615,14.328,15.544,139.22,10.26,<empty>,Consumer Discretionary,$11.42
05/22/2026,1630,EBAY,1.403,"51,393 M",54.484,21.023,9.201,42.875,4.41,1.2964,Consumer Discretionary,$3.71
05/22/2026,1630,ECH,.7637,"1,007 M",<empty>,<empty>,<empty>,<empty>,<empty>,<empty>,,<empty>
05/22/2026,1630,ECPG,1.321,"1,720 M",79.461,5.4583,1.4568,31.964,12.84,<empty>,Financials,$7.32
05/22/2026,1630,EDEN,.8804,202 M,<empty>,<empty>,<empty>,<empty>,<empty>,<empty>,,<empty>
05/22/2026,1630,EDU,.1596,"7,389 M",10.215,20.624,2.1086,10.842,2.7,2.1958,Consumer Discretionary,$4.09
05/22/2026,1630,EDV,.7294,"3,809 M",<empty>,<empty>,<empty>,<empty>,<empty>,<empty>,,<empty>
05/22/2026,1630,EEM,.7206,"29,172 M",<empty>,<empty>,<empty>,<empty>,<empty>,<empty>,,<empty>
05/22/2026,1630,EFNL,.7801,57 M,<empty>,<empty>,<empty>,<empty>,<empty>,<empty>,,<empty>
05/22/2026,1630,EFX,1.33,"19,533 M",40.593,31.686,4.7311,14.37,5.68,1.144,Industrials,$9.32
05/22/2026,1630,EGP,1.071,"11,028 M",<empty>,33.641,2.7775,8.4553,5.5,3.2687,Real Estate,$9.22
05/22/2026,1630,EIS,1.025,997 M,<empty>,<empty>,<empty>,<empty>,<empty>,<empty>,,<empty>
05/22/2026,1630,EL,1.26,"31,954 M",63.169,-104.34,6.5029,-5.9486,-.7,1.9507,Consumer Staples,$3.55
05/22/2026,1630,ELS,2.097,"12,325 M",64.38,31.299,6.8717,21.85,2,3.3443,Real Estate,<empty>
05/22/2026,1630,ELV,.6248,"85,712 M",40.546,12.448,1.4495,12.086,23.6,2.3399,Health Care,$29.01
05/22/2026,1630,EMB,.3422,"13,952 M",<empty>,<empty>,<empty>,<empty>,<empty>,<empty>,,<empty>
05/22/2026,1630,EMR,1.224,"76,409 M",23.589,30.324,3.6145,12.328,4.33,1.6524,Industrials,$5.55
05/22/2026,1630,ENB,.5885,"126,742 M",57.884,25.561,2.8322,10.127,2.118,5.0391,Energy,$0.41
05/22/2026,1630,ENPH,1.263,"8,439 M",35.202,37.064,4.5201,14.113,1.01,<empty>,Information Technology,$1.11
05/22/2026,1630,ENR,.7532,"1,245 M",94.522,5.8786,6.4915,127.06,2.73,7.3082,Consumer Staples,$2.31
05/22/2026,1630,ENVX,2.166,"1,457 M",67.521,-6.2301,4.4627,-71.313,-.81,<empty>,Industrials,($0.60)
05/22/2026,1630,ENZL,.8902,71 M,<empty>,<empty>,<empty>,<empty>,<empty>,<empty>,,<empty>
05/22/2026,1630,EOG,.3128,"75,218 M",20.156,14.25,2.5017,18.195,10.17,2.791,Energy,$7.36
05/22/2026,1630,EPD,.4981,"85,740 M",50.629,14.029,2.7506,19.504,2.7,5.7875,Energy,$1.37
05/22/2026,1630,EPHE,.5933,132 M,<empty>,<empty>,<empty>,<empty>,<empty>,<empty>,,<empty>
05/22/2026,1630,EPOL,1.065,633 M,<empty>,<empty>,<empty>,<empty>,<empty>,<empty>,,<empty>
05/22/2026,1630,EPR,1.061,"4,485 M",<empty>,15.421,1.6503,11.69,3.24,7.1157,Real Estate,$5.71
05/22/2026,1630,EPU,.7852,512 M,<empty>,<empty>,<empty>,<empty>,<empty>,<empty>,,<empty>
05/22/2026,1630,EQR,.7771,"24,803 M",40.147,23.607,2.0802,8.6705,2.51,4.6999,Real Estate,$4.27
05/22/2026,1630,EQRR,.9214,58 M,<empty>,<empty>,<empty>,<empty>,<empty>,<empty>,,<empty>
05/22/2026,1630,EQT,.5997,"36,228 M",15.77,12.068,1.5847,13.402,5.27,1.0135,Energy,$6.55
05/22/2026,1630,ESI,1.249,"9,927 M",41.999,55.607,3.0408,5.6388,.62,.93732,Materials,$0.50
05/22/2026,1630,ESPO,1.005,249 M,<empty>,<empty>,<empty>,<empty>,<empty>,<empty>,,<empty>
05/22/2026,1630,ESS,.7363,"17,781 M",50.527,27.221,2.8632,10.558,8.89,4.2562,Real Estate,$16.77
05/22/2026,1630,ET,.5634,"69,064 M",58.538,16.123,2.1371,12.352,1.2,6.9171,Energy,$0.98
05/22/2026,1630,ETH,2.351,"1,877 M",<empty>,<empty>,<empty>,<empty>,<empty>,<empty>,,<empty>
05/22/2026,1630,ETH-USD,3.92,"-2,290 M",<empty>,<empty>,<empty>,<empty>,<empty>,<empty>,,<empty>
05/22/2026,1630,ETHA,2.208,"6,254 M",<empty>,<empty>,<empty>,<empty>,<empty>,<empty>,,<empty>
05/22/2026,1630,ETHE,3.261,"1,682 M",<empty>,<empty>,<empty>,<empty>,<empty>,<empty>,,<empty>
05/22/2026,1630,ETSY,1.776,"5,920 M",125.15,20.154,-4.1715,-29.576,2.48,<empty>,Consumer Discretionary,$6.75
05/22/2026,1630,EWA,.9913,"1,433 M",<empty>,<empty>,<empty>,<empty>,<empty>,<empty>,,<empty>
05/22/2026,1630,EWC,.8685,"5,377 M",<empty>,<empty>,<empty>,<empty>,<empty>,<empty>,,<empty>
05/22/2026,1630,EWD,1.101,319 M,<empty>,<empty>,<empty>,<empty>,<empty>,<empty>,,<empty>
05/22/2026,1630,EWG,.9656,"1,455 M",<empty>,<empty>,<empty>,<empty>,<empty>,<empty>,,<empty>
05/22/2026,1630,EWH,.3879,"1,076 M",<empty>,<empty>,<empty>,<empty>,<empty>,<empty>,,<empty>
05/22/2026,1630,EWI,.8861,650 M,<empty>,<empty>,<empty>,<empty>,<empty>,<empty>,,<empty>
05/22/2026,1630,EWJ,.6891,"21,176 M",<empty>,<empty>,<empty>,<empty>,<empty>,<empty>,,<empty>
05/22/2026,1630,EWJV,.4767,705 M,<empty>,<empty>,<empty>,<empty>,<empty>,<empty>,,<empty>
05/22/2026,1630,EWK,.692,101 M,<empty>,<empty>,<empty>,<empty>,<empty>,<empty>,,<empty>
05/22/2026,1630,EWM,.4813,373 M,<empty>,<empty>,<empty>,<empty>,<empty>,<empty>,,<empty>
05/22/2026,1630,EWN,1.147,515 M,<empty>,<empty>,<empty>,<empty>,<empty>,<empty>,,<empty>
05/22/2026,1630,EWO,.8045,132 M,<empty>,<empty>,<empty>,<empty>,<empty>,<empty>,,<empty>
05/22/2026,1630,EWP,.6768,"1,653 M",<empty>,<empty>,<empty>,<empty>,<empty>,<empty>,,<empty>
05/22/2026,1630,EWQ,.8459,370 M,<empty>,<empty>,<empty>,<empty>,<empty>,<empty>,,<empty>
05/22/2026,1630,EWS,.5427,781 M,<empty>,<empty>,<empty>,<empty>,<empty>,<empty>,,<empty>
05/22/2026,1630,EWUS,1.041,43 M,<empty>,<empty>,<empty>,<empty>,<empty>,<empty>,,<empty>
05/22/2026,1630,EWW,.7823,"2,084 M",<empty>,<empty>,<empty>,<empty>,<empty>,<empty>,,<empty>
05/22/2026,1630,EWY,1.403,"22,253 M",<empty>,<empty>,<empty>,<empty>,<empty>,<empty>,,<empty>
05/22/2026,1630,EWZ,.699,"10,464 M",<empty>,<empty>,<empty>,<empty>,<empty>,<empty>,,<empty>
05/22/2026,1630,EWZS,.8072,255 M,<empty>,<empty>,<empty>,<empty>,<empty>,<empty>,,<empty>
05/22/2026,1630,EXAS,1.418,"20,026 M",50.547,-92.153,8.0706,-8.6585,-1.1,<empty>,Health Care,$1.89
05/22/2026,1630,EXP,1.368,"6,172 M",54.335,14.396,4.0113,28.914,13.16,.52784,Materials,$6.17
05/22/2026,1630,EXPD,1.056,"20,728 M",15.822,23.144,8.2779,36.641,6.19,1.0752,Industrials,$6.83
05/22/2026,1630,EXPE,1.248,"25,763 M",71.952,20.196,48.102,71.494,11.32,.72762,Consumer Discretionary,$33.16
05/22/2026,1630,EXR,1.208,"30,274 M",41.77,29.446,2.0772,6.8299,4.45,4.9417,Real Estate,$8.69
05/22/2026,1630,EYE,1.007,"1,372 M",36.738,41.323,2.1135,5.3737,.57,<empty>,Consumer Discretionary,$1.33
05/22/2026,1630,EZA,.787,700 M,<empty>,<empty>,<empty>,<empty>,<empty>,<empty>,,<empty>
05/22/2026,1630,F,1.718,"59,491 M",54.901,-7.5219,1.2278,-14.813,-1.55,5.1993,Consumer Discretionary,$2.40
05/22/2026,1630,FAF,1.287,"6,950 M",20.999,9.2668,1.1213,12.796,6.5,3.6324,Financials,$8.00
05/22/2026,1630,FANG,.4509,"56,462 M",23.257,203.73,1.5255,.474,.98,2.0982,Energy,($1.65)
05/22/2026,1630,FAST,.7507,"50,445 M",7.089,41.062,13.352,33.842,1.13,1.9397,Industrials,$1.01
05/22/2026,1630,FCFS,.5082,"9,977 M",51.051,23.565,3.5861,16.274,7.98,.87234,Financials,$12.47
05/22/2026,1630,FCG,.5306,761 M,<empty>,<empty>,<empty>,<empty>,<empty>,<empty>,,<empty>
05/22/2026,1630,FDX,1.347,"94,059 M",51.48,20.594,3.1034,15.869,18.73,1.4987,Industrials,$18.48
05/22/2026,1630,FICO,1.236,"28,755 M",235.16,33.883,-11.833,-47.099,31.54,<empty>,Information Technology,$36.29
05/22/2026,1630,FISV,.7749,"30,465 M",50.174,9.443,1.1351,12.191,5.9,<empty>,Financials,$7.64
05/22/2026,1630,FIVE,.9513,"12,137 M",40.967,29.62,4.8256,17.925,6.47,<empty>,Consumer Discretionary,$7.47
05/22/2026,1630,FLG,1,"5,773 M",<empty>,-61.508,.72062,-.6881,-.21,.30372,Financials,$0.44
05/22/2026,1630,FLNG,.2082,"1,729 M",67.91,21.375,2.3018,10.195,1.39,10.098,Energy,$2.04
05/22/2026,1630,FLO,.3972,"1,682 M",47.437,27.204,1.7481,6.1781,.4,9.1057,Consumer Staples,$1.51
05/22/2026,1630,FLUT,1.239,"16,880 M",54.946,-47.984,1.9616,-4.9622,-2.1,<empty>,Consumer Discretionary,$2.67
05/22/2026,1630,FND,1.619,"5,211 M",36.967,28.594,2.3148,8.5274,1.84,<empty>,Consumer Discretionary,$0.98
05/22/2026,1630,FNF,.9843,"13,084 M",35.336,16.509,1.7199,10.47,2.81,4.3985,Financials,$20.19
05/22/2026,1630,FORM,1.231,"10,055 M",2.0555,112.58,7.2101,6.7511,.87,<empty>,Information Technology,$0.47
05/22/2026,1630,FOUR,1.411,"3,430 M",71.581,48.796,5.3535,9.9427,.87,<empty>,Financials,$5.00
05/22/2026,1630,FOXA,.5356,"26,884 M",40.189,15.274,2.2403,15.2,3.8,.9589,Communication Services,$4.87
05/22/2026,1630,FR,1.095,"8,389 M",47.537,22.393,2.7809,12.838,2.59,3.172,Real Estate,$3.48
05/22/2026,1630,FROG,1.058,"8,962 M",1.1937,-89.831,6.1536,-7.144,-.53,<empty>,Information Technology,$1.28
05/22/2026,1630,FRPT,1.729,"2,535 M",27.866,16.14,2.2957,17.334,3.81,<empty>,Consumer Staples,$0.96
05/22/2026,1630,FRT,.9688,"10,345 M",55.087,18.413,2.9115,14.783,5.77,4.2275,Real Estate,$6.02
05/22/2026,1630,FSLY,.509,"2,554 M",26.885,-42.151,4.6503,-10.656,-.69,<empty>,Information Technology,$0.28
05/22/2026,1630,FTNT,1.011,"98,124 M",36.431,31.684,60.607,132.39,2.58,<empty>,Information Technology,$3.24
05/22/2026,1630,FTV,1.074,"18,026 M",27.728,32.951,2.8173,6.8137,1.67,.35663,Industrials,$2.98
05/22/2026,1630,FTWO,.796,78 M,<empty>,<empty>,<empty>,<empty>,<empty>,<empty>,,<empty>
05/22/2026,1630,FUTU,.3699,"12,584 M",.6813,15.927,4.4782,33.083,10.31,1.5835,Financials,$37.57
05/22/2026,1630,FUTY,.6379,"2,398 M",<empty>,<empty>,<empty>,<empty>,<empty>,<empty>,,<empty>
05/22/2026,1630,FWONK,.6633,"22,194 M",37.148,35.433,2.7545,2.7296,2.131,<empty>,Communication Services,$2.95
05/22/2026,1630,FWRG,1.051,708 M,56.745,36.801,1.0123,2.872,.28,<empty>,Consumer Discretionary,($0.17)
05/22/2026,1630,FXA,.3852,106 M,<empty>,<empty>,<empty>,<empty>,<empty>,<empty>,,<empty>
05/22/2026,1630,FXB,.2806,78 M,<empty>,<empty>,<empty>,<empty>,<empty>,<empty>,,<empty>
05/22/2026,1630,FXC,.2202,74 M,<empty>,<empty>,<empty>,<empty>,<empty>,<empty>,,<empty>
05/22/2026,1630,FXE,.1763,407 M,<empty>,<empty>,<empty>,<empty>,<empty>,<empty>,,<empty>
05/22/2026,1630,FXF,.1984,489 M,<empty>,<empty>,<empty>,<empty>,<empty>,<empty>,,<empty>
05/22/2026,1630,FXI,.2986,"5,839 M",<empty>,<empty>,<empty>,<empty>,<empty>,<empty>,,<empty>
05/22/2026,1630,FXY,.206,439 M,<empty>,<empty>,<empty>,<empty>,<empty>,<empty>,,<empty>
05/22/2026,1630,FYBR,.9018,"9,636 M",71.831,-24.43,1.9898,-7.8033,-1.53,<empty>,Communication Services,($5.68)
05/22/2026,1630,GAP,1.984,"8,545 M",52.879,13.136,2.7384,23.1,2.13,2.3588,Consumer Discretionary,$2.21
05/22/2026,1630,GD,.3343,"92,728 M",21.637,21.969,3.6145,17.974,15.89,1.7445,Industrials,$22.98
05/22/2026,1630,GDAXI:DE,<empty>,0,<empty>,<empty>,<empty>,<empty>,<empty>,<empty>,,<empty>
05/22/2026,1630,GDX,.6369,"25,910 M",<empty>,<empty>,<empty>,<empty>,<empty>,<empty>,,<empty>
05/22/2026,1630,GDXJ,.8261,"8,186 M",<empty>,<empty>,<empty>,<empty>,<empty>,<empty>,,<empty>
05/22/2026,1630,GE,1.372,"315,964 M",47.796,35.23,16.396,45.428,8.12,.54622,Industrials,$7.07
05/22/2026,1630,GEL,.7282,"1,981 M",85.572,-96.127,-6.3628,13.517,-.19,3.8699,Energy,$0.95
05/22/2026,1630,GII,.633,976 M,<empty>,<empty>,<empty>,<empty>,<empty>,<empty>,,<empty>
05/22/2026,1630,GIL,1.065,"10,774 M",52.994,34.757,2.958,10.563,1.69,1.7029,Consumer Discretionary,$2.16
05/22/2026,1630,GIS,-.0382,"17,980 M",47.126,10.96,2.5488,23.591,4.09,5.446,Consumer Staples,$3.05
05/22/2026,1630,GK,1.389,31 M,<empty>,<empty>,<empty>,<empty>,<empty>,<empty>,Industrials,<empty>
05/22/2026,1630,GLASF,.6219,863 M,28.522,-12.81,7.8508,-20.426,-.6507,<empty>,Consumer Staples,($0.44)
05/22/2026,1630,GLBE,1.548,"5,031 M",1.993,46.773,5.6956,12.974,.67,<empty>,Consumer Discretionary,$1.65
05/22/2026,1630,GLD,.1625,"150,341 M",<empty>,<empty>,<empty>,<empty>,<empty>,<empty>,,<empty>
05/22/2026,1630,GLIN,.7102,97 M,<empty>,<empty>,<empty>,<empty>,<empty>,<empty>,,<empty>
05/22/2026,1630,GM,1.3,"71,042 M",47.801,29.172,1.0725,4.0146,2.74,.84564,Consumer Discretionary,$15.77
05/22/2026,1630,GME,1.758,"9,846 M",43.588,31.013,1.9663,8.0661,.77,<empty>,Consumer Discretionary,$1.33
05/22/2026,1630,GO,.683,793 M,65.571,-1.8559,.88493,-38.448,-3.89,<empty>,Consumer Staples,$0.04
05/22/2026,1630,GOLF,.8429,"5,178 M",59.228,33.03,6.6331,21.019,2.85,1.027,Consumer Discretionary,$1.48
05/22/2026,1630,GOOG,1.081,"4,596,357 M",16.101,21.939,7.2775,38.885,13.11,.29211,Communication Services,$5.33
05/22/2026,1630,GOOGL,1.082,"4,639,852 M",16.101,21.939,7.2775,38.885,13.11,.29211,Communication Services,$5.33
05/22/2026,1630,GOOS,1.649,953 M,48.705,63.696,2.3392,4.6943,.1651,<empty>,Consumer Discretionary,$1.11
05/22/2026,1630,GPI,.8376,"3,881 M",36.186,12.75,1.3707,11.176,26.42,.01512,Consumer Discretionary,$30.78
05/22/2026,1630,GPN,.763,"20,040 M",43.501,26.557,.77334,2.9346,-2.05,1.4859,Financials,$4.27
05/22/2026,1630,GRID,1.259,"10,905 M",<empty>,<empty>,<empty>,<empty>,<empty>,<empty>,,<empty>
05/22/2026,1630,GRMN,.9433,"46,422 M",1.7667,25.687,4.789,19.899,8.96,1.8248,Consumer Discretionary,$7.54
05/22/2026,1630,GRNY,1.293,"4,405 M",<empty>,<empty>,<empty>,<empty>,<empty>,<empty>,,<empty>
05/22/2026,1630,GS,1.27,"294,043 M",34.075,15.49,2.3746,14.548,54.75,1.8322,Financials,($135.91)
05/22/2026,1630,GSG,.0675,"1,036 M",<empty>,<empty>,<empty>,<empty>,<empty>,<empty>,,<empty>
05/22/2026,1630,GTBIF,1.22,"1,564 M",21.135,12.244,.7617,6.6263,.51,<empty>,Health Care,$0.97
05/22/2026,1630,GTLB,.8967,"4,513 M",.0438,-104.27,6.005,-6.3054,-.34,<empty>,Information Technology,$1.33
05/22/2026,1630,GTM,.9552,"1,064 M",51.184,14.91,1.2015,8.1225,.4,<empty>,Communication Services,$1.19
05/22/2026,1630,GVAL,.6415,438 M,<empty>,<empty>,<empty>,<empty>,<empty>,<empty>,,<empty>
05/22/2026,1630,GVIP,1.086,558 M,<empty>,<empty>,<empty>,<empty>,<empty>,<empty>,,<empty>
05/22/2026,1630,GVZ:CGI,-1.525,0,<empty>,<empty>,<empty>,<empty>,<empty>,<empty>,,<empty>
05/22/2026,1630,H,1.3,"16,398 M",48.469,-402.31,4.1935,-.8751,-.34,.41728,Consumer Discretionary,$1.19
05/22/2026,1630,HACK,.819,"2,348 M",<empty>,<empty>,<empty>,<empty>,<empty>,<empty>,,<empty>
05/22/2026,1630,HAL,.7638,"34,644 M",40.982,21.522,3.0201,14.627,1.81,1.744,Energy,$1.98
05/22/2026,1630,HBB,1,266 M,30.925,9.0848,1.3874,16.203,2.08,2.533,Consumer Discretionary,$0.59
05/22/2026,1630,HBDC,.0774,84 M,<empty>,<empty>,<empty>,<empty>,<empty>,<empty>,,<empty>
05/22/2026,1630,HCA,1.166,"87,420 M",88.149,16.279,-16.708,-457.49,29.03,.62125,Health Care,$34.38
05/22/2026,1630,HD,.9861,"311,826 M",68.793,23.003,23.204,128.38,14.08,2.1397,Consumer Discretionary,$14.41
05/22/2026,1630,HELE,1.238,597 M,49.345,-.45135,.51,-72.451,-39.08,<empty>,Consumer Discretionary,$5.73
05/22/2026,1630,HII,.2632,"12,634 M",36.284,24.685,2.9065,12.198,15.39,1.4372,Industrials,$20.15
05/22/2026,1630,HIMS,2.135,"5,497 M",71.376,-355.36,10.735,-2.6591,-.09,<empty>,Health Care,$0.27
05/22/2026,1630,HLN,.1983,"41,148 M",31.039,20.259,2.0324,10.273,.4982,1.8943,Health Care,$0.33
05/22/2026,1630,HLT,1.058,"73,093 M",181.24,46.367,-11.758,-30.257,6.55,.19732,,$9.08
05/22/2026,1630,HOOD,2.153,"66,313 M",.867,33.656,6.7018,21.461,2.06,<empty>,Financials,$3.33
05/22/2026,1630,HPP,1.811,609 M,54.02,-.59832,.12847,-18.035,-9.93,3.6232,Real Estate,$1.67
05/22/2026,1630,HQY,.1827,"7,386 M",31.897,34.825,3.456,10.194,2.46,<empty>,Health Care,$4.74
05/22/2026,1630,HSI:HK,<empty>,0,<empty>,<empty>,<empty>,<empty>,<empty>,<empty>,,<empty>
05/22/2026,1630,HSY,.0768,"39,510 M",47.604,39.787,9.158,23.234,5.37,2.6024,Consumer Staples,$9.12
05/22/2026,1630,HTZ,2.066,"1,674 M",92.606,-2.1394,-1.8478,121.56,-2.05,<empty>,Industrials,($3.72)
05/22/2026,1630,HUBS,1.25,"10,339 M",9.3649,129.78,6.3512,5.0112,1.9,<empty>,Information Technology,$11.56
05/22/2026,1630,HUM,.6559,"36,973 M",37.42,18.528,1.1204,6.2799,9.37,2.0416,Health Care,$10.57
05/22/2026,1630,HYG,.4038,"16,350 M",<empty>,<empty>,<empty>,<empty>,<empty>,<empty>,,<empty>
05/22/2026,1630,HYLS,.4002,"1,637 M",<empty>,<empty>,<empty>,<empty>,<empty>,<empty>,,<empty>
05/22/2026,1630,IAK,.5645,376 M,<empty>,<empty>,<empty>,<empty>,<empty>,<empty>,,<empty>
05/22/2026,1630,IBB,.7404,"7,891 M",<empty>,<empty>,<empty>,<empty>,<empty>,<empty>,,<empty>
05/22/2026,1630,IBIT,.7156,"61,122 M",<empty>,<empty>,<empty>,<empty>,<empty>,<empty>,,<empty>
05/22/2026,1630,IDX,.363,24 M,<empty>,<empty>,<empty>,<empty>,<empty>,<empty>,,<empty>
05/22/2026,1630,IDXX,1.591,"44,125 M",14.976,41.333,28.613,72.915,13.59,<empty>,Health Care,$13.35
05/22/2026,1630,IEF,.2634,"47,691 M",<empty>,<empty>,<empty>,<empty>,<empty>,<empty>,,<empty>
05/22/2026,1630,IFF,.9949,"19,219 M",25.683,22.485,1.3112,6.0513,3.23,2.2054,Materials,$1.55
05/22/2026,1630,IGLB,.6327,"2,603 M",<empty>,<empty>,<empty>,<empty>,<empty>,<empty>,,<empty>
05/22/2026,1630,IGSB,.1232,"21,990 M",<empty>,<empty>,<empty>,<empty>,<empty>,<empty>,,<empty>
05/22/2026,1630,IIGD,.1428,31 M,<empty>,<empty>,<empty>,<empty>,<empty>,<empty>,,<empty>
05/22/2026,1630,IJT,1.07,"7,473 M",<empty>,<empty>,<empty>,<empty>,<empty>,<empty>,,<empty>
05/22/2026,1630,ILMN,1.493,"21,849 M",37.644,21.328,6.6838,33.822,5.5,<empty>,Health Care,$6.35
05/22/2026,1630,INDA,.4596,"6,758 M",<empty>,<empty>,<empty>,<empty>,<empty>,<empty>,,<empty>
05/22/2026,1630,INDY,.4577,564 M,<empty>,<empty>,<empty>,<empty>,<empty>,<empty>,,<empty>
05/22/2026,1630,INFL,.7132,"1,605 M",<empty>,<empty>,<empty>,<empty>,<empty>,<empty>,,<empty>
05/22/2026,1630,INMD,2.016,836 M,.7249,10.07,1.3116,13.617,1.35,<empty>,Health Care,$1.35
05/22/2026,1630,INTC,1.939,"602,316 M",25.307,-64.07,1.9448,-2.9109,-.6,0,Information Technology,($0.66)
05/22/2026,1630,INVH,.8442,"17,399 M",49.197,26.165,1.6236,6.1925,.95,4.7485,Real Estate,$1.96
05/22/2026,1630,IONQ,2.941,"23,755 M",.4238,31.291,2.1621,11.286,.39,<empty>,Information Technology,($1.35)
05/22/2026,1630,IPO,1.342,154 M,<empty>,<empty>,<empty>,<empty>,<empty>,<empty>,,<empty>
05/22/2026,1630,IRM,1.22,"37,625 M",101.73,111.02,-25.008,-43.894,.92,3.2289,Real Estate,($2.64)
05/22/2026,1630,IRT,1.005,"3,974 M",38.71,74.737,1.0324,1.38,.2,4.5668,Real Estate,$0.59
05/22/2026,1630,ITA,.7286,"13,826 M",<empty>,<empty>,<empty>,<empty>,<empty>,<empty>,,<empty>
05/22/2026,1630,ITB,1.303,"2,524 M",<empty>,<empty>,<empty>,<empty>,<empty>,<empty>,,<empty>
05/22/2026,1630,ITW,1.044,"72,558 M",53.345,24.162,23.192,96.848,10.77,2.4319,Industrials,$9.44
05/22/2026,1630,IVOL,.0286,326 M,<empty>,<empty>,<empty>,<empty>,<empty>,<empty>,,<empty>
05/22/2026,1630,IWC,1.103,"1,410 M",<empty>,<empty>,<empty>,<empty>,<empty>,<empty>,,<empty>
05/22/2026,1630,IWF,.1451,"129,219 M",<empty>,<empty>,<empty>,<empty>,<empty>,<empty>,,<empty>
05/22/2026,1630,IWM,1.116,"76,868 M",<empty>,<empty>,<empty>,<empty>,<empty>,<empty>,,<empty>
05/22/2026,1630,IWN,1.032,"13,714 M",<empty>,<empty>,<empty>,<empty>,<empty>,<empty>,,<empty>
05/22/2026,1630,IWO,1.194,"14,354 M",<empty>,<empty>,<empty>,<empty>,<empty>,<empty>,,<empty>
05/22/2026,1630,J,.7178,"13,543 M",56.584,36.691,4.5186,9.3811,3.22,1.0485,Industrials,$4.07
05/22/2026,1630,JACK,1.497,220 M,144.96,-2.0759,-.23664,11.114,1.87,0,Consumer Discretionary,$0.57
05/22/2026,1630,JBHT,1.283,"24,402 M",29.681,32.823,5.5593,16.676,6.44,.8353,Industrials,$10.78
05/22/2026,1630,JBLU,1.789,"1,879 M",76.49,-2.2712,.90847,-33.514,-1.93,<empty>,Industrials,($3.18)
05/22/2026,1630,JBSAY,.1408,"32,030 M",66.335,16.662,4.1911,25.443,.8606,6.1101,Consumer Staples,$1.04
05/22/2026,1630,JETS,1.176,796 M,<empty>,<empty>,<empty>,<empty>,<empty>,<empty>,,<empty>
05/22/2026,1630,JNJ,.2679,"564,107 M",27.558,27.845,7.1276,26.416,8.63,2.1626,Health Care,$7.23
05/22/2026,1630,JNK,.4182,"7,669 M",<empty>,<empty>,<empty>,<empty>,<empty>,<empty>,,<empty>
05/22/2026,1630,JOBY,2.491,"10,741 M",27.181,-7.5094,4.1375,-67.968,-1.14,<empty>,Industrials,($0.76)
05/22/2026,1630,JOE,1.334,"3,663 M",41.359,32.491,4.7145,14.867,1.93,.95541,Real Estate,$3.45
05/22/2026,1630,JOET,1.033,234 M,<empty>,<empty>,<empty>,<empty>,<empty>,<empty>,,<empty>
05/22/2026,1630,JPM,1.009,"820,949 M",<empty>,14.091,2.2913,16.465,20.89,2.0057,Financials,($39.16)
05/22/2026,1630,JPXN,.5451,133 M,<empty>,<empty>,<empty>,<empty>,<empty>,<empty>,,<empty>
05/22/2026,1630,JYNT,1.133,128 M,10.048,102.42,7.841,6.995,.22,<empty>,Health Care,$0.18
05/22/2026,1630,K,.2238,"29,031 M",45.493,21.302,6.452,32.112,3.66,2.9382,Consumer Staples,$1.73
05/22/2026,1630,KBA,.3669,183 M,<empty>,<empty>,<empty>,<empty>,<empty>,<empty>,,<empty>
05/22/2026,1630,KBWP,.4379,253 M,<empty>,<empty>,<empty>,<empty>,<empty>,<empty>,,<empty>
05/22/2026,1630,KCE,1.243,453 M,<empty>,<empty>,<empty>,<empty>,<empty>,<empty>,,<empty>
05/22/2026,1630,KDP,1,"39,619 M",37.97,19.527,1.418,6.3121,1.35,3.4941,Consumer Staples,$1.16
05/22/2026,1630,KEMX,.8806,127 M,<empty>,<empty>,<empty>,<empty>,<empty>,<empty>,,<empty>
05/22/2026,1630,KHC,1,"28,210 M",30.425,-4.5311,.62351,-12.576,-4.86,7.2595,Consumer Staples,$3.33
05/22/2026,1630,KLAC,1.47,"246,674 M",50.888,41.682,33.009,94.976,35.31,.51616,Information Technology,$30.49
05/22/2026,1630,KMX,1.222,"5,720 M",72.691,25.707,1.0395,4.0767,1.68,<empty>,Consumer Discretionary,$8.44
05/22/2026,1630,KNX,1.145,"11,394 M",21.103,274.94,1.3263,.4781,.21,1.2852,Industrials,$3.05
05/22/2026,1630,KO,.3656,"350,566 M",49.492,24.126,9.8155,43.372,3.18,2.6851,Consumer Staples,$2.92
05/22/2026,1630,KR,.4666,"41,464 M",72.564,40.812,6.5215,14.405,1.54,2.1798,Consumer Staples,$5.30
05/22/2026,1630,KRE,.8472,"3,854 M",<empty>,<empty>,<empty>,<empty>,<empty>,<empty>,,<empty>
05/22/2026,1630,KSA,.3041,686 M,<empty>,<empty>,<empty>,<empty>,<empty>,<empty>,,<empty>
05/22/2026,1630,KSS,1.507,"1,466 M",60.414,7.3403,.48336,6.9299,2.38,2.8621,Consumer Discretionary,$9.00
05/22/2026,1630,KVUE,.23,"33,658 M",36.945,20.858,3.1709,15.701,.84,4.7232,Consumer Staples,$0.95
05/22/2026,1630,KW,.9129,"1,531 M",64.936,95.2,2.071,4.951,.12,4.4362,Real Estate,($0.49)
05/22/2026,1630,KWEB,.2987,"6,916 M",<empty>,<empty>,<empty>,<empty>,<empty>,<empty>,,<empty>
05/22/2026,1630,LAMR,1.205,"15,536 M",76.042,23.366,13.253,55.202,5.42,4.9345,Real Estate,$7.25
05/22/2026,1630,LCID,.8315,"2,279 M",45.826,-.74152,-8.9544,-97.588,-13.14,<empty>,Consumer Discretionary,($14.63)
05/22/2026,1630,LEVI,1.316,"8,469 M",45.32,16.313,3.8621,25.413,1.56,2.482,Consumer Discretionary,$1.20
05/22/2026,1630,LFMD,1.783,203 M,25.941,-7.8269,11.411,-238.45,.07,<empty>,Health Care,($0.10)
05/22/2026,1630,LFST,1.319,"2,822 M",21.046,109.03,1.6721,1.5809,.06,<empty>,Health Care,$0.37
05/22/2026,1630,LH,.915,"21,314 M",41.186,23.641,2.5157,11.047,11.29,1.0794,Health Care,$16.70
05/22/2026,1630,LI,.5158,"16,185 M",10.892,109.54,1.6529,1.5774,.1544,<empty>,Consumer Discretionary,($1.82)
05/22/2026,1630,LII,1.203,"16,865 M",47.081,20.58,13.309,76.791,22.51,1.1204,Industrials,$18.86
05/22/2026,1630,LIN,.7391,"239,302 M",<empty>,<empty>,<empty>,<empty>,15.08,<empty>,,<empty>
05/22/2026,1630,LIT,1.023,"2,184 M",<empty>,<empty>,<empty>,<empty>,<empty>,<empty>,,<empty>
05/22/2026,1630,LLY,.4977,"949,705 M",52.797,32.673,26.342,107.46,28.15,.67734,Health Care,$11.81
05/22/2026,1630,LMND,1.751,"4,342 M",27.895,-33.75,9.2915,-26.121,-1.85,<empty>,Financials,$0.26
05/22/2026,1630,LMT,.0843,"122,946 M",72.834,29.866,18.914,67.64,20.65,2.1921,Industrials,$24.45
05/22/2026,1630,LNG,.0449,"50,471 M",69.874,42.18,15.877,28.92,5.91,.76297,Energy,$10.16
05/22/2026,1630,LOGI,1.082,"16,163 M",3.0693,18.854,5.8727,32.783,4.8,1.3895,Information Technology,$6.65
05/22/2026,1630,LOTMY,.7675,"6,855 M",80.469,31.927,17.111,38.969,.8936,1.7771,Consumer Discretionary,$1.91
05/22/2026,1630,LOW,.8817,"120,632 M",122.3,19.724,-14.121,-58.968,11.83,2.0572,Consumer Discretionary,$13.63
05/22/2026,1630,LQD,.4438,"29,195 M",<empty>,<empty>,<empty>,<empty>,<empty>,<empty>,,<empty>
05/22/2026,1630,LRCX,1.829,"381,862 M",26.052,39.931,24.977,66.762,5.29,.47774,Information Technology,$4.76
05/22/2026,1630,LUV,1.155,"19,971 M",39.522,24.632,2.671,10.062,1.5,1.9164,Industrials,($0.73)
05/22/2026,1630,LUXE,1.13,958 M,11.059,2.0591,.7812,56.89,5.763,<empty>,Consumer Discretionary,($1.21)
05/22/2026,1630,LVS,.8141,"32,754 M",80.252,19.898,29.817,90.455,2.71,2.0416,Consumer Discretionary,$3.30
05/22/2026,1630,LW,.4515,"6,042 M",62.294,22.592,3.6717,17.355,2.13,3.0868,Consumer Staples,$4.54
05/22/2026,1630,LYB,.389,"22,505 M",51.521,-37.958,2.5899,-6.0088,-2.5,5.9583,Materials,$2.82
05/22/2026,1630,LYFT,2,"5,278 M",27.17,1.8894,1.6814,147.81,6.84,<empty>,Industrials,$2.77
05/22/2026,1630,LYV,1.134,"38,526 M",73.085,-86.112,-252.53,14.927,-1.77,<empty>,Communication Services,$5.19
05/22/2026,1630,M,2.466,"5,449 M",49.909,8.6293,1.0834,13.642,2.32,3.6464,Consumer Discretionary,$2.55
05/22/2026,1630,MA,.7471,"440,502 M",67.02,28.905,65.955,232.08,17.28,.65244,Financials,$18.98
05/22/2026,1630,MAC,2.093,"6,284 M",59.998,-26.218,2.0205,-7.1083,-.72,3.5979,Real Estate,$1.22
05/22/2026,1630,MAR,1.104,"97,341 M",121.65,34.252,-21.157,-71.185,9.55,.8194,Consumer Discretionary,$9.16
05/22/2026,1630,MARA,4.877,"5,265 M",47.179,-1.4582,1.3925,-67.333,-5.45,<empty>,Information Technology,($3.68)
05/22/2026,1630,MCD,.4149,"200,554 M",101.08,25.617,-171.71,-366.16,12.13,2.336,Consumer Discretionary,$9.88
05/22/2026,1630,MCHP,1.662,"50,558 M",46.077,293.9,5.4391,3.4047,.22,2.8169,Information Technology,$1.37
05/22/2026,1630,MCK,.328,"92,086 M",88.934,22.547,-47.81,-403.4,38.38,.36632,Health Care,$43.77
05/22/2026,1630,MCO,1.35,"78,451 M",63.844,31.303,25.452,71.361,13.94,.88252,Financials,$15.41
05/22/2026,1630,MCW,1.283,"2,335 M",57.971,21.114,1.9494,9.9823,.33,<empty>,Consumer Discretionary,$0.09
05/22/2026,1630,MDB,1.659,"26,253 M",1.5617,-424.02,10.124,-2.4814,-.88,<empty>,Information Technology,$6.16
05/22/2026,1630,MDLZ,.4001,"79,278 M",33.876,28.511,2.8734,10.161,2.02,3.4178,Consumer Staples,$2.00
05/22/2026,1630,MELI,1.347,"84,381 M",33.393,45.654,12.039,31.258,37.89,<empty>,Consumer Discretionary,$234.59
05/22/2026,1630,META,1.235,"1,549,098 M",25.527,20.813,5.9589,32.93,27.5,.36705,Communication Services,$19.13
05/22/2026,1630,MGM,1.267,"9,825 M",89.93,53.225,3.8912,13.488,.73,<empty>,Consumer Discretionary,$5.81
05/22/2026,1630,MGPI,.4966,386 M,29.698,-1.6491,.67605,-34.072,-11.15,2.6101,Consumer Staples,$2.46
05/22/2026,1630,MICC,.7193,"9,827 M",81.773,28.454,13.338,17.88,.5638,<empty>,Consumer Staples,$0.24
05/22/2026,1630,MKOR,1.536,142 M,<empty>,<empty>,<empty>,<empty>,<empty>,<empty>,,<empty>
05/22/2026,1630,MLCO,.5595,"2,089 M",108.22,9.7768,-1.8087,-20.482,.579,<empty>,Consumer Discretionary,$1.20
05/22/2026,1630,MLM,1.1,"32,213 M",33.106,36.852,3.1295,9.4696,41.93,.55718,Materials,$17.13
05/22/2026,1630,MNDY,1.231,"4,045 M",15.919,30.177,4.374,12.834,2.29,<empty>,Information Technology,$6.00
05/22/2026,1630,MNSO,-.056,"4,099 M",37.722,33.449,3.7635,11.481,.9776,3.5527,Consumer Discretionary,$0.74
05/22/2026,1630,MNST,.5211,"84,881 M",.81,35.004,8.1196,26.654,2.07,<empty>,Consumer Staples,$2.10
05/22/2026,1630,MO,.5461,"123,405 M",112.21,13.791,-34.332,-243.26,4.79,6.3646,Consumer Staples,$5.14
05/22/2026,1630,MOH,.7282,"9,594 M",49.172,37.036,1.6989,4.4815,3.73,<empty>,Health Care,$4.84
05/22/2026,1630,MOO,.3519,947 M,<empty>,<empty>,<empty>,<empty>,<empty>,<empty>,,<empty>
05/22/2026,1630,MOVE:GIF,-4.435,0,<empty>,<empty>,<empty>,<empty>,<empty>,<empty>,,<empty>
05/22/2026,1630,MP,1.898,"11,475 M",28.341,-117.74,4.3588,-4.1672,-.4,<empty>,Materials,($1.81)
05/22/2026,1630,MPC,.5401,"74,342 M",54.899,15.898,4.2706,27.458,15.19,1.6013,Energy,$18.98
05/22/2026,1630,MPLX,.467,"57,302 M",61.408,12.374,4.1167,33.407,4.62,7.3349,Energy,$3.83
05/22/2026,1630,MPNGY,.0439,"62,361 M",29.251,-23.663,3.7538,-14.434,-1.121,<empty>,Consumer Discretionary,($0.64)
05/22/2026,1630,MRNA,1.069,"18,601 M",14.335,-6.2228,2.7224,-36.557,-8.14,<empty>,Health Care,($4.10)
05/22/2026,1630,MRVL,2.211,"171,897 M",22.169,25.707,4.6734,19.254,3.07,.30411,Information Technology,$1.62
05/22/2026,1630,MSFT,1.082,"3,109,320 M",19.821,22.047,6.6366,34.014,16.79,.96172,Information Technology,$9.81
05/22/2026,1630,MSGS,.5884,"8,520 M",125.44,-347.23,-26.192,7.7104,-.92,<empty>,Communication Services,$2.20
05/22/2026,1630,MSM,.9894,"5,946 M",11.318,25.224,3.7869,15.002,3.72,3.6871,Industrials,$3.86
05/22/2026,1630,MSTR,3.311,"56,139 M",15.263,-2.9019,1.1779,-30.756,-36.99,<empty>,Information Technology,($2.32)
05/22/2026,1630,MTCH,1.409,"8,351 M",94.526,11.751,-32.932,-330.68,2.62,2.5073,Communication Services,$4.28
05/22/2026,1630,MTDR,.8126,"7,033 M",37.595,16.262,1.4051,10.084,3.88,2.1763,Energy,$0.48
05/22/2026,1630,MTUM,1.064,"26,504 M",<empty>,<empty>,<empty>,<empty>,<empty>,<empty>,,<empty>
05/22/2026,1630,MU,1.894,"846,928 M",12.267,19.549,6.4692,39.823,21.19,.11912,Information Technology,$9.16
05/22/2026,1630,MUR,.5621,"5,447 M",26.913,70.465,1.1597,2.2351,.59,3.2121,Energy,$1.25
05/22/2026,1630,MUSA,.3097,"10,025 M",79.125,17.088,13.851,80.345,28.75,.46359,Consumer Discretionary,$29.30
05/22/2026,1630,MZTI,.3807,"3,154 M",3.4386,21.651,3.6307,17.231,6.39,2.8194,Consumer Staples,$9.04
05/22/2026,1630,N225:JP,<empty>,0,<empty>,<empty>,<empty>,<empty>,<empty>,<empty>,,<empty>
05/22/2026,1630,NBIS,2.084,"54,530 M",56.307,35.877,3.6699,14.136,2.92,<empty>,Information Technology,($12.74)
05/22/2026,1630,NBIX,.3648,"15,756 M",10.494,20.26,3.8895,22.5,6.5,<empty>,Health Care,$8.34
05/22/2026,1630,NCLH,1.903,"7,483 M",80.338,15.543,3.5309,29.533,1.24,<empty>,Consumer Discretionary,($2.10)
05/22/2026,1630,NEE,.7149,"184,680 M",54.929,23.587,3.5074,10.325,3.94,2.5008,Utilities,($7.43)
05/22/2026,1630,NEM,.4447,"114,911 M",13.33,14.07,3.3257,25.832,7.71,.94226,Materials,$8.43
05/22/2026,1630,NET,1.612,"76,409 M",42.715,-832.94,47.76,-5.8755,-.25,<empty>,Information Technology,$0.80
05/22/2026,1630,NFLX,1.666,"373,077 M",31.982,31.057,13.013,48.495,3.1,<empty>,Communication Services,$2.81
05/22/2026,1630,NIKL,.9401,72 M,<empty>,<empty>,<empty>,<empty>,<empty>,<empty>,,<empty>
05/22/2026,1630,NKE,1.145,"66,151 M",38.333,40.994,6.5313,16.016,1.52,2.6053,Consumer Discretionary,$0.71
05/22/2026,1630,NLR,.8153,"4,772 M",<empty>,<empty>,<empty>,<empty>,<empty>,<empty>,,<empty>
05/22/2026,1630,NNN,.804,"8,561 M",48.738,20.459,1.8193,8.8501,2.05,5.6626,Real Estate,$3.46
05/22/2026,1630,NOAH,.8139,656 M,.5982,8.8315,.47595,5.5733,1.136,6.6443,Financials,$1.73
05/22/2026,1630,NORW,.7268,158 M,<empty>,<empty>,<empty>,<empty>,<empty>,<empty>,,<empty>
05/22/2026,1630,NOW,.8391,"105,327 M",16.336,62.24,9.1937,16.07,1.68,<empty>,Information Technology,$4.46
05/22/2026,1630,NSA,1.087,"3,298 M",62.368,50.351,5.1128,7.8575,.75,6.0413,Real Estate,$3.59
05/22/2026,1630,NSC,1.277,"70,642 M",50.917,24.184,4.0786,17.615,11.87,1.8815,Industrials,$7.20
05/22/2026,1630,NSP,.5799,"1,225 M",86.519,-40.97,15.404,-26.882,-.68,8.8757,Industrials,$1.76
05/22/2026,1630,NSSC,1.365,"1,337 M",2.8508,38.221,7.9159,21.744,1.03,1.4471,Information Technology,$1.58
05/22/2026,1630,NTLA,1.952,"1,761 M",8.7528,-3.6428,2.4868,-56.336,-3.52,<empty>,Health Care,($3.24)
05/22/2026,1630,NTR,.6701,"33,664 M",24.994,15.318,1.4425,9.8128,4.91,2.8951,Materials,$4.56
05/22/2026,1630,NUE,1.839,"52,836 M",23.177,17.092,1.8308,12.285,10.08,1.2873,Materials,$2.32
05/22/2026,1630,NVDA,2.275,"5,215,508 M",5.4604,31.896,25.876,114.29,6.53,.0144,Information Technology,$4.36
05/22/2026,1630,NVO,.7942,"199,254 M",34.103,8.4237,5.0515,71.402,4.203,5.0671,Health Care,$1.08
05/22/2026,1630,NXPI,1.696,"79,900 M",47.717,18.33,4.4311,25.813,10.46,2.1163,Information Technology,$10.12
05/22/2026,1630,NYT,.9812,"12,133 M",1.7509,35.932,6.7374,19.677,2.33,.91962,Communication Services,$3.33
05/22/2026,1630,O,.7461,"57,833 M",39.589,50.136,1.4573,2.8312,1.22,5.2852,Real Estate,$4.45
05/22/2026,1630,OC,1.316,"9,456 M",52.73,-22.105,2.3907,-9.3877,-6.44,2.7352,Industrials,$10.00
05/22/2026,1630,OIH,.8808,"2,509 M",<empty>,<empty>,<empty>,<empty>,<empty>,<empty>,,<empty>
05/22/2026,1630,OKE,.7733,"59,242 M",54.799,16.139,2.5472,15.903,5.61,4.6465,Energy,$3.56
05/22/2026,1630,OKLO,2.462,"11,463 M",.0601,-59.395,3.2677,-8.8665,-.84,<empty>,Utilities,($0.99)
05/22/2026,1630,OKTA,.7321,"16,174 M",.9664,64.414,2.1408,3.5064,1.31,<empty>,Information Technology,$4.91
05/22/2026,1630,OLLI,.4941,"4,965 M",22.397,28.357,3.5692,13.428,3.89,<empty>,Consumer Discretionary,$3.17
05/22/2026,1630,OMF,1.18,"6,179 M",86.897,7.9775,1.8315,23.915,6.71,7.8145,Financials,$27.17
05/22/2026,1630,ON,1.83,"45,179 M",30.418,44.003,3.3377,7.4939,1.36,<empty>,Information Technology,$2.92
05/22/2026,1630,ONEW,1.528,179 M,35.884,-1.2661,.58287,-37.742,-7.66,<empty>,Consumer Discretionary,$4.09
05/22/2026,1630,ONON,2.077,"13,270 M",19.756,36.334,5.0914,15.502,.9375,<empty>,Consumer Discretionary,$1.19
05/22/2026,1630,ONTO,1.597,"13,045 M",.5315,95.387,4.7843,5.2526,2.15,<empty>,Information Technology,$4.85
05/22/2026,1630,ORCL,1.53,"552,431 M",74.02,26.09,12.463,57.572,5.57,1.3755,Information Technology,($8.70)
05/22/2026,1630,ORLY,.5498,"76,026 M",108.11,30.047,-72.001,-214.8,3.07,<empty>,Consumer Discretionary,$2.26
05/22/2026,1630,OSCR,2.136,"6,826 M",22.437,-75.806,2.0599,-2.6229,-.54,<empty>,Financials,$10.21
05/22/2026,1630,OSK,1.279,"8,013 M",10.7,16.33,2.0602,13.284,8.98,1.4265,Industrials,$12.88
05/22/2026,1630,OTLY,1.114,317 M,35.787,-2.0434,89.619,-241.58,-5,<empty>,Consumer Staples,($0.98)
05/22/2026,1630,OUT,1.484,"5,916 M",82.096,25.092,7.0504,26.812,1.07,4.5283,Real Estate,$1.36
05/22/2026,1630,OVX:CGI,-2.612,0,<empty>,<empty>,<empty>,<empty>,<empty>,<empty>,,<empty>
05/22/2026,1630,OXLC,.6445,940 M,27.419,438.23,.8821,.2162,.44,31.896,,($6.38)
05/22/2026,1630,OXM,.98,622 M,46.271,-19.771,1.0736,-4.904,-1.86,7.4898,Consumer Discretionary,$0.76
05/22/2026,1630,OXY,.2053,"58,494 M",28.136,87.869,2.1024,4.0527,3.97,1.5077,Energy,$3.15
05/22/2026,1630,PAG,.8719,"10,831 M",30.928,10.815,1.7358,16.483,13.83,2.7421,Consumer Discretionary,$9.05
05/22/2026,1630,PALL,-.1467,744 M,<empty>,<empty>,<empty>,<empty>,<empty>,<empty>,,<empty>
05/22/2026,1630,PAM,.9069,"4,336 M",32.474,11.683,1.3545,12.103,8.25,<empty>,Utilities,($0.46)
05/22/2026,1630,PATH,.4959,"5,688 M",3.2784,24.212,3.2466,14.374,.52,<empty>,Information Technology,$0.65
05/22/2026,1630,PBD,1.348,227 M,<empty>,<empty>,<empty>,<empty>,<empty>,<empty>,,<empty>
05/22/2026,1630,PBH,.3719,"2,274 M",35.216,15.159,1.4859,10.225,3.91,<empty>,Health Care,$5.09
05/22/2026,1630,PBJ,.4974,92 M,<empty>,<empty>,<empty>,<empty>,<empty>,<empty>,,<empty>
05/22/2026,1630,PBR,.4305,"128,243 M",37.313,5.8308,1.4091,25.601,3.087,6.1458,Energy,$1.29
05/22/2026,1630,PCAR,.9828,"57,549 M",42.942,24.574,3.0766,13.108,4.7,1.1429,Industrials,$5.89
05/22/2026,1630,PD,.8107,552 M,59.698,5.6685,3.5369,82.496,1.87,<empty>,Information Technology,$1.13
05/22/2026,1630,PDD,1,"134,539 M",.6877,12.014,2.7303,26.928,9.433,<empty>,Consumer Discretionary,$10.82
05/22/2026,1630,PEB,1.489,"1,676 M",42.202,-15.885,.58557,-1.8442,-.79,.31671,Real Estate,$2.05
05/22/2026,1630,PECO,.4557,"5,076 M",49.106,40.849,2.0685,4.8962,.92,3.3955,Real Estate,$1.65
05/22/2026,1630,PENN,1.417,"2,259 M",81.999,-2.1924,1.0446,-40.059,-6.58,<empty>,Consumer Discretionary,($0.47)
05/22/2026,1630,PEP,.379,"205,794 M",57.332,23.553,9.599,43.879,6.37,3.7923,Consumer Staples,$6.46
05/22/2026,1630,PFE,.3124,"147,616 M",39.217,20.633,1.7103,8.3097,1.31,6.361,Health Care,$1.67
05/22/2026,1630,PFF,.5303,"13,725 M",<empty>,<empty>,<empty>,<empty>,<empty>,<empty>,,<empty>
05/22/2026,1630,PFG,.8787,"22,433 M",23.718,12.897,1.6508,13.386,6.97,3.4735,Financials,$16.45
05/22/2026,1630,PFIG,.2225,113 M,<empty>,<empty>,<empty>,<empty>,<empty>,<empty>,,<empty>
05/22/2026,1630,PFIX,-.0363,221 M,<empty>,<empty>,<empty>,<empty>,<empty>,<empty>,,<empty>
05/22/2026,1630,PG,.3945,"336,343 M",25.995,21.124,6.258,31.112,6.84,2.9266,Consumer Staples,$6.43
05/22/2026,1630,PGNY,1.013,"1,949 M",4.9828,22.218,3.0012,14.935,.77,<empty>,Health Care,$2.18
05/22/2026,1630,PGRO,1.165,116 M,<empty>,<empty>,<empty>,<empty>,<empty>,<empty>,,<empty>
05/22/2026,1630,PINK,.7257,255 M,<empty>,<empty>,<empty>,<empty>,<empty>,<empty>,,<empty>
05/22/2026,1630,PINS,.9069,"10,805 M",29.713,37.014,3.6909,8.8697,.48,<empty>,Communication Services,$1.82
05/22/2026,1630,PJP,.4698,339 M,<empty>,<empty>,<empty>,<empty>,<empty>,<empty>,,<empty>
05/22/2026,1630,PK,1.361,"2,318 M",39.135,-9.6636,.68626,-6.4306,-1.09,9.4967,Real Estate,$1.87
05/22/2026,1630,PKB,1.277,424 M,<empty>,<empty>,<empty>,<empty>,<empty>,<empty>,,<empty>
05/22/2026,1630,PLAY,1.748,408 M,95.113,-13.832,7.4034,-41.097,-1.4,<empty>,Consumer Discretionary,($2.90)
05/22/2026,1630,PLD,1.361,"136,028 M",36.743,33.286,2.306,6.8444,3.98,3.1018,Real Estate,$5.53
05/22/2026,1630,PLNT,1.034,"4,119 M",116.65,26.817,-12.204,-65.46,2.77,<empty>,Consumer Discretionary,$3.23
05/22/2026,1630,PLTR,1.45,"328,144 M",2.4175,164.44,41.499,32.587,.89,<empty>,Information Technology,$1.13
05/22/2026,1630,PM,.4349,"294,552 M",98.068,23.288,-27.771,-142.89,7.1,3.4837,Consumer Staples,$6.85
05/22/2026,1630,PNC,.9084,"88,035 M",<empty>,12.091,1.4487,12.104,17.21,3.2198,Financials,$16.37
05/22/2026,1630,PNDRY,1.648,"6,457 M",68.748,6.8043,8.4377,129.43,1.275,4.849,Consumer Discretionary,$11.65
05/22/2026,1630,POET,.5556,"2,512 M",.5396,-9.3088,4.547,-61.584,-.84,<empty>,Information Technology,($0.36)
05/22/2026,1630,POOL,1.114,"6,729 M",53.932,18.526,6.5066,34.241,10.88,2.4712,Consumer Discretionary,$8.48
05/22/2026,1630,PPLT,-.0574,238 M,<empty>,<empty>,<empty>,<empty>,<empty>,<empty>,,<empty>
05/22/2026,1630,PR,.5389,"17,114 M",24.084,24.783,1.5755,6.8565,.89,2.8612,Energy,$0.46
05/22/2026,1630,PRAA,1.074,558 M,77.928,-2.4245,.66594,-22.755,-7.15,<empty>,Financials,($0.34)
05/22/2026,1630,PRGO,.5091,"1,552 M",59.916,-.73776,.52669,-52.232,-13.11,12.172,Health Care,$0.81
05/22/2026,1630,PRMB,.5159,"8,524 M",64.007,99.847,2.311,2.321,.15,2.2305,Consumer Staples,$0.72
05/22/2026,1630,PRVA,.9355,"2,872 M",.8475,121.32,3.4332,3.6148,.17,<empty>,Health Care,$1.12
05/22/2026,1630,PSA,.9772,"53,585 M",46.802,27.983,9.7555,20.175,9.68,4.43,Real Estate,$18.46
05/22/2026,1630,PSCE,.7752,126 M,<empty>,<empty>,<empty>,<empty>,<empty>,<empty>,,<empty>
05/22/2026,1630,PSCI,1.151,173 M,<empty>,<empty>,<empty>,<empty>,<empty>,<empty>,,<empty>
05/22/2026,1630,PSCU,.7481,17 M,<empty>,<empty>,<empty>,<empty>,<empty>,<empty>,,<empty>
05/22/2026,1630,PSP,1.271,257 M,<empty>,<empty>,<empty>,<empty>,<empty>,<empty>,,<empty>
05/22/2026,1630,PSX,.6912,"71,242 M",32.877,17.954,2.5604,14.547,10.12,2.6732,Energy,$0.29
05/22/2026,1630,PTLO,1.593,292 M,48.065,24.786,.79368,3.333,.21,<empty>,Consumer Discretionary,($0.14)
05/22/2026,1630,PVH,1.21,"4,097 M",43.325,119.92,.59607,.5094,.52,.24054,Consumer Discretionary,$11.19
05/22/2026,1630,PYPL,1.428,"39,016 M",31.312,8.4739,2.0148,25.12,5.33,.92859,Financials,$5.85
05/22/2026,1630,PZZA,1.13,"1,099 M",176.78,37.986,-2.3264,-6.9633,.83,5.7935,Consumer Discretionary,$0.80
05/22/2026,1630,QAT,.3818,82 M,<empty>,<empty>,<empty>,<empty>,<empty>,<empty>,,<empty>
05/22/2026,1630,QBTS,2.55,"10,891 M",3.8533,-13.39,4.7495,-55.27,-1.14,<empty>,Information Technology,($0.30)
05/22/2026,1630,QCOM,1.463,"251,021 M",34.718,13.887,4.9347,36.083,9.3,2.8007,Information Technology,$11.61
05/22/2026,1630,QMOM,1.05,450 M,<empty>,<empty>,<empty>,<empty>,<empty>,<empty>,,<empty>
05/22/2026,1630,QQQ,1.223,"478,133 M",<empty>,<empty>,<empty>,<empty>,<empty>,<empty>,,<empty>
05/22/2026,1630,QS,2.579,"5,044 M",5.1454,-8.9578,3.5366,-37.996,-.71,<empty>,Consumer Discretionary,($0.48)
05/22/2026,1630,QSR,.5231,"26,156 M",73.41,23.789,6.8574,28.136,2.83,3.3965,Consumer Discretionary,$4.45
05/22/2026,1630,QTUM,1.315,"5,179 M",<empty>,<empty>,<empty>,<empty>,<empty>,<empty>,,<empty>
05/22/2026,1630,QUBT,2.536,"2,776 M",.2294,-31.982,.9671,-4.368,-.26,<empty>,Information Technology,($0.23)
05/22/2026,1630,R,.9951,"9,441 M",57.875,16.921,2.7713,16.925,12,1.7293,Industrials,$23.44
05/22/2026,1630,RBLX,1.501,"34,482 M",74.261,-36.103,93.716,-311.93,-1.57,<empty>,Communication Services,$2.18
05/22/2026,1630,RCL,1.767,"68,685 M",63.686,16.746,7.523,49.576,16.39,1.5444,Consumer Discretionary,$5.05
05/22/2026,1630,RDNT,1.416,"4,278 M",56.015,-295.71,4.0627,1.7717,-.17,<empty>,Health Care,$1.34
05/22/2026,1630,REAL,2.557,"1,108 M",420.43,-14.459,-3.0437,18.769,-.63,<empty>,Consumer Discretionary,$0.12
05/22/2026,1630,REG,.8505,"14,435 M",40.098,25.917,2.0718,8.0034,2.91,3.8594,Real Estate,$4.42
05/22/2026,1630,REGN,.2896,"66,980 M",5.8195,18.817,2.5059,14.548,40.96,.46335,Health Care,$36.48
05/22/2026,1630,REXR,1.241,"8,166 M",26.861,34.708,.90731,2.6984,.94,5.2704,Real Estate,$0.88
05/22/2026,1630,REZ,.8852,865 M,<empty>,<empty>,<empty>,<empty>,<empty>,<empty>,,<empty>
05/22/2026,1630,RGTI,3.18,"8,782 M",.7637,-16.416,7.9946,-57.092,-.89,<empty>,Information Technology,($0.25)
05/22/2026,1630,RH,1.933,"2,578 M",94.612,31.51,61.746,-242.33,6.31,<empty>,Consumer Discretionary,$13.29
05/22/2026,1630,RHP,1.197,"7,066 M",77.2,24.256,7.853,23.424,3.8,5.0938,Real Estate,$10.57
05/22/2026,1630,RIOT,3.745,"9,261 M",18.754,-.00642,1.9561,-32.486,-2.49,<empty>,Information Technology,($3.27)
05/22/2026,1630,RIVN,1.74,"19,096 M",52.981,-5.195,4.3068,-65.691,-2.92,<empty>,Consumer Discretionary,($2.50)
05/22/2026,1630,ROBO,1.394,"1,951 M",<empty>,<empty>,<empty>,<empty>,<empty>,<empty>,,<empty>
05/22/2026,1630,ROK,1.519,"50,328 M",37.353,37.27,11.338,27.183,9.63,1.4991,Industrials,$11.92
05/22/2026,1630,ROKU,1.972,"18,543 M",13.01,70.939,5.228,7.7545,1.35,<empty>,Communication Services,$3.65
05/22/2026,1630,ROST,.858,"75,644 M",34.955,28.54,9.8277,36.678,7.16,.85873,Consumer Discretionary,$6.85
05/22/2026,1630,RRC,.5387,"9,672 M",16.478,11.954,2.3129,21.134,3.78,.81895,Energy,$3.42
05/22/2026,1630,RRR,1.356,"3,238 M",92.634,17.063,21.628,114.21,3.1,1.9115,Consumer Discretionary,$4.17
05/22/2026,1630,RSI,1.632,"2,786 M",.9552,62.251,14.104,34.647,.34,<empty>,Consumer Discretionary,$1.21
05/22/2026,1630,RSP,.927,"87,782 M",<empty>,<empty>,<empty>,<empty>,<empty>,<empty>,,<empty>
05/22/2026,1630,RSPG,.5373,619 M,<empty>,<empty>,<empty>,<empty>,<empty>,<empty>,,<empty>
05/22/2026,1630,RSPU,.6192,552 M,<empty>,<empty>,<empty>,<empty>,<empty>,<empty>,,<empty>
05/22/2026,1630,RTO,1.014,"15,772 M",39.203,52.731,2.7618,5.3768,.927,2.0539,Industrials,$0.28
05/22/2026,1630,RUT,1.2,0,<empty>,<empty>,<empty>,<empty>,<empty>,<empty>,,<empty>
05/22/2026,1630,RVLV,1.66,"1,376 M",4.0173,25.224,3.0683,12.937,.9,<empty>,Consumer Discretionary,$0.69
05/22/2026,1630,RVX,-4.2,0,<empty>,<empty>,<empty>,<empty>,<empty>,<empty>,,<empty>
05/22/2026,1630,S,.7217,"6,389 M",.6271,-10.239,3.2858,-29.02,-1.37,<empty>,Information Technology,$0.16
05/22/2026,1630,SBAC,.9964,"21,803 M",115.6,18.097,-3.8417,-21.338,9.5,2.6611,Real Estate,$0.08
05/22/2026,1630,SBUX,1.011,"117,514 M",132.34,66.252,-11.686,-18.61,1.31,2.8453,Consumer Discretionary,$2.40
05/22/2026,1630,SCJ,.509,241 M,<empty>,<empty>,<empty>,<empty>,<empty>,<empty>,,<empty>
05/22/2026,1630,SE,1.679,"53,452 M",11.695,32.603,3.9403,14.856,2.54,<empty>,Consumer Discretionary,$7.77
05/22/2026,1630,SFD,.4126,"10,364 M",17.921,10.429,1.53,14.953,2.57,3.9809,Consumer Staples,$2.03
05/22/2026,1630,SFM,.6487,"8,155 M",53.587,14.908,5.1029,37.276,5.21,<empty>,Consumer Staples,$3.74
05/22/2026,1630,SG,2.025,"1,162 M",37.143,33.188,1.1422,3.6418,.12,<empty>,Consumer Discretionary,($1.07)
05/22/2026,1630,SHAK,1.59,"2,531 M",58.031,91.639,6.9581,8.5351,.98,<empty>,Consumer Discretionary,$0.40
05/22/2026,1630,SHEL,.0797,"238,561 M",26.208,14.81,1.5405,10.697,6.42,3.1179,Energy,$3.57
05/22/2026,1630,SHO,.9897,"1,978 M",33.28,82.584,1.0311,1.9021,.11,3.9956,Real Estate,$1.02
05/22/2026,1630,SHOC,1.816,239 M,<empty>,<empty>,<empty>,<empty>,<empty>,<empty>,,<empty>
05/22/2026,1630,SHOO,1.146,"3,064 M",32.162,31.769,2.714,8.5796,1.06,2.4764,Consumer Discretionary,$1.23
05/22/2026,1630,SHOP,2.609,"133,658 M",1.2854,116.85,12.343,11.311,1.02,<empty>,Information Technology,$1.63
05/22/2026,1630,SHY,.0485,"25,277 M",<empty>,<empty>,<empty>,<empty>,<empty>,<empty>,,<empty>
05/22/2026,1630,SHYG,.2876,"7,571 M",<empty>,<empty>,<empty>,<empty>,<empty>,<empty>,,<empty>
05/22/2026,1630,SIL,.8194,"4,965 M",<empty>,<empty>,<empty>,<empty>,<empty>,<empty>,,<empty>
05/22/2026,1630,SILJ,.8825,"3,767 M",<empty>,<empty>,<empty>,<empty>,<empty>,<empty>,,<empty>
05/22/2026,1630,SITM,2.91,"19,232 M",.0462,-365.24,7.8657,-2.6187,-.91,<empty>,Information Technology,$2.10
05/22/2026,1630,SIVR,.4722,"5,246 M",<empty>,<empty>,<empty>,<empty>,<empty>,<empty>,,<empty>
05/22/2026,1630,SJM,.2605,"11,023 M",54.77,-8.904,2.1368,-20.683,-11.79,4.177,Consumer Staples,$9.11
05/22/2026,1630,SKYY,1.213,"2,760 M",<empty>,<empty>,<empty>,<empty>,<empty>,<empty>,,<empty>
05/22/2026,1630,SLG,1.594,"3,078 M",50.499,-14.706,.7927,-3.4722,-2.51,7.2469,Real Estate,$0.83
05/22/2026,1630,SLV,.4751,"36,511 M",<empty>,<empty>,<empty>,<empty>,<empty>,<empty>,,<empty>
05/22/2026,1630,SLX,1.235,187 M,<empty>,<empty>,<empty>,<empty>,<empty>,<empty>,,<empty>
05/22/2026,1630,SMCI,1.67,"21,398 M",41.989,11.937,1.8076,17.877,1.9,<empty>,Information Technology,($11.46)
05/22/2026,1630,SMH,1.683,"65,869 M",<empty>,<empty>,<empty>,<empty>,<empty>,<empty>,,<empty>
05/22/2026,1630,SMIN,.4538,625 M,<empty>,<empty>,<empty>,<empty>,<empty>,<empty>,,<empty>
05/22/2026,1630,SMPL,.1685,"1,073 M",22.807,-15.727,1.0361,-6.3904,-1.13,<empty>,Consumer Staples,$1.48
05/22/2026,1630,SN,1.38,"15,855 M",<empty>,<empty>,<empty>,<empty>,4.96,<empty>,Consumer Discretionary,<empty>
05/22/2026,1630,SNAP,.5,"9,479 M",65.564,-18.995,3.7459,-18.648,-.24,<empty>,Communication Services,$0.36
05/22/2026,1630,SNDR,1.139,"5,849 M",11.351,47.16,1.5284,3.2586,.56,1.4606,Industrials,$1.48
05/22/2026,1630,SNOW,1.077,"59,685 M",57.693,-48.839,34.444,-53.908,-3.95,<empty>,Information Technology,$3.31
05/22/2026,1630,SOFI,2.157,"20,036 M",11.681,35.694,1.8821,6.5972,.45,<empty>,Financials,($5.31)
05/22/2026,1630,SOLZ,1.803,102 M,<empty>,<empty>,<empty>,<empty>,<empty>,<empty>,,<empty>
05/22/2026,1630,SOYB,.061,70 M,<empty>,<empty>,<empty>,<empty>,<empty>,<empty>,,<empty>
05/22/2026,1630,SPDN,-.982,213 M,<empty>,<empty>,<empty>,<empty>,<empty>,<empty>,,<empty>
05/22/2026,1630,SPG,1.355,"66,288 M",70.673,12.966,12.554,113.59,14.38,4.6373,Real Estate,$9.91
05/22/2026,1630,SPGI,1.088,"123,610 M",22.112,26.928,4.0388,13.94,15.81,.90516,Financials,$18.38
05/22/2026,1630,SPHD,.6239,"3,287 M",<empty>,<empty>,<empty>,<empty>,<empty>,<empty>,,<empty>
05/22/2026,1630,SPHR,1.682,"4,630 M",27.121,46.567,1.8662,5.4587,2.97,<empty>,Communication Services,$9.26
05/22/2026,1630,SPLV,.5685,"7,262 M",<empty>,<empty>,<empty>,<empty>,<empty>,<empty>,,<empty>
05/22/2026,1630,SPMO,1.086,"18,903 M",<empty>,<empty>,<empty>,<empty>,<empty>,<empty>,,<empty>
05/22/2026,1630,SPOT,1,"106,894 M",4.8786,32.558,10.77,37.988,14.77,<empty>,Communication Services,$17.81
05/22/2026,1630,SPX,1,0,<empty>,<empty>,<empty>,<empty>,<empty>,<empty>,,<empty>
05/22/2026,1630,SPY,1,"770,717 M",<empty>,<empty>,<empty>,<empty>,<empty>,<empty>,,<empty>
05/22/2026,1630,STKL,1.021,769 M,57.45,28.538,2.5686,9.0189,.13,<empty>,Consumer Staples,$0.16
05/22/2026,1630,STLD,1.451,"34,615 M",31.338,19.282,2.8369,15.247,9.33,1.1278,Materials,$4.54
05/22/2026,1630,STZ,.4126,"25,744 M",52.197,16.427,3.3745,22.637,9.61,2.5846,Consumer Staples,$10.23
05/22/2026,1630,SU,.3049,"79,511 M",21.757,17.54,2.3802,13.97,3.776,2.5432,Energy,$4.31
05/22/2026,1630,SVV,.7645,"1,263 M",71.345,53.033,2.6954,5.2351,.14,<empty>,Consumer Discretionary,$0.38
05/22/2026,1630,SWBI,.9755,688 M,22.609,45.401,1.337,2.9944,.24,4.7619,Consumer Discretionary,$1.22
05/22/2026,1630,SWKS,1.456,"12,396 M",9.3913,22.943,1.4397,6.1711,2.4,5.1277,Information Technology,$4.49
05/22/2026,1630,SXT,.7787,"4,872 M",38.635,25.497,3.0026,12.463,3.39,1.8973,Materials,$0.52
05/22/2026,1630,SYF,1.322,"24,161 M",<empty>,7.017,1.5026,21.78,9.66,1.7642,Financials,$27.15
05/22/2026,1630,SYY,.6759,"36,481 M",79.454,22.698,17.029,81.895,3.6,2.6406,Consumer Staples,$3.79
05/22/2026,1630,T,.1929,"175,515 M",52.705,9.6878,1.8413,18.37,3.04,3.8289,Communication Services,$2.44
05/22/2026,1630,TAN,1.295,"2,016 M",<empty>,<empty>,<empty>,<empty>,<empty>,<empty>,,<empty>
05/22/2026,1630,TAP,.4381,"7,980 M",23.785,-3.9925,.80418,-18.081,-10.55,4.3892,Consumer Staples,$5.96
05/22/2026,1630,TBIL,.0036,"7,087 M",<empty>,<empty>,<empty>,<empty>,<empty>,<empty>,,<empty>
05/22/2026,1630,TCEHY,.2381,"506,515 M",21.353,16.811,3.4108,20.515,3.452,1.1186,Communication Services,$3.19
05/22/2026,1630,TCNNF,1.661,"1,442 M",33.647,-14.005,.91489,-6.8522,-.43,<empty>,Health Care,$1.17
05/22/2026,1630,TEAM,.9361,"21,677 M",56.305,-82.689,19.866,-19.289,-.82,<empty>,Information Technology,$4.59
05/22/2026,1630,TEVA,.8365,"39,672 M",56.895,22.492,4.2626,21.599,1.34,<empty>,Health Care,$1.02
05/22/2026,1630,TFLO,-.0008,"6,594 M",<empty>,<empty>,<empty>,<empty>,<empty>,<empty>,,<empty>
05/22/2026,1630,TGS,.5628,"4,377 M",27.334,17.425,2.1323,14.34,2.083,4.1065,Energy,$0.15
05/22/2026,1630,TGT,.9965,"57,045 M",49.711,17.028,3.5705,22.015,7.57,3.5224,Consumer Staples,$6.68
05/22/2026,1630,THC,1.305,"14,969 M",59.513,9.8601,3.3761,30.292,19.23,<empty>,Health Care,$37.93
05/22/2026,1630,THD,.4477,265 M,<empty>,<empty>,<empty>,<empty>,<empty>,<empty>,,<empty>
05/22/2026,1630,TIGR,.4755,778 M,5.2906,10.31,1.9642,22.382,.93,<empty>,Financials,$7.42
05/22/2026,1630,TIP,.2767,"14,945 M",<empty>,<empty>,<empty>,<empty>,<empty>,<empty>,,<empty>
05/22/2026,1630,TJX,.6265,"175,017 M",46.646,30.5,16.885,61.25,5.14,1.1191,Consumer Discretionary,$4.93
05/22/2026,1630,TKO,.7847,"14,356 M",36.124,74.89,4.4776,6.7359,2.69,1.339,Communication Services,$21.29
05/22/2026,1630,TKR,1.152,"8,336 M",38.172,22.858,2.1787,10.277,4.4,1.3921,Industrials,$5.50
05/22/2026,1630,TLT,.5304,"43,178 M",<empty>,<empty>,<empty>,<empty>,<empty>,<empty>,,<empty>
05/22/2026,1630,TME,.7464,"14,424 M",5.7714,11.256,1.3267,11.95,.8217,2.6224,Communication Services,$0.84
05/22/2026,1630,TMO,.8743,"166,590 M",42.081,26.019,3.3872,13.523,18.19,.37181,Health Care,$17.97
05/22/2026,1630,TMUS,.3196,"207,210 M",64.455,22.321,4.0814,18.025,9.41,1.8759,Communication Services,$14.02
05/22/2026,1630,TNET,1.003,"1,966 M",90.865,10.886,20.245,217.81,3.38,3.0607,Industrials,$5.85
05/22/2026,1630,TNX:CGI,.0747,0,<empty>,<empty>,<empty>,<empty>,<empty>,<empty>,,<empty>
05/22/2026,1630,TOKE,.886,13 M,<empty>,<empty>,<empty>,<empty>,<empty>,<empty>,,<empty>
05/22/2026,1630,TOST,1.757,"13,433 M",.847,39.814,7.7265,22.495,.67,<empty>,Financials,$1.12
05/22/2026,1630,TPB,.9619,"1,743 M",43.837,29.759,4.5956,22.517,2.92,.35142,Consumer Staples,$0.07
05/22/2026,1630,TPL,.6288,"27,730 M",1.0066,65.098,21.037,36.466,7.29,.46359,Energy,$0.62
05/22/2026,1630,TPR,1.46,"27,981 M",78.446,44.667,41.16,60.914,3.28,1.1164,Consumer Discretionary,$8.53
05/22/2026,1630,TPYP,.6096,895 M,<empty>,<empty>,<empty>,<empty>,<empty>,<empty>,,<empty>
05/22/2026,1630,TRIP,.8802,"1,173 M",46.962,67.703,1.9877,2.9367,.11,<empty>,Communication Services,$1.54
05/22/2026,1630,TRP,.7297,"73,872 M",58.785,25.696,3.5912,11.328,2.29,3.9347,Energy,$2.54
05/22/2026,1630,TRU,1.6,"13,623 M",51.518,19.228,2.8063,15.254,3.61,.51308,Industrials,$3.59
05/22/2026,1630,TSLA,1.72,"1,599,976 M",13.363,341.28,16.595,4.9007,1.09,<empty>,Consumer Discretionary,$2.17
05/22/2026,1630,TSM,1.384,"2,098,032 M",13.3,23.911,7.7476,36.21,11.48,1.3636,Information Technology,$1.26
05/22/2026,1630,TSN,.4141,"22,906 M",30.216,50.514,1.2437,2.6189,1.27,3.1602,Consumer Staples,$3.45
05/22/2026,1630,TT,1.203,"99,700 M",29.655,31.815,10.73,36.63,12.93,.92864,Industrials,$14.11
05/22/2026,1630,TTD,1.148,"10,521 M",12.029,25.578,4.3558,16.735,.88,<empty>,Communication Services,$1.72
05/22/2026,1630,TTE,.1973,"203,616 M",27.139,13.874,1.6282,12.512,6.74,4.396,Energy,$4.99
05/22/2026,1630,TTWO,.99,"42,137 M",40.814,-11.738,13.557,-86.217,-1.62,<empty>,Communication Services,$2.66
05/22/2026,1630,TUA,-.0562,753 M,<empty>,<empty>,<empty>,<empty>,<empty>,<empty>,,<empty>
05/22/2026,1630,TUR,.3122,236 M,<empty>,<empty>,<empty>,<empty>,<empty>,<empty>,,<empty>
05/22/2026,1630,TWLO,1.372,"28,515 M",11.703,191.98,2.4586,1.3168,.66,<empty>,Information Technology,$5.89
05/22/2026,1630,TXG,2.19,"3,006 M",7.8215,-118.23,3.3628,-2.9786,-.17,<empty>,Health Care,$0.97
05/22/2026,1630,TXRH,.7646,"11,672 M",39.437,26.347,7.166,28.922,6.27,1.6895,Consumer Discretionary,$5.36
05/22/2026,1630,TXT,.9172,"15,968 M",31.129,16.788,1.9131,12.254,5.23,.09086,Industrials,$4.85
05/22/2026,1630,TYX:CGI,.0171,0,<empty>,<empty>,<empty>,<empty>,<empty>,<empty>,,<empty>
05/22/2026,1630,U,2.084,"11,162 M",31.18,-13.91,3.2175,-20.112,-1.57,<empty>,Information Technology,$1.08
05/22/2026,1630,UA,1.643,"2,302 M",35.383,-5.0864,1.781,-29.997,-1.16,<empty>,Consumer Discretionary,($0.38)
05/22/2026,1630,UAA,1.715,"2,345 M",35.383,-5.0864,1.781,-29.997,-1.16,<empty>,Consumer Discretionary,($0.38)
05/22/2026,1630,UAE,.4195,271 M,<empty>,<empty>,<empty>,<empty>,<empty>,<empty>,,<empty>
05/22/2026,1630,UAL,1.244,"32,444 M",59.705,8.2162,1.8825,25.727,11.18,<empty>,Industrials,$9.90
05/22/2026,1630,UBER,2,"146,197 M",31.974,17.783,5.9181,35.31,4.03,<empty>,Industrials,$4.72
05/22/2026,1630,UFO,1.262,"1,024 M",<empty>,<empty>,<empty>,<empty>,<empty>,<empty>,,<empty>
05/22/2026,1630,UGA,.0763,138 M,<empty>,<empty>,<empty>,<empty>,<empty>,<empty>,,<empty>
05/22/2026,1630,UHAL,1.078,"9,793 M",45.515,76.848,1.2518,1.6731,.47,5109278,Industrials,($8.17)
05/22/2026,1630,UHS,1.125,"9,553 M",33.752,7.4588,1.4514,21.369,23.95,.447,Health Care,$14.11
05/22/2026,1630,UL,.443,"124,580 M",56.025,21.529,7.8253,30.955,5.074,3.5462,Consumer Staples,$3.64
05/22/2026,1630,ULS,.6227,"20,731 M",26.56,49.829,13.074,31.983,1.72,.6242,Industrials,$2.24
05/22/2026,1630,ULTA,.8934,"22,435 M",36.367,25.248,10.199,43.595,25.64,<empty>,Consumer Discretionary,$23.82
05/22/2026,1630,UNG,.1194,505 M,<empty>,<empty>,<empty>,<empty>,<empty>,<empty>,,<empty>
05/22/2026,1630,UNH,.5717,"352,787 M",38.988,20.424,2.5102,12.176,13.28,3.2669,Health Care,$21.68
05/22/2026,1630,UNP,.988,"157,856 M",59.704,19.962,7.4177,40.686,12.15,2.2587,Industrials,$9.61
05/22/2026,1630,UPBD,1.906,"1,040 M",70.713,12.524,1.4715,12.078,1.44,8.6427,Consumer Discretionary,$4.50
05/22/2026,1630,UPS,1.05,"85,868 M",61.375,15.919,5.305,33.353,6.18,6.668,Industrials,$5.32
05/22/2026,1630,UPST,2.344,"2,734 M",70.262,61.969,3.3484,7.0083,.41,<empty>,Financials,($2.97)
05/22/2026,1630,URA,1.111,"6,828 M",<empty>,<empty>,<empty>,<empty>,<empty>,<empty>,,<empty>
05/22/2026,1630,URBN,1.174,"6,250 M",25.676,13.52,2.3064,18.732,5.2,<empty>,Consumer Discretionary,$1.69
05/22/2026,1630,URI,1.714,"58,801 M",55.847,18.592,5.0962,28.237,39.13,1.0075,Industrials,$32.10
05/22/2026,1630,URNJ,1.574,401 M,<empty>,<empty>,<empty>,<empty>,<empty>,<empty>,,<empty>
05/22/2026,1630,URNM,.9075,"2,086 M",<empty>,<empty>,<empty>,<empty>,<empty>,<empty>,,<empty>
05/22/2026,1630,USCI,.1433,383 M,<empty>,<empty>,<empty>,<empty>,<empty>,<empty>,,<empty>
05/22/2026,1630,USD/JPY,<empty>,<empty>,<empty>,<empty>,<empty>,<empty>,<empty>,<empty>,,<empty>
05/22/2026,1630,USFD,.8434,"17,721 M",52.029,30.477,4.6216,15.13,2.97,<empty>,Consumer Staples,$3.78
05/22/2026,1630,USPH,1.179,943 M,26.992,148.43,2.4344,6.8349,.5,2.4146,Health Care,$4.39
05/22/2026,1630,UTI,1.221,"2,206 M",44.589,47.467,5.8478,13.467,.76,<empty>,Consumer Discretionary,$0.01
05/22/2026,1630,UTZ,.8503,688 M,41.289,-73.728,.92357,-1.1638,-.1,4.17,Consumer Staples,$0.83
05/22/2026,1630,UUP,-.1887,336 M,<empty>,<empty>,<empty>,<empty>,<empty>,<empty>,,<empty>
05/22/2026,1630,V,.7673,"625,446 M",37.589,26.349,16.213,60.349,11.47,.86024,Financials,$11.05
05/22/2026,1630,VET,.3962,"1,884 M",38.829,-5.7715,1.4308,-20.701,-3.805,2.7386,Energy,$1.42
05/22/2026,1630,VFC,1.747,"6,543 M",67.9,25.625,3.471,15.277,.64,2.1951,Consumer Discretionary,$1.29
05/22/2026,1630,VG,1.335,"34,359 M",74.869,17.507,5.4102,25.521,.9,.42513,Energy,($2.81)
05/22/2026,1630,VGK,.8653,"30,337 M",<empty>,<empty>,<empty>,<empty>,<empty>,<empty>,,<empty>
05/22/2026,1630,VHT,.6296,"16,547 M",<empty>,<empty>,<empty>,<empty>,<empty>,<empty>,,<empty>
05/22/2026,1630,VIK,1.242,"37,580 M",81.558,27.379,31.536,300.09,2.69,<empty>,Consumer Discretionary,$2.93
05/22/2026,1630,VIR,1.695,"1,550 M",9.5376,-2.8535,1.7775,-47.692,-3.13,<empty>,Health Care,($3.19)
05/22/2026,1630,VIX,-6,0,<empty>,<empty>,<empty>,<empty>,<empty>,<empty>,,<empty>
05/22/2026,1630,VKTX,.536,"3,587 M",.0445,-7.8221,7.5136,-70.036,-4.15,<empty>,Health Care,($3.00)
05/22/2026,1630,VLO,.5703,"73,331 M",27.235,17.971,3.0736,15.85,13.69,1.8577,Energy,$18.20
05/22/2026,1630,VLTO,.7355,"21,318 M",36.951,22.685,7.1931,36.463,3.88,.54539,Industrials,$4.20
05/22/2026,1630,VMC,1.052,"33,821 M",35.812,32.217,4.1983,13.458,8.4,.73081,Materials,$8.48
05/22/2026,1630,VNM,.9462,572 M,<empty>,<empty>,<empty>,<empty>,<empty>,<empty>,,<empty>
05/22/2026,1630,VNO,1.539,"6,015 M",55.778,7.019,1.011,12.604,3.65,2.8473,Real Estate,$6.23
05/22/2026,1630,VRNS,.8055,"3,559 M",52.394,-18.968,5.4355,-31.755,-1.13,<empty>,Information Technology,$1.00
05/22/2026,1630,VRT,2.058,"125,780 M",42.512,62.973,22.665,45.097,3.98,.05487,Industrials,$5.95
05/22/2026,1630,VRTX,.291,"110,284 M",9.3051,26.483,5.8617,24.197,16.85,<empty>,Health Care,$14.55
05/22/2026,1630,VSCO,2.128,"4,166 M",67.812,28.244,5.0944,24.015,1.93,<empty>,Consumer Discretionary,$3.90
05/22/2026,1630,VTR,.7663,"42,870 M",42.302,149.42,3.0288,2.1397,.55,2.3967,Real Estate,$2.89
05/22/2026,1630,VVIX,-4.291,0,<empty>,<empty>,<empty>,<empty>,<empty>,<empty>,,<empty>
05/22/2026,1630,VVV,1.031,"4,283 M",83.865,44.959,12.161,31.805,.73,0,Consumer Discretionary,$0.78
05/22/2026,1630,VXD,-6.327,0,<empty>,<empty>,<empty>,<empty>,<empty>,<empty>,,<empty>
05/22/2026,1630,VXN:CGI,-4.982,0,<empty>,<empty>,<empty>,<empty>,<empty>,<empty>,,<empty>
05/22/2026,1630,VXX,-2.066,0,<empty>,<empty>,<empty>,<empty>,<empty>,<empty>,,<empty>
05/22/2026,1630,VZ,.2399,"201,888 M",54.271,12.222,2.029,17.198,4.1,5.508,Communication Services,$4.70
05/22/2026,1630,W,.0351,"8,853 M",436.9,-31.81,-3.483,10.795,-2.35,<empty>,Consumer Discretionary,$2.81
05/22/2026,1630,WBD,1.572,"67,768 M",46.806,-39.205,2.1132,-4.9594,-.7,<empty>,Communication Services,$0.93
05/22/2026,1630,WCLD,1.065,251 M,<empty>,<empty>,<empty>,<empty>,<empty>,<empty>,,<empty>
05/22/2026,1630,WDAY,1.022,"31,995 M",31.748,67.811,5.831,8.2308,3.21,<empty>,Information Technology,$10.48
05/22/2026,1630,WEAT,.007,345 M,<empty>,<empty>,<empty>,<empty>,<empty>,<empty>,,<empty>
05/22/2026,1630,WELL,.8309,"152,598 M",26.159,96.673,3.1814,3.6646,2.01,1.4971,Real Estate,$4.34
05/22/2026,1630,WEN,.3646,"1,488 M",94.685,8.7346,11.208,120.88,.77,8.2353,Consumer Discretionary,$1.17
05/22/2026,1630,WEST,.9231,815 M,53.077,-5.715,-20.493,-23.985,-.74,<empty>,Consumer Staples,($0.66)
05/22/2026,1630,WFC,.9363,"233,798 M",<empty>,12.292,1.4962,12.028,6.47,2.1982,Financials,$0.04
05/22/2026,1630,WGMI,3.802,409 M,<empty>,<empty>,<empty>,<empty>,<empty>,<empty>,Communication Services,<empty>
05/22/2026,1630,WGS,2.121,"1,405 M",38.612,-23.885,7.497,-30.422,-2.66,<empty>,Health Care,($0.99)
05/22/2026,1630,WH,.6493,"5,924 M",84.824,32.312,13.629,37.622,2.52,2.0436,Consumer Discretionary,$3.99
05/22/2026,1630,WING,1.706,"3,824 M",268.87,38.48,-5.2634,-14.779,4.05,.75748,Consumer Discretionary,$4.76
05/22/2026,1630,WMS,1.304,"10,360 M",41.295,24.094,5.4873,27.569,5.44,.48333,Industrials,$7.43
05/22/2026,1630,WMT,.625,"958,671 M",31.958,43.641,9.5308,21.847,2.84,.78899,Consumer Staples,$1.87
05/22/2026,1630,WOOD,.7752,244 M,<empty>,<empty>,<empty>,<empty>,<empty>,<empty>,,<empty>
05/22/2026,1630,WRBY,2.054,"3,079 M",33.541,2065.1,6.8802,.3688,.01,<empty>,Consumer Discretionary,$0.32
05/22/2026,1630,WW,2.285,128 M,59.992,.12757,.51717,-234.72,7.58,<empty>,Consumer Discretionary,($9.76)
05/22/2026,1630,WWW,1.669,"1,345 M",54.035,12.986,3.1459,29.239,1.23,2.5078,Consumer Discretionary,$1.62
05/22/2026,1630,WY,.918,"17,060 M",33.933,44.426,1.8662,4.1605,.56,3.4384,Real Estate,$0.03
05/22/2026,1630,WYFI,4.281,"1,166 M",38.658,-10.745,1.3042,-13.312,-.9882,<empty>,Information Technology,($9.75)
05/22/2026,1630,WYNN,.9705,"10,092 M",103.52,29.076,-49.011,-46.791,3.49,.98474,Consumer Discretionary,$6.72
05/22/2026,1630,XBI,.8657,"8,225 M",<empty>,<empty>,<empty>,<empty>,<empty>,<empty>,,<empty>
05/22/2026,1630,XHR,1.184,"1,552 M",53.511,21.204,1.1987,5.8643,.7,3.7761,Real Estate,$1.03
05/22/2026,1630,XIACY,.6139,"98,229 M",8.6176,22.59,3.4373,18.25,1.115,<empty>,Information Technology,$0.12
05/22/2026,1630,XLB,.9433,"7,211 M",<empty>,<empty>,<empty>,<empty>,<empty>,<empty>,,<empty>
05/22/2026,1630,XLC,1.005,"25,251 M",<empty>,<empty>,<empty>,<empty>,<empty>,<empty>,,<empty>
05/22/2026,1630,XLE,.4719,"41,295 M",<empty>,<empty>,<empty>,<empty>,<empty>,<empty>,,<empty>
05/22/2026,1630,XLF,.8832,"50,166 M",<empty>,<empty>,<empty>,<empty>,<empty>,<empty>,,<empty>
05/22/2026,1630,XLG,1.059,"11,120 M",<empty>,<empty>,<empty>,<empty>,<empty>,<empty>,,<empty>
05/22/2026,1630,XLI,1.006,"29,781 M",<empty>,<empty>,<empty>,<empty>,<empty>,<empty>,,<empty>
05/22/2026,1630,XLK,1.301,"117,454 M",<empty>,<empty>,<empty>,<empty>,<empty>,<empty>,,<empty>
05/22/2026,1630,XLP,.5036,"15,024 M",<empty>,<empty>,<empty>,<empty>,<empty>,<empty>,,<empty>
05/22/2026,1630,XLRE,1.016,"7,972 M",<empty>,<empty>,<empty>,<empty>,<empty>,<empty>,,<empty>
05/22/2026,1630,XLU,.2431,"22,906 M",<empty>,<empty>,<empty>,<empty>,<empty>,<empty>,,<empty>
05/22/2026,1630,XLV,.5901,"38,644 M",<empty>,<empty>,<empty>,<empty>,<empty>,<empty>,,<empty>
05/22/2026,1630,XLY,1.215,"22,758 M",<empty>,<empty>,<empty>,<empty>,<empty>,<empty>,,<empty>
05/22/2026,1630,XOM,.1825,"642,135 M",10.734,28.568,2.7645,9.8729,5.94,2.3812,Energy,$4.41
05/22/2026,1630,XOP,.5941,"3,396 M",<empty>,<empty>,<empty>,<empty>,<empty>,<empty>,,<empty>
05/22/2026,1630,XPEV,1.009,"14,900 M",23.521,-118.49,4.4568,-3.6969,-.1715,<empty>,Consumer Discretionary,$0.74
05/22/2026,1630,XRT,1.191,594 M,<empty>,<empty>,<empty>,<empty>,<empty>,<empty>,,<empty>
05/22/2026,1630,XTL,1.138,836 M,<empty>,<empty>,<empty>,<empty>,<empty>,<empty>,,<empty>
05/22/2026,1630,XYL,1.047,"26,213 M",10.587,29.724,2.6041,8.7241,4.02,1.364,Industrials,$3.81
05/22/2026,1630,XYZ,2.775,"40,520 M",20.86,45.713,1.6497,3.7428,1.28,<empty>,Financials,$5.37
05/22/2026,1630,YCS,-.3943,29 M,<empty>,<empty>,<empty>,<empty>,<empty>,<empty>,,<empty>
05/22/2026,1630,YELP,.4604,"1,231 M",18.812,11.201,2.192,20.446,2.18,<empty>,Communication Services,$4.56
05/22/2026,1630,YPF,1.079,"18,832 M",39.563,-57.315,1.6958,-2.9407,-1.04,<empty>,Energy,$2.86
05/22/2026,1630,YUM,.5929,"42,763 M",194.56,25.068,-5.8921,-23.04,6.2,1.3957,Consumer Discretionary,$5.92
05/22/2026,1630,YUMC,1,"15,642 M",21.974,18.779,3.1348,16.292,2.51,2.0705,Consumer Discretionary,$2.56
05/22/2026,1630,ZG,2.014,"8,438 M",1.6539,170.41,2.1511,1.3315,.25,<empty>,Real Estate,$1.24
05/22/2026,1630,ZM,1.5,"31,136 M",.3112,14.896,2.775,20.275,6.79,<empty>,Information Technology,$6.40
05/22/2026,1630,ZS,1,"29,323 M",44.241,-465.55,14.625,-3.5563,-.43,<empty>,Information Technology,$5.55
