Date,Time,Symbol,Company Name,Last Price,Change,Change (%),Open,High,Low,Short Ratio,Float,Shares Out
06/03/2026,1630,000001.SS,SSE Composite Index,"4,083.97",8.87,0.22%,"4,068.34","4,107.05","4,059.91",--,--,--
06/03/2026,1630,2YY=F,"2-Year Yield Futures,May-2026",3.8,-0.02,-0.52%,--,--,--,--,--,--
06/03/2026,1630,AAAU,Goldman Sachs Physical Gold ETF,43.8,-0.45,-1.02%,43.85,43.97,43.65,--,--,--
06/03/2026,1630,AAL,American Airlines Group Inc.,13.57,-0.36,-2.58%,13.71,13.84,13.5,1.58,654.011M,661.385M
06/03/2026,1630,AAPL,Apple Inc.,310.26,-4.94,-1.57%,314.17,316.94,308.85,2.84,14.663B,14.687B
06/03/2026,1630,ABBV,AbbVie Inc.,217.13,1.73,0.80%,214.8,219.54,213.73,3.39,1.764B,1.767B
06/03/2026,1630,ABNB,"Airbnb, Inc.",133.59,-0.76,-0.57%,133.22,134.8,131.91,3.72,399.72M,417.93M
06/03/2026,1630,ABR,"Arbor Realty Trust, Inc.",5.3,-0.12,-2.21%,5.36,5.44,5.23,0.01,183.976M,192.361M
06/03/2026,1630,ABT,Abbott Laboratories,86.99,0.02,0.02%,87.19,88.07,86.72,1.63,1.731B,1.742B
06/03/2026,1630,ACHC,"Acadia Healthcare Company, Inc.",25.73,1.31,5.36%,25.51,26.17,25.29,7.28,85.138M,91.967M
06/03/2026,1630,ACHR,Archer Aviation Inc.,6.53,-0.21,-3.12%,6.6,6.64,6.27,2.96,641.982M,762.865M
06/03/2026,1630,ACI,"Albertsons Companies, Inc.",15.71,0.12,0.77%,15.56,15.91,15.56,6.37,334.35M,494.535M
06/03/2026,1630,ADBE,Adobe Inc.,256.24,-5.87,-2.24%,259.39,260,252.34,3.74,402.963M,404.2M
06/03/2026,1630,ADYEY,Adyen N.V.,9.76,-0.55,-5.33%,10.08,10.08,9.76,--,28.212M,3.154B
06/03/2026,1630,AFK,VanEck Africa Index ETF,26.96,-0.72,-2.60%,27.4,27.4,26.67,--,--,--
06/03/2026,1630,AFRM,"Affirm Holdings, Inc.",66.27,-4.74,-6.68%,69.63,70.65,64.9,3.43,281.288M,294.358M
06/03/2026,1630,AGCO,AGCO Corporation,119.62,1.22,1.03%,117.79,120.89,117.63,2.72,60.072M,72.409M
06/03/2026,1630,AHR,"American Healthcare REIT, Inc.",46.59,0.21,0.45%,46.17,47.02,46.1,7.24,191.254M,206.722M
06/03/2026,1630,AIQUY,L'Air Liquide S.A.,41.67,0.62,1.51%,41.75,41.75,41.62,--,575.826M,2.885B
06/03/2026,1630,AKAM,"Akamai Technologies, Inc.",160.36,0.04,0.02%,158.17,164.8,155.63,3.12,142.055M,145.385M
06/03/2026,1630,ALB,Albemarle Corporation,168.34,-3.43,-2.00%,170.24,172.22,166.78,0.04,117.55M,117.935M
06/03/2026,1630,ALCO,"Alico, Inc.",39.97,-0.56,-1.38%,40.53,40.53,39.89,6.39,5.61M,7.416M
06/03/2026,1630,ALGN,"Align Technology, Inc.",161.71,-4.98,-2.99%,166.7,167.12,160.7,4.9,67.024M,71.618M
06/03/2026,1630,ALLY,Ally Financial Inc.,40.93,-1.24,-2.94%,41.51,41.83,40.95,3.32,275.218M,306.523M
06/03/2026,1630,ALNY,"Alnylam Pharmaceuticals, Inc.",292.58,6.46,2.26%,284.48,293.16,283.1,4.81,132.942M,133.513M
06/03/2026,1630,AMAT,"Applied Materials, Inc.",500.77,10.72,2.19%,487.95,508.26,487.42,2.59,790.474M,793.959M
06/03/2026,1630,AMBA,"Ambarella, Inc.",73.8,-4.58,-5.84%,78.23,79.75,72.08,2.82,41.536M,43.861M
06/03/2026,1630,AMD,"Advanced Micro Devices, Inc.",542.52,20.98,4.02%,533.75,546.44,524.3,0.97,1.622B,1.631B
06/03/2026,1630,AMG,"Affiliated Managers Group, Inc.",311.61,1.09,0.35%,306.52,312.82,299.81,2.48,25.392M,26.412M
06/03/2026,1630,AMH,American Homes 4 Rent,32.24,0.16,0.50%,31.92,32.46,31.9,2.22,308.702M,359.961M
06/03/2026,1630,AMLP,Alerian MLP ETF,52.59,-0.14,-0.27%,52.75,53.21,52.58,--,--,--
06/03/2026,1630,AMN,"AMN Healthcare Services, Inc.",30.31,0.06,0.20%,29.95,30.39,28.93,2.25,38.386M,38.786M
06/03/2026,1630,AMPH,"Amphastar Pharmaceuticals, Inc.",18.12,-0.33,-1.79%,18.26,18.36,17.73,6.27,32.839M,44.093M
06/03/2026,1630,AMZN,"Amazon.com, Inc.",250.02,-6.5,-2.53%,254.7,257.09,247.71,2.28,9.78B,10.757B
06/03/2026,1630,AN,"AutoNation, Inc.",190.25,-0.84,-0.44%,189.5,192.25,188.01,5.65,33.001M,33.461M
06/03/2026,1630,AQWA,Global X Clean Water ETF,18.64,0.04,0.19%,18.6,18.71,18.59,--,--,--
06/03/2026,1630,AR,Antero Resources Corporation,36.53,0.27,0.74%,36.65,36.76,36.12,2.43,292.56M,309.836M
06/03/2026,1630,ARE,"Alexandria Real Estate Equities, Inc.",51.27,-1.47,-2.79%,52.28,52.6,51.29,3,154.655M,174.269M
06/03/2026,1630,ARGT,Global X MSCI Argentina ETF,94.75,-3.05,-3.12%,97.19,96.65,94.75,--,--,--
06/03/2026,1630,ARHS,"Arhaus, Inc.",6.51,-0.02,-0.31%,6.56,6.84,6.28,3.09,51.996M,54.424M
06/03/2026,1630,ARKK,ARK Innovation ETF,78.16,-1.75,-2.19%,79.2,79.33,77.62,--,--,--
06/03/2026,1630,ARQQ,Arqit Quantum Inc.,14.64,-1.63,-10.02%,15.75,15.96,14.55,3.26,6.224M,17.402M
06/03/2026,1630,AS,"Amer Sports, Inc.",34.36,-1.05,-2.97%,34.82,35.03,33.7,3.3,170.047M,581.822M
06/03/2026,1630,ASBFF,Associated British Foods plc,29.04,0.66,2.33%,29.04,29.04,29.04,--,257.155M,699.826M
06/03/2026,1630,ASO,"Academy Sports and Outdoors, Inc.",51.79,0.41,0.80%,51.46,52.76,51.26,5.67,63.447M,64.508M
06/03/2026,1630,ATRO,Astronics Corporation,83.51,-2.1,-2.45%,84.98,86.53,82.74,5.27,33.558M,32.04M
06/03/2026,1630,AVB,"AvalonBay Communities, Inc.",183.19,-0.19,-0.10%,182.88,184.74,182.88,3.9,130.31M,141.872M
06/03/2026,1630,AVGO,Broadcom Inc.,479.23,-2.34,-0.49%,494.77,495,472.64,2.7,4.676B,4.735B
06/03/2026,1630,AVO,"Mission Produce, Inc.",11.08,0.3,2.78%,10.78,11.16,10.75,6.19,39.781M,88.378M
06/03/2026,1630,AVTR,"Avantor, Inc.",9.07,0.08,0.89%,8.86,9.14,8.83,3.8,664.287M,682.755M
06/03/2026,1630,AWI,"Armstrong World Industries, Inc.",153.21,0.37,0.24%,152.64,154.54,151.22,2.61,41.964M,42.679M
06/03/2026,1630,AXP,American Express Company,300.57,-10.4,-3.34%,308.68,310.36,300.04,3.64,529.247M,682.326M
06/03/2026,1630,AZO,"AutoZone, Inc.","3,061.65",32.29,1.07%,"3,010.17","3,073.00","3,008.44",1.45,16.317M,16.369M
06/03/2026,1630,B,Barrick Mining Corporation,41.86,-1.34,-3.10%,42.53,42.67,41.68,1.06,1.67B,1.676B
06/03/2026,1630,BA,The Boeing Company,210.58,-7.12,-3.27%,216.1,216.35,209.65,0.23,756.439M,788.302M
06/03/2026,1630,BABA,Alibaba Group Holding Limited,127.21,-3.61,-2.76%,128.76,128.89,126.83,3.3,17.693B,2.399B
06/03/2026,1630,BAC,Bank of America Corporation,52.4,-0.08,-0.15%,52.26,52.55,51.22,0,7.069B,7.097B
06/03/2026,1630,BALL,Ball Corporation,52.83,-0.92,-1.71%,53.54,53.82,52.65,2.22,265.19M,266.247M
06/03/2026,1630,BBBY,"Bed Bath & Beyond, Inc.",6.19,-0.28,-4.33%,6.34,6.34,6.01,--,--,73.938M
06/03/2026,1630,BBN,BlackRock Taxable Municipal Bond Trust,16.03,0,0.00%,15.94,16.04,15.94,0.48,--,61.793M
06/03/2026,1630,BBWI,"Bath & Body Works, Inc.",18.02,-0.7,-3.74%,18.53,18.83,17.75,2.39,189.561M,201.562M
06/03/2026,1630,BBY,"Best Buy Co., Inc.",71.73,-1.05,-1.44%,72.78,72.78,70.61,5.9,195.514M,210.695M
06/03/2026,1630,BCO,The Brink's Company,100.88,-2.09,-2.03%,103.59,103,99.68,7.1,40.727M,41.181M
06/03/2026,1630,BDRY,Breakwave Dry Bulk Shipping ETF,12.62,-0.32,-2.47%,12.34,12.79,12.37,--,--,--
06/03/2026,1630,BEAM,Beam Therapeutics Inc.,29.55,0.59,2.04%,28.71,29.65,28.3,12.2,87.973M,102.879M
06/03/2026,1630,BEPC,Brookfield Renewable Corporation,38.57,-0.8,-2.03%,39.21,40.54,38.57,5.68,102.527M,147.662M
06/03/2026,1630,BIDU,"Baidu, Inc.",132.68,-4.04,-2.95%,134.32,136.96,132.59,3.25,2.127B,274.75M
06/03/2026,1630,BIO,"Bio-Rad Laboratories, Inc.",304.83,-1.3,-0.42%,303.57,306.59,297.89,0,20.903M,21.701M
06/03/2026,1630,BIP,Brookfield Infrastructure Partners L.P.,38.82,0.01,0.03%,38.98,39.5,38.44,0.92,451.306M,457.607M
06/03/2026,1630,BIRK,Birkenstock Holding plc,42.21,-1.2,-2.76%,42.6,43.33,41.6,4.38,55.354M,183.906M
06/03/2026,1630,BITO,ProShares Bitcoin ETF,8.9,-0.27,-2.94%,9.09,9.14,8.88,--,--,--
06/03/2026,1630,BJ,"BJ's Wholesale Club Holdings, Inc.",89.18,0.62,0.70%,88.38,89.81,87.74,4.79,126.978M,127.694M
06/03/2026,1630,BJRI,"BJ's Restaurants, Inc.",43.85,-0.5,-1.13%,44.48,44.87,43.73,5.06,18.23M,21.017M
06/03/2026,1630,BKNG,Booking Holdings Inc.,164.78,-2.43,-1.45%,165.71,168.42,164.45,3.48,772.492M,774.878M
06/03/2026,1630,BKV,BKV Corporation,26.92,0.17,0.64%,26.94,27.23,26.28,4.39,31.208M,109.387M
06/03/2026,1630,BLDR,"Builders FirstSource, Inc.",74.26,-1.11,-1.47%,74.04,75.08,72.79,3.14,104.456M,107.56M
06/03/2026,1630,BLK,"BlackRock, Inc.",990.87,-28.09,-2.76%,"1,001.11","1,001.37",983.75,3.63,144.143M,155.234M
06/03/2026,1630,BLMN,"Bloomin' Brands, Inc.",7.49,-0.32,-4.10%,7.74,7.8,7.48,2.66,83.205M,85.614M
06/03/2026,1630,BLOK,Amplify Blockchain Technology ETF,66.11,-1.78,-2.62%,67.79,67.96,65.78,--,--,--
06/03/2026,1630,BNDD,Quadratic Deflation ETF,98.41,-0.08,-0.08%,97.29,98.41,98.41,--,--,--
06/03/2026,1630,BNO,"United States Brent Oil Fund, LP",53.94,1.05,1.99%,53.68,54.13,53.32,--,--,--
06/03/2026,1630,BNY,The Bank of New York Mellon Cor,140.57,-0.71,-0.50%,140.77,141.72,138.6,0,684.492M,686.379M
06/03/2026,1630,BOOT,"Boot Barn Holdings, Inc.",170.69,-1.2,-0.70%,169.95,170.76,166.95,3.63,30.165M,30.347M
06/03/2026,1630,BP,BP p.l.c.,43.68,0.28,0.65%,43.9,44.11,43.63,1.67,14.969B,2.575B
06/03/2026,1630,BRBR,"BellRing Brands, Inc.",8.86,-0.18,-1.99%,8.9,8.97,8.57,2.41,105.795M,116.278M
06/03/2026,1630,BRCB,"Black Rock Coffee Bar, Inc.",7.01,-0.31,-4.23%,7.34,7.35,6.72,2.08,19.571M,21.573M
06/03/2026,1630,BRKR,Bruker Corporation,62.7,5.39,9.40%,57.44,63.01,56.56,5.62,103.573M,152.226M
06/03/2026,1630,BROS,Dutch Bros Inc.,56.6,-1.26,-2.18%,56.85,57.01,54.96,3.78,126.401M,137.193M
06/03/2026,1630,BTAL,AGF U.S. Market Neutral Anti-Beta Fund,11.56,0.08,0.70%,11.47,11.67,11.48,--,--,--
06/03/2026,1630,BTC,Grayscale Bitcoin Mini Trust ETF,28.91,-0.81,-2.73%,29.51,29.67,28.83,--,--,--
06/03/2026,1630,BTC-USD,Bitcoin USD,"65,019.50","-2,465.58",-3.65%,"66,667.61","67,390.91","65,026.58",--,--,--
06/03/2026,1630,BTI,British American Tobacco p.l.c.,58.62,-1.84,-3.04%,59.66,60.26,58.57,1.53,1.978B,2.161B
06/03/2026,1630,BUD,Anheuser-Busch InBev SA/NV,79.04,-1.54,-1.91%,79.93,79.94,79.04,2.72,901.794M,1.714B
06/03/2026,1630,BULL,Webull Corporation,5.9,-0.31,-4.99%,6.1,6.14,5.8,1.27,338.495M,447.96M
06/03/2026,1630,BURL,"Burlington Stores, Inc.",328.7,7.63,2.38%,318.37,331.58,317.93,3.89,61.814M,62.942M
06/03/2026,1630,BUXX,Strive Enhanced Income Short Maturity ETF,20.22,0.01,0.05%,20.2,20.22,20.21,--,--,--
06/03/2026,1630,BXP,"BXP, Inc.",60.9,-0.31,-0.51%,60.72,61.49,60.33,6.1,147.834M,159.477M
06/03/2026,1630,BYD,Boyd Gaming Corporation,86.94,1.98,2.33%,84.81,87.36,84.45,3.19,49.485M,74.33M
06/03/2026,1630,BYDDF,BYD Company Limited,11.85,-0.37,-3.03%,11.89,11.89,11.79,--,6.02B,3.683B
06/03/2026,1630,BZ=F,Brent Crude Oil Last Day Financ,97.91,1.91,1.99%,96.07,99,96.04,--,--,--
06/03/2026,1630,C,Citigroup Inc.,129.93,-1.33,-1.01%,130.93,131.85,128.26,0.04,1.7B,1.706B
06/03/2026,1630,CACC,Credit Acceptance Corporation,541.58,-0.36,-0.07%,541.75,553.11,534.01,6.53,5.125M,10.46M
06/03/2026,1630,CADUSD=X,CAD/USD,0.7196,-0.0031,-0.43%,0.7229,0.723,0.7195,--,--,--
06/03/2026,1630,CAG,"Conagra Brands, Inc.",12.58,-0.28,-2.18%,12.64,12.99,12.55,3.23,475.112M,478.437M
06/03/2026,1630,CAH,"Cardinal Health, Inc.",195.85,0.97,0.50%,196.09,198.07,195.51,3.18,233.728M,234.206M
06/03/2026,1630,CAKE,The Cheesecake Factory Incorporated,64.88,0.39,0.60%,64.44,65.7,63.97,6.79,45.664M,49.685M
06/03/2026,1630,CALY,Callaway Golf Company,15.01,-0.08,-0.53%,15,15.23,14.83,2.04,155.915M,179.758M
06/03/2026,1630,CAMT,Camtek Ltd.,183.45,-4.07,-2.17%,185.11,186.18,178.4,6.32,28.496M,46.044M
06/03/2026,1630,CANE,Teucrium Sugar Fund,9.68,-0.1,-1.02%,9.78,9.77,9.68,--,--,--
06/03/2026,1630,CARR,Carrier Global Corporation,67.58,1.16,1.75%,66.1,68.84,65.62,2.86,790.372M,830.58M
06/03/2026,1630,CASY,"Casey's General Stores, Inc.",774.19,19.98,2.65%,754.83,789.3,752.7,2.79,36.744M,36.959M
06/03/2026,1630,CAT,Caterpillar Inc.,926.18,16.37,1.80%,914.43,936.71,912.39,3.36,459.204M,460.592M
06/03/2026,1630,CAVA,"CAVA Group, Inc.",71.33,-1.11,-1.53%,71,71.64,69.33,4.86,104.634M,116.474M
06/03/2026,1630,CBRL,"Cracker Barrel Old Country Store, Inc.",33.12,-1.05,-3.07%,33.94,33.98,32.88,6.13,20.467M,22.351M
06/03/2026,1630,CCK,"Crown Holdings, Inc.",94.5,-1.24,-1.30%,94.98,95.54,93.99,3.93,109.341M,111.747M
06/03/2026,1630,CCL,Carnival Corporation Ltd.,27.17,-0.47,-1.70%,27.25,27.81,27.01,1.7,1.38B,1.239B
06/03/2026,1630,CCRN,"Cross Country Healthcare, Inc.",13.12,0.03,0.23%,13.08,13.13,13.07,1.04,29.684M,31.008M
06/03/2026,1630,CELH,"Celsius Holdings, Inc.",30.01,-0.53,-1.74%,30.5,30.63,29.46,2.73,195.89M,255.64M
06/03/2026,1630,CF,"CF Industries Holdings, Inc.",116.6,3.12,2.75%,114,118.08,113.86,2.81,152.477M,153.629M
06/03/2026,1630,CFG,"Citizens Financial Group, Inc.",61.53,-0.78,-1.25%,62.01,62.21,61.21,0.02,418.666M,422.882M
06/03/2026,1630,CFLT,--,--,--,--,--,--,--,--,--,--
06/03/2026,1630,CFRUY,Compagnie Financière Richemont SA,20.74,-0.48,-2.26%,20.89,20.92,20.71,--,534.584M,5.342B
06/03/2026,1630,CG,The Carlyle Group Inc.,42.24,-2.25,-5.06%,42.42,43.36,41.54,5.09,261.716M,359.974M
06/03/2026,1630,CHD,"Church & Dwight Co., Inc.",92.89,-3.25,-3.38%,96.2,96.12,92.72,5.02,236.219M,236.944M
06/03/2026,1630,CHDN,Churchill Downs Incorporated,86,-1.58,-1.80%,87.43,87.43,84.96,3.74,65.778M,69.697M
06/03/2026,1630,CHEF,"The Chefs' Warehouse, Inc.",77.69,0.01,0.01%,77.49,78.96,77.33,8.32,36.782M,40.778M
06/03/2026,1630,CHH,"Choice Hotels International, Inc.",106.56,-3.91,-3.54%,110.07,111.52,106.11,10.68,35.138M,45.495M
06/03/2026,1630,CHPT,"ChargePoint Holdings, Inc.",7.61,-0.56,-6.85%,8.1,8.04,7.61,8.34,22.522M,25.898M
06/03/2026,1630,CHRD,Chord Energy Corporation,140.62,2.63,1.91%,139.42,142.22,138.21,4.1,52.876M,56.299M
06/03/2026,1630,CHTR,"Charter Communications, Inc.",129.01,-11.26,-8.03%,138.83,139.72,128.8,5.6,80.338M,141.178M
06/03/2026,1630,CHWY,"Chewy, Inc.",21.04,-0.43,-2.00%,21.32,21.57,20.95,3.42,61.689M,232.505M
06/03/2026,1630,CI,The Cigna Group,270.73,-1.99,-0.73%,272.49,274.76,270.42,3.44,263.249M,264.532M
06/03/2026,1630,CL=F,Crude Oil Jul 26,96.38,2.62,2.79%,93.45,97,93.45,--,--,--
06/03/2026,1630,CLOX,Eldridge AAA CLO ETF,25.5,-0.01,-0.02%,25.55,25.55,25.49,--,--,--
06/03/2026,1630,CLOZ,Eldridge BBB-B CLO ETF,26.35,-0.01,-0.02%,26.37,26.39,26.33,--,--,--
06/03/2026,1630,CLX,The Clorox Company,88.53,-1.1,-1.23%,89.26,89.46,88.17,2.63,120.509M,120.921M
06/03/2026,1630,CMCSA,Comcast Corporation,23.52,-1.33,-5.35%,24.73,24.74,23.43,2.59,3.535B,3.563B
06/03/2026,1630,CMG,"Chipotle Mexican Grill, Inc.",28.74,-0.52,-1.78%,28.51,29.17,28.16,2.49,1.273B,1.283B
06/03/2026,1630,CMI,Cummins Inc.,682.33,9.66,1.44%,674.82,694.23,671.91,1.92,137.403M,137.989M
06/03/2026,1630,CNA,CNA Financial Corporation,41.91,-0.33,-0.78%,42.29,42.42,41.81,5.42,20.479M,270.531M
06/03/2026,1630,CNC,Centene Corporation,59.55,-0.44,-0.73%,60.22,60.5,58.23,2.11,458.708M,493.797M
06/03/2026,1630,CNH,CNH Industrial N.V.,11.04,0.09,0.82%,10.85,11.1,10.81,3.6,1.235B,1.24B
06/03/2026,1630,CNX,CNX Resources Corporation,33.57,0.25,0.75%,33.25,33.76,33.1,7.32,137.506M,141.478M
06/03/2026,1630,COAL,Range Global Coal ETF,27.77,-0.2,-0.70%,28.12,28.24,27.53,--,--,--
06/03/2026,1630,COCO,"The Vita Coco Company, Inc.",75.18,0.73,0.98%,74.64,76.22,72.72,2.96,49.106M,57.113M
06/03/2026,1630,COF,Capital One Financial Corporation,177.62,-6.22,-3.38%,183.69,184.42,177.05,2.02,609.517M,622.293M
06/03/2026,1630,COIN,"Coinbase Global, Inc.",163.22,-10.77,-6.19%,171.54,172,162.75,2.4,219.326M,222.427M
06/03/2026,1630,COLO,Global X MSCI Colombia ETF,40.68,-1.01,-2.42%,41.36,41.5,40.4,--,--,--
06/03/2026,1630,COM,Direxion Auspice Broad Commodity Strategy ETF,33.8,-0.26,-0.76%,34.05,34.04,33.78,--,--,--
06/03/2026,1630,COP,ConocoPhillips,119.05,2.18,1.87%,117.59,119.54,116.92,3.34,1.216B,1.218B
06/03/2026,1630,COPJ,Sprott Junior Copper Miners ETF,45.27,-2.13,-4.49%,46.55,46.55,44.88,--,--,--
06/03/2026,1630,COPX,Global X Copper Miners ETF,90.25,-3.41,-3.64%,91.81,92,89.84,--,--,--
06/03/2026,1630,CORN,Teucrium Corn Fund,17.47,-0.24,-1.36%,17.79,17.82,17.46,--,--,--
06/03/2026,1630,COST,Costco Wholesale Corporation,961.83,7.56,0.79%,952.88,969.18,951.99,4.15,440.916M,443.514M
06/03/2026,1630,CP,Canadian Pacific Kansas City Limited,89.12,-1.03,-1.14%,90.03,91.49,89.01,4.22,839.834M,887.736M
06/03/2026,1630,CPAY,"Corpay, Inc.",352.25,-7.57,-2.10%,358.39,358.39,339.95,4.96,62.724M,65.362M
06/03/2026,1630,CPER,"United States Copper Index Fund, LP",39.42,-1.18,-2.91%,39.87,40.2,39.42,--,--,--
06/03/2026,1630,CPNG,"Coupang, Inc.",16.42,-0.31,-1.85%,16.59,16.76,16.09,1.67,1.341B,1.637B
06/03/2026,1630,CPRI,Capri Holdings Limited,18.44,0.16,0.88%,18.04,18.5,17.88,3.93,111.918M,115.184M
06/03/2026,1630,CPT,Camden Property Trust,108.89,2.79,2.63%,105.73,109.32,105.62,5.16,101.958M,99.091M
06/03/2026,1630,CRCL,Circle Internet Group,90.13,-10.72,-10.63%,99.18,99.15,90.13,1.09,191.548M,229.858M
06/03/2026,1630,CRI,"Carter's, Inc.",38.92,-0.88,-2.21%,39.33,39.74,38.47,2.53,35.078M,36.85M
06/03/2026,1630,CRIT,Optica Rare Earths & Critical Materials ETF,16.08,-0.08,-0.50%,16.24,16.23,16.08,--,--,--
06/03/2026,1630,CRM,"Salesforce, Inc.",190.61,-10.23,-5.09%,197.27,197.68,189.73,5.01,793.652M,819M
06/03/2026,1630,CRSP,CRISPR Therapeutics AG,52.08,0.06,0.12%,51.46,52.28,50.52,15.07,96.029M,96.449M
06/03/2026,1630,CRWD,"CrowdStrike Holdings, Inc.",747.61,-21.34,-2.78%,765.67,767,742.12,2.63,249.008M,254.537M
06/03/2026,1630,CSCO,"Cisco Systems, Inc.",126.5,-1.5,-1.17%,126.16,129.42,124.92,2.53,3.935B,3.941B
06/03/2026,1630,CSX,CSX Corporation,46.44,0.3,0.65%,46.08,46.85,45.93,2.63,1.854B,1.858B
06/03/2026,1630,CTA,Simplify Managed Futures Strategy ETF,29.9,0.16,0.54%,29.95,30.05,29.72,--,--,--
06/03/2026,1630,CUBE,CubeSmart,39.1,-0.33,-0.84%,39.35,39.97,39.08,2.37,212.43M,226.414M
06/03/2026,1630,CURB,Curbline Properties Corp.,29,-0.01,-0.03%,28.57,29.16,28.78,11.9,96.301M,105.539M
06/03/2026,1630,CVNA,Carvana Co.,63.65,-1.95,-2.97%,64.44,64.9,61.03,5.82,702.127M,716.288M
06/03/2026,1630,CVS,CVS Health Corporation,91.37,1.87,2.09%,90.05,93.32,90.03,2.21,1.273B,1.276B
06/03/2026,1630,CVX,Chevron Corporation,189.71,2.16,1.15%,188.89,191.48,188,2.04,1.882B,1.992B
06/03/2026,1630,CWH,"Camping World Holdings, Inc.",7.12,-0.32,-4.30%,7.26,7.36,7.01,3.32,48.856M,63.52M
06/03/2026,1630,CZR,"Caesars Entertainment, Inc.",29.18,-0.04,-0.14%,29.2,29.31,29.15,5.84,192.719M,203.694M
06/03/2026,1630,D,"Dominion Energy, Inc.",65.46,-1.01,-1.52%,66.4,67.1,65.46,5.95,877.714M,879.512M
06/03/2026,1630,DAL,"Delta Air Lines, Inc.",78.78,-1.24,-1.55%,79.7,79.94,78.6,3.26,649.011M,656.994M
06/03/2026,1630,DAPP,VanEck Digital Transformation ETF,21.99,-0.58,-2.57%,22.5,22.95,21.92,--,--,--
06/03/2026,1630,DAR,Darling Ingredients Inc.,61.55,1.21,2.01%,60.69,63,60.56,2.39,156.744M,158.927M
06/03/2026,1630,DASH,"DoorDash, Inc.",154.58,-2.37,-1.51%,155.64,156.22,151.66,3.01,374.496M,411.337M
06/03/2026,1630,DDOG,"Datadog, Inc.",250.33,-18.8,-6.99%,260.27,262.2,245.63,2.42,328.729M,330.826M
06/03/2026,1630,DDS,"Dillard's, Inc.",611.14,18.5,3.12%,592.5,612.23,588.4,9.05,7.319M,11.631M
06/03/2026,1630,DE,Deere & Company,588.29,9.04,1.56%,577.84,593.79,575.61,5.37,269.398M,269.937M
06/03/2026,1630,DECK,Deckers Outdoor Corporation,107.36,-3.43,-3.10%,108.56,109.93,105.13,2.79,137.652M,138.881M
06/03/2026,1630,DELL,Dell Technologies Inc.,421.08,-14.23,-3.27%,433.79,435.93,407.01,3.33,301.532M,325.034M
06/03/2026,1630,DEO,Diageo plc,78.67,-0.61,-0.77%,79.28,79.5,78.6,2.6,2.216B,555.9M
06/03/2026,1630,DG,Dollar General Corporation,105.09,-1.18,-1.11%,105.75,106.89,101.87,2.58,218.707M,220.587M
06/03/2026,1630,DGX,Quest Diagnostics Incorporated,193.67,0.51,0.26%,193,195.21,192.38,3.64,110.078M,110.696M
06/03/2026,1630,DIN,"Dine Brands Global, Inc.",28.73,-0.84,-2.84%,29.94,29.84,28.58,4.92,12.028M,12.685M
06/03/2026,1630,DIS,The Walt Disney Company,99.39,-2.02,-1.99%,100.43,101.25,99.25,2.92,1.734B,1.737B
06/03/2026,1630,DK,"Delek US Holdings, Inc.",47.18,0.78,1.68%,47.19,48.93,46.4,4.94,59.795M,61.288M
06/03/2026,1630,DKL,"Delek Logistics Partners, LP",51.14,-0.81,-1.56%,52.25,52.79,50.91,9.23,19.157M,53.168M
06/03/2026,1630,DKNG,DraftKings Inc.,25.11,-0.19,-0.75%,25,25.18,24.71,3.15,481.587M,496.129M
06/03/2026,1630,DLTR,"Dollar Tree, Inc.",112.5,3.11,2.84%,109.86,112.57,108.6,3.48,179.481M,192.175M
06/03/2026,1630,DOC,"Healthpeak Properties, Inc.",19.07,-0.38,-1.95%,19.31,19.48,19.07,3.48,686.621M,689.42M
06/03/2026,1630,DOCU,"DocuSign, Inc.",52.4,-2.7,-4.90%,54.12,54.29,51.86,5.19,192.213M,194.291M
06/03/2026,1630,DOV,Dover Corporation,213.51,1.67,0.79%,210.19,217.24,210.19,3.08,133.91M,134.661M
06/03/2026,1630,DOW,Dow Inc.,35.4,0.68,1.96%,34.69,35.71,34.68,1.78,718.961M,720.741M
06/03/2026,1630,DPZ,"Domino's Pizza, Inc.",306.77,-0.76,-0.25%,307.24,307.24,300.25,3.24,30.571M,33.262M
06/03/2026,1630,DRI,"Darden Restaurants, Inc.",198.27,0,0.00%,197.35,200.84,196.61,5.29,114.026M,114.535M
06/03/2026,1630,DRLL,Strive U.S. Energy ETF,37.25,0.54,1.47%,36.94,37.6,36.99,--,--,--
06/03/2026,1630,DRVN,Driven Brands Holdings Inc.,12.78,-0.51,-3.84%,13.29,13.31,12.76,6.24,59.859M,164.933M
06/03/2026,1630,DT,"Dynatrace, Inc.",43.44,-1.53,-3.40%,44.55,44.37,42.94,1.41,289.704M,291.476M
06/03/2026,1630,DVN,Devon Energy Corporation,46.18,-0.04,-0.09%,46.33,46.92,45.95,1.9,617.032M,1.153B
06/03/2026,1630,DX=F,--,--,--,--,--,--,--,--,--,--
06/03/2026,1630,DXCM,"DexCom, Inc.",72.77,-0.68,-0.93%,73,73.25,71.95,3.16,384.414M,385.873M
06/03/2026,1630,EA,Electronic Arts Inc.,202.63,0.62,0.31%,202,202.89,201.81,5.68,212.324M,250.751M
06/03/2026,1630,EAT,"Brinker International, Inc.",140.26,2.06,1.49%,135.7,141.46,134.79,4.11,42.27M,42.888M
06/03/2026,1630,EBAY,eBay Inc.,108.82,-0.06,-0.06%,108.53,110,108.12,2.07,442.153M,444M
06/03/2026,1630,ECH,iShares MSCI Chile ETF,39.92,-0.67,-1.65%,40.28,40.33,39.76,--,--,8.85M
06/03/2026,1630,ECPG,"Encore Capital Group, Inc.",78.01,-0.08,-0.10%,78.54,80.77,77.85,3.77,20.97M,21.44M
06/03/2026,1630,EDEN,iShares MSCI Denmark ETF,108.81,-1.14,-1.04%,109.02,109.02,108.68,--,--,--
06/03/2026,1630,EDU,New Oriental Education & Technology Group Inc.,46.57,-0.62,-1.31%,46.9,46.94,46.32,3.97,1.097B,159.146M
06/03/2026,1630,EDV,Vanguard Extended Duration Treasury Index Fund ETF Shares,63.78,-0.31,-0.48%,63.72,63.87,63.52,--,--,--
06/03/2026,1630,EEM,iShares MSCI Emerging Markets ETF,69.92,-0.88,-1.24%,70.42,70.46,69.57,--,--,752.4M
06/03/2026,1630,EFNL,iShares MSCI Finland ETF,57.87,-0.26,-0.44%,57.53,57.88,57.87,--,--,--
06/03/2026,1630,EFX,Equifax Inc.,170.16,-5.95,-3.38%,173.75,174.29,165.1,3.25,118.565M,119.072M
06/03/2026,1630,EGP,"EastGroup Properties, Inc.",197.01,1.26,0.64%,194.32,197.99,196.21,6.13,52.948M,53.755M
06/03/2026,1630,EIS,iShares MSCI Israel ETF,130.04,-2.54,-1.92%,131.85,131.85,129.3,--,--,2.55M
06/03/2026,1630,EL,The Estée Lauder Companies Inc.,82.05,-1.36,-1.63%,83.04,83.5,81.32,2.09,246.27M,247.288M
06/03/2026,1630,ELS,"Equity LifeStyle Properties, Inc.",61.48,0.03,0.05%,61.2,62.23,61.39,4.56,192.305M,193.938M
06/03/2026,1630,ELV,"Elevance Health, Inc.",391.27,2.24,0.58%,392.26,396.75,390.29,3.34,216.706M,217.162M
06/03/2026,1630,EMB,iShares J.P. Morgan USD Emerging Markets Bond ETF,95.9,-0.36,-0.37%,95.96,96.07,95.73,--,--,--
06/03/2026,1630,EMR,Emerson Electric Co.,140.88,-1.15,-0.81%,140.37,143.12,140.04,4.58,557.988M,560.1M
06/03/2026,1630,ENB,Enbridge Inc.,55.81,-0.51,-0.91%,56.44,57.01,55.83,10.5,2.18B,2.184B
06/03/2026,1630,ENPH,"Enphase Energy, Inc.",69.02,-3.31,-4.58%,71.3,72.8,67.74,3.6,127.798M,131.798M
06/03/2026,1630,ENR,"Energizer Holdings, Inc.",18.6,0.29,1.58%,18.32,18.58,18.04,6.82,60.387M,68.473M
06/03/2026,1630,ENVX,Enovix Corporation,8.23,-0.39,-4.52%,8.5,8.67,8.16,7.77,185.801M,218.153M
06/03/2026,1630,ENZL,iShares MSCI New Zealand ETF,45,-0.75,-1.64%,45.46,45.46,44.94,--,--,--
06/03/2026,1630,EOG,"EOG Resources, Inc.",141.5,2.92,2.11%,139.62,142.91,139.02,4.59,530.866M,532.629M
06/03/2026,1630,EPD,Enterprise Products Partners L.P.,37.99,0.28,0.74%,37.76,38.31,37.75,3.86,1.45B,2.164B
06/03/2026,1630,EPHE,iShares MSCI Philippines ETF,24.64,0.06,0.24%,24.68,24.72,24.61,--,--,--
06/03/2026,1630,EPOL,iShares MSCI Poland ETF,39.97,-0.21,-0.52%,40.07,40.16,39.91,--,--,--
06/03/2026,1630,EPR,EPR Properties,56.34,-0.12,-0.21%,56.29,56.93,56.26,9.45,74.664M,76.508M
06/03/2026,1630,EPU,iShares MSCI Peru ETF,83.96,-2.22,-2.58%,86.17,85.44,83.89,--,--,--
06/03/2026,1630,EQR,Equity Residential,66.14,-0.07,-0.11%,65.9,66.66,65.88,3.99,336.897M,374.712M
06/03/2026,1630,EQRR,ProShares Equities for Rising Rates ETF,81.68,-0.46,-0.56%,82.38,82.38,81.29,--,--,--
06/03/2026,1630,EQT,EQT Corporation,54.47,-0.21,-0.38%,54.93,55.01,54.39,2.78,619.817M,625.478M
06/03/2026,1630,ESPO,VanEck Video Gaming and eSports ETF,89.81,-2.1,-2.28%,91.13,91.13,89.64,--,--,--
06/03/2026,1630,ESS,"Essex Property Trust, Inc.",277.79,0.22,0.08%,276.3,280.25,276.75,3.91,63.555M,64.262M
06/03/2026,1630,ET,Energy Transfer LP,19.55,0.01,0.05%,19.61,19.79,19.48,2.03,3.09B,3.441B
06/03/2026,1630,ETH,Grayscale Ethereum Mini Trust ETF,17.13,-1,-5.52%,17.72,17.82,17.06,--,--,--
06/03/2026,1630,ETH-USD,Ethereum USD,"1,783.32",-120.5,-6.33%,"1,857.33","1,888.91","1,786.23",--,--,--
06/03/2026,1630,ETHA,iShares Ethereum Trust ETF,13.58,-0.8,-5.56%,14.08,14.15,13.54,--,--,--
06/03/2026,1630,ETHE,Grayscale Ethereum Staking ETF,14.57,-0.87,-5.64%,15.09,15.18,14.52,--,--,--
06/03/2026,1630,ETSY,"Etsy, Inc.",67.05,-2.68,-3.84%,68.92,70.47,66.64,4.43,82.639M,94.896M
06/03/2026,1630,EURUSD=X,EUR/USD,1.1602,-0.0032,-0.28%,1.1636,1.1636,1.1598,--,--,--
06/03/2026,1630,EWA,iShares MSCI Australia ETF,29.14,-0.33,-1.12%,29.29,29.29,29.14,--,--,63.6M
06/03/2026,1630,EWC,iShares MSCI Canada ETF,58.64,-0.82,-1.38%,59.36,59.38,58.62,--,--,94.8M
06/03/2026,1630,EWD,iShares MSCI Sweden ETF,51.64,-1.14,-2.16%,52.07,52.13,51.64,--,--,7.65M
06/03/2026,1630,EWG,iShares MSCI Germany ETF,42.77,-0.8,-1.84%,43.01,43.03,42.76,--,--,79.5M
06/03/2026,1630,EWH,iShares MSCI Hong Kong ETF,22.81,-0.36,-1.55%,22.94,22.94,22.8,--,--,88.575M
06/03/2026,1630,EWI,iShares MSCI Italy ETF,58.51,-0.98,-1.65%,59,59.06,58.51,--,--,8.55M
06/03/2026,1630,EWJ,iShares MSCI Japan ETF,93.94,0.36,0.38%,94.25,94.25,93.79,--,--,227.85M
06/03/2026,1630,EWJV,iShares MSCI Japan Value ETF,45.67,0.1,0.22%,45.81,45.84,45.57,--,--,--
06/03/2026,1630,EWK,iShares MSCI Belgium ETF,26.51,-0.24,-0.90%,26.52,26.6,26.48,--,--,2.64M
06/03/2026,1630,EWM,iShares MSCI Malaysia ETF,28.03,-0.68,-2.37%,28.37,28.47,28.02,--,--,14.925M
06/03/2026,1630,EWN,iShares MSCI Netherlands ETF,67.35,-0.89,-1.30%,67.81,67.96,67.27,--,--,5.55M
06/03/2026,1630,EWO,iShares MSCI Austria ETF,40.62,-0.74,-1.79%,40.84,40.96,40.66,--,--,3.7M
06/03/2026,1630,EWP,iShares MSCI Spain ETF,56.87,-0.61,-1.06%,57.25,57.42,56.87,--,--,37.35M
06/03/2026,1630,EWQ,iShares MSCI France ETF,45.53,-0.55,-1.19%,45.73,45.78,45.53,--,--,28.8M
06/03/2026,1630,EWS,iShares MSCI Singapore ETF,29.77,-0.21,-0.70%,29.95,29.95,29.7,--,--,24.7M
06/03/2026,1630,EWUS,iShares MSCI United Kingdom Small-Cap ETF,42.37,-0.44,-1.03%,42.6,42.37,42.33,--,--,--
06/03/2026,1630,EWW,iShares MSCI Mexico ETF,78.08,-1,-1.26%,78.4,79.07,78.06,--,--,18.9M
06/03/2026,1630,EWY,iShares MSCI South Korea ETF,212.96,-1.57,-0.73%,214.14,214.34,208.61,--,--,75.6M
06/03/2026,1630,EWZ,iShares MSCI Brazil ETF,34.64,-1.14,-3.19%,35.01,35.12,34.45,--,--,200.55M
06/03/2026,1630,EWZS,iShares MSCI Brazil Small-Cap ETF,13.57,-0.58,-4.10%,13.82,13.83,13.49,--,--,--
06/03/2026,1630,EXAS,--,--,--,--,--,--,--,--,--,--
06/03/2026,1630,EXP,Eagle Materials Inc.,218.49,0.21,0.10%,215.94,220.41,216.58,5.66,30.541M,30.948M
06/03/2026,1630,EXPD,"Expeditors International of Washington, Inc.",158.7,0.83,0.53%,157.82,160.01,157.63,4.82,129.84M,130.791M
06/03/2026,1630,EXPE,"Expedia Group, Inc.",225.41,-0.96,-0.42%,225.25,228.06,223.37,4.07,113.592M,114.499M
06/03/2026,1630,EXR,Extra Space Storage Inc.,143.04,0.75,0.53%,142.62,145.64,142.86,3.9,208.855M,211.261M
06/03/2026,1630,EYE,"National Vision Holdings, Inc.",16.68,0.35,2.14%,16.33,16.7,15.71,4.17,78.095M,80.117M
06/03/2026,1630,EZA,iShares MSCI South Africa ETF,67.04,-1.51,-2.20%,67.64,67.73,66.98,--,--,7.9M
06/03/2026,1630,F,Ford Motor Company,15.71,-0.44,-2.72%,16.01,16.2,15.63,0,3.874B,3.914B
06/03/2026,1630,FAF,First American Financial Corporation,64.58,-0.62,-0.95%,65.01,65.36,64,4.99,98.571M,101.9M
06/03/2026,1630,FANG,"Diamondback Energy, Inc.",210.59,8.19,4.05%,202.48,211.69,201.51,3.97,195.271M,281.313M
06/03/2026,1630,FAST,Fastenal Company,46.46,1.73,3.87%,44.75,46.64,44.62,4.32,1.145B,1.148B
06/03/2026,1630,FCFS,"FirstCash Holdings, Inc.",220.22,10.97,5.24%,210.42,221.25,210,3.91,40.154M,43.837M
06/03/2026,1630,FCG,First Trust Natural Gas ETF,29.76,0.3,1.02%,29.64,30.01,29.42,--,--,--
06/03/2026,1630,FDX,FedEx Corporation,324.46,-4.54,-1.38%,327.52,329.97,324.22,2.51,220.413M,238.607M
06/03/2026,1630,FICO,Fair Isaac Corporation,"1,174.66",-76.97,-6.15%,"1,230.00","1,211.79","1,150.00",4.62,22.516M,23.191M
06/03/2026,1630,FISV,"Fiserv, Inc.",55.08,-1.38,-2.44%,56,56.4,53,--,--,533.254M
06/03/2026,1630,FIVE,"Five Below, Inc.",222.89,2.52,1.14%,223.1,225.76,219.19,2.03,53.877M,55.295M
06/03/2026,1630,FKU,First Trust United Kingdom AlphaDEX Fund,53.42,-0.21,-0.40%,53.69,53.69,53.42,--,--,--
06/03/2026,1630,FLG,"Flagstar Bank, National Association",13.77,-0.32,-2.27%,14,14.08,13.7,0.01,266.816M,416.815M
06/03/2026,1630,FLNG,FLEX LNG Ltd.,29.72,-0.61,-2.01%,30.18,30.33,29.67,10.24,30.895M,54.092M
06/03/2026,1630,FLO,"Flowers Foods, Inc.",7.27,-0.14,-1.89%,7.37,7.5,7.22,5.08,195.549M,211.993M
06/03/2026,1630,FLUT,Flutter Entertainment plc,100.7,-1.29,-1.26%,99.98,101.9,99.32,3.51,129.242M,173.4M
06/03/2026,1630,FND,"Floor & Decor Holdings, Inc.",49.56,-1,-1.98%,49.84,50.5,49.53,3.98,106.427M,108.094M
06/03/2026,1630,FNF,"Fidelity National Financial, Inc.",45.42,-1.02,-2.20%,46.15,46.49,45.31,3.46,254.262M,269.158M
06/03/2026,1630,FORM,"FormFactor, Inc.",126.02,0.91,0.73%,126.69,127.65,122.61,1.24,77.331M,77.955M
06/03/2026,1630,FOUR,"Shift4 Payments, Inc.",40.22,-3.07,-7.09%,42.6,42.62,40,8.52,43.32M,79.329M
06/03/2026,1630,FOXA,Fox Corporation,64.28,-1.41,-2.15%,66.03,66.03,64.08,9.48,329.531M,199.481M
06/03/2026,1630,FR,"First Industrial Realty Trust, Inc.",60.4,0.35,0.58%,59.88,60.69,59.98,4.04,131.676M,132.57M
06/03/2026,1630,FROG,JFrog Ltd.,83.86,-4.19,-4.76%,85.88,86.17,82.8,1.54,106.617M,121.12M
06/03/2026,1630,FRPT,"Freshpet, Inc.",50,0.14,0.28%,49.88,51.17,49,6.3,48.03M,49.143M
06/03/2026,1630,FRT,Federal Realty Investment Trust,119.42,0.1,0.08%,119.08,120.23,119.17,0.01,77.953M,86.389M
06/03/2026,1630,FSLY,"Fastly, Inc.",20.83,0.06,0.29%,20.19,21.95,19.32,1.82,146.738M,156.5M
06/03/2026,1630,FTNT,"Fortinet, Inc.",146.48,-2.38,-1.60%,145.38,148.41,143.39,3.28,617.645M,732.648M
06/03/2026,1630,FTV,Fortive Corporation,60.6,0.44,0.73%,60.22,61.23,60.06,3.93,280.533M,304.861M
06/03/2026,1630,FTWO,Strive Natural Resources and Security ETF,44.99,-0.42,-0.94%,45.12,45.36,44.99,--,--,--
06/03/2026,1630,FUTU,Futu Holdings Limited,96.22,-5.75,-5.64%,98.71,99.27,94.78,2.63,481.776M,95.75M
06/03/2026,1630,FUTY,Fidelity MSCI Utilities Index ETF,56.6,-0.34,-0.60%,56.94,57.57,56.59,--,--,--
06/03/2026,1630,FWONK,Formula One Group,86.88,-2.44,-2.73%,89.12,89.12,85.41,3.96,242.638M,224.233M
06/03/2026,1630,FWRG,"First Watch Restaurant Group, Inc.",10.53,0.09,0.86%,10.35,10.55,10.21,3.26,57.44M,61.645M
06/03/2026,1630,FXA,Invesco CurrencyShares Australian Dollar Trust,70.57,-0.5,-0.71%,70.75,70.75,70.57,--,--,--
06/03/2026,1630,FXB,Invesco CurrencyShares British Pound Sterling Trust,128.91,-0.45,-0.35%,129.02,129.08,128.91,--,--,--
06/03/2026,1630,FXC,Invesco CurrencyShares Canadian Dollar Trust,70.32,-0.29,-0.41%,70.46,70.46,70.32,--,--,--
06/03/2026,1630,FXE,Invesco CurrencyShares Euro Currency Trust,106.95,-0.31,-0.29%,107.08,107.09,106.91,--,--,2.05M
06/03/2026,1630,FXF,Invesco CurrencyShares Swiss Franc Trust,111.38,-0.69,-0.62%,111.67,111.67,111.28,--,--,--
06/03/2026,1630,FXI,iShares China Large-Cap ETF,35.54,-0.82,-2.26%,35.77,35.79,35.5,--,--,129.45M
06/03/2026,1630,FXY,Invesco CurrencyShares Japanese Yen Trust,57.33,-0.1,-0.17%,57.39,57.41,57.33,--,--,2.05M
06/03/2026,1630,FYBR,--,--,--,--,--,--,--,--,--,--
06/03/2026,1630,GAP,"The Gap, Inc.",21.19,-0.12,-0.56%,20.99,21.48,20.96,4.22,184.1M,359.979M
06/03/2026,1630,GBPUSD=X,GBP/USD,1.3418,-0.0049,-0.36%,1.3466,1.3472,1.3413,--,--,--
06/03/2026,1630,GC=F,Gold Aug 26,"4,461.60",-58.3,-1.29%,"4,520.00","4,525.10","4,454.00",--,--,--
06/03/2026,1630,GD,General Dynamics Corporation,337.04,-0.57,-0.17%,335.71,341.96,335.02,1.81,254.359M,270.43M
06/03/2026,1630,GDX,VanEck Gold Miners ETF,85,-3.05,-3.46%,86.51,86.93,84.94,--,--,--
06/03/2026,1630,GDXJ,VanEck Junior Gold Miners ETF,110.88,-5.1,-4.40%,113.77,114.1,110.6,--,--,--
06/03/2026,1630,GE,GE Aerospace,314.64,-3.08,-0.97%,313.44,319.55,311,2.08,1.039B,1.043B
06/03/2026,1630,GEL,"Genesis Energy, L.P.",15.19,-0.36,-2.32%,15.55,15.85,15.19,10,108.563M,122.424M
06/03/2026,1630,GII,State Street SPDR S&P Global Infrastructure ETF,74.39,-0.34,-0.45%,74.75,75.05,74.39,--,--,--
06/03/2026,1630,GIL,Gildan Activewear Inc.,58.18,-0.23,-0.39%,58.49,59.4,57.89,5.75,183.116M,185.181M
06/03/2026,1630,GIS,"General Mills, Inc.",32.17,-0.9,-2.72%,32.63,33.01,31.85,5.23,590.698M,533.681M
06/03/2026,1630,GK,AdvisorShares Gerber Kawasaki ETF,30.06,-0.13,-0.42%,30.2,30.06,30.06,--,--,--
06/03/2026,1630,GLASF,Glass House Brands Inc.,11.33,0.18,1.61%,11.46,11.48,11.24,--,66.947M,78.941M
06/03/2026,1630,GLBE,Global-E Online Ltd.,31.79,-1.51,-4.53%,32.64,32.9,31.06,2.21,103.978M,167.967M
06/03/2026,1630,GLD,SPDR Gold Shares,407.87,-4.08,-0.99%,408.38,409.38,406.23,--,--,260.3M
06/03/2026,1630,GLIN,VanEck India Growth Leaders ETF,44.37,-0.42,-0.93%,44.9,44.78,44.37,--,--,--
06/03/2026,1630,GM,General Motors Company,81.7,-0.03,-0.04%,80.71,84.1,80.34,3.18,898.798M,901.665M
06/03/2026,1630,GME,GameStop Corp.,22.18,1.26,6.02%,23.28,23.68,22.12,5.51,446.844M,448.691M
06/03/2026,1630,GO,Grocery Outlet Holding Corp.,8.27,-0.2,-2.36%,8.47,8.51,8.26,7.38,93.396M,98.923M
06/03/2026,1630,GOLF,Acushnet Holdings Corp.,87.78,-0.73,-0.82%,88.08,89.29,87.57,7.38,27.38M,58.554M
06/03/2026,1630,GOOG,Alphabet Inc.,355.68,-2.71,-0.76%,358.33,362.5,354.4,2.39,10.814B,5.456B
06/03/2026,1630,GOOGL,Alphabet Inc.,358.99,-2.86,-0.79%,362.03,366.45,358.08,3.02,10.814B,5.824B
06/03/2026,1630,GOOS,Canada Goose Holdings Inc.,9.86,-0.03,-0.30%,9.79,10.04,9.75,7.21,39.476M,46.138M
06/03/2026,1630,GPI,"Group 1 Automotive, Inc.",305.75,-2.57,-0.83%,304.51,309.4,299.95,6,10.716M,11.898M
06/03/2026,1630,GPN,Global Payments Inc.,67.85,-6.18,-8.35%,73,73.17,63.8,4.62,228.516M,273.544M
06/03/2026,1630,GRID,First Trust NASDAQ Clean Edge Smart Grid Infrastructure Index Fund,197.14,-0.34,-0.17%,197.64,198.77,196.01,--,--,--
06/03/2026,1630,GRMN,Garmin Ltd.,237.94,-3.09,-1.28%,240.47,242.19,236.37,4.98,164.614M,192.856M
06/03/2026,1630,GRNY,Fundstrat Granny Shots US Large Cap ETF,27.52,-0.21,-0.76%,27.64,27.69,27.48,--,--,--
06/03/2026,1630,GS,"The Goldman Sachs Group, Inc.","1,041.02",-23.56,-2.21%,"1,055.28","1,055.97","1,031.01",3.67,304.89M,295.007M
06/03/2026,1630,GSG,iShares S&P GSCI Commodity-Indexed Trust,32.88,0.25,0.77%,32.97,32.97,32.69,--,--,62.55M
06/03/2026,1630,GTBIF,Green Thumb Industries Inc.,7.65,-0.41,-5.09%,7.9,8.07,7.47,--,190.002M,195.073M
06/03/2026,1630,GTLB,GitLab Inc.,30.93,-0.89,-2.80%,30.83,31.69,29.25,3.41,125.278M,152.478M
06/03/2026,1630,GTM,ZoomInfo Technologies Inc.,3.12,-0.305,-8.91%,3.4,3.42,2.94,3.31,215.625M,294.718M
06/03/2026,1630,GVAL,Cambria Global Value ETF,35.89,-0.45,-1.24%,36.19,36.21,35.86,--,--,--
06/03/2026,1630,GVIP,Goldman Sachs Hedge Industry VIP ETF,179.94,-0.6,-0.33%,181.46,181.19,179.21,--,--,--
06/03/2026,1630,H,Hyatt Hotels Corporation,185.92,0.71,0.38%,182.43,187.24,182.58,6.6,39.833M,41.03M
06/03/2026,1630,HACK,Amplify Cybersecurity ETF,102.21,-3.16,-3.00%,104.58,104.58,101.67,--,--,--
06/03/2026,1630,HAL,Halliburton Company,41.03,1.07,2.68%,40.12,41.25,40.12,2.67,830.603M,835.398M
06/03/2026,1630,HBB,Hamilton Beach Brands Holding Company,18.96,-0.56,-2.87%,19.76,19.41,18.38,7.53,6.529M,9.96M
06/03/2026,1630,HBDC,Hilton Bdc Corporate Bond ETF,24.69,-0.15,-0.58%,24.78,24.79,24.63,--,--,--
06/03/2026,1630,HCA,"HCA Healthcare, Inc.",363.23,-4.12,-1.12%,362.99,367.25,358.96,3.53,149.504M,221.84M
06/03/2026,1630,HD,"The Home Depot, Inc.",312.97,1.45,0.47%,307.94,313.52,307.12,2.87,995.402M,997.117M
06/03/2026,1630,HELE,Helen of Troy Limited,25.57,-1.16,-4.34%,26.72,26.86,25.1,3.03,22.677M,23.258M
06/03/2026,1630,HG=F,Copper Jul 26,6.484,-0.192,-2.88%,6.682,6.684,6.482,--,--,--
06/03/2026,1630,HII,"Huntington Ingalls Industries, Inc.",287.54,-6.12,-2.08%,291.83,294.21,287.49,1.52,39.098M,39.404M
06/03/2026,1630,HIMS,"Hims & Hers Health, Inc.",27.51,0,0.00%,26.95,28.03,25.71,1.82,210.895M,223.08M
06/03/2026,1630,HLN,Haleon plc,8.72,0.02,0.23%,8.67,8.76,8.65,1.61,8.856B,4.424B
06/03/2026,1630,HLT,Hilton Worldwide Holdings Inc.,331.37,-1.48,-0.44%,331.2,335.37,330.81,3.09,223.341M,227.648M
06/03/2026,1630,HOOD,"Robinhood Markets, Inc.",82.85,-5.31,-6.02%,86.42,86.82,82.41,1.17,783.692M,791.185M
06/03/2026,1630,HPP,"Hudson Pacific Properties, Inc.",13.27,-0.21,-1.56%,13.3,13.59,12.84,0.36,50.011M,54.242M
06/03/2026,1630,HQY,"HealthEquity, Inc.",85.21,-3.13,-3.54%,87.92,88.3,84.2,5.18,81.948M,83.602M
06/03/2026,1630,HSY,The Hershey Company,183.2,-0.89,-0.48%,184.19,188.12,182.3,5.17,145.95M,148.23M
06/03/2026,1630,HTZ,"Hertz Global Holdings, Inc.",5.16,-0.05,-0.96%,5.14,5.22,5.02,3.61,129.205M,315.765M
06/03/2026,1630,HUBS,"HubSpot, Inc.",222.45,-17.71,-7.37%,235.44,234.95,219.01,2.88,49.335M,51.191M
06/03/2026,1630,HUM,Humana Inc.,327.54,6.66,2.08%,321.2,332.26,324.14,2.99,119.801M,120.061M
06/03/2026,1630,HYG,iShares iBoxx $ High Yield Corporate Bond ETF,79.68,-0.22,-0.28%,79.75,79.78,79.63,--,--,195.6M
06/03/2026,1630,HYLS,First Trust Tactical High Yield ETF,40.83,-0.07,-0.17%,40.79,40.94,40.56,--,--,--
06/03/2026,1630,IAK,iShares U.S. Insurance ETF,127.97,-1.14,-0.88%,128.77,129.36,127.81,--,--,--
06/03/2026,1630,IBB,iShares Biotechnology ETF,167.5,3.23,1.97%,163.62,167.62,163.37,--,--,69.7M
06/03/2026,1630,IBIT,iShares Bitcoin Trust ETF,37,-1.05,-2.76%,37.79,38.01,36.92,--,--,--
06/03/2026,1630,IDX,VanEck Indonesia Index ETF,10.61,-0.52,-4.67%,10.75,10.7,10.55,--,--,1.95M
06/03/2026,1630,IDXX,"IDEXX Laboratories, Inc.",560.73,9.91,1.80%,547.63,561.65,547.57,3.32,78.007M,78.883M
06/03/2026,1630,IEF,iShares 7-10 Year Treasury Bond ETF,94,-0.24,-0.25%,93.99,94.1,93.9,--,--,146M
06/03/2026,1630,IFF,International Flavors & Fragrances Inc.,73.56,0.32,0.44%,74.22,75.64,73.38,6.04,254.601M,255.303M
06/03/2026,1630,IGLB,iShares 10+ Year Investment Grade Corporate Bond ETF,49.76,-0.16,-0.32%,49.7,49.78,49.63,--,--,--
06/03/2026,1630,IGSB,iShares 1-5 Year Investment Grade Corporate Bond ETF,52.26,-0.03,-0.06%,52.25,52.26,52.21,--,--,--
06/03/2026,1630,IIGD,Invesco Investment Grade Defensive ETF,24.48,-0.02,-0.10%,24.5,24.48,24.48,--,--,--
06/03/2026,1630,IJT,iShares S&P Small-Cap 600 Growth ETF,162.6,-0.95,-0.58%,163.05,163.1,162.08,--,--,30.15M
06/03/2026,1630,ILMN,"Illumina, Inc.",170.93,8.38,5.16%,162.6,172.49,160.1,4.55,147.359M,151.3M
06/03/2026,1630,INDA,iShares MSCI India ETF,47.36,-0.67,-1.39%,47.8,47.86,47.34,--,--,--
06/03/2026,1630,INDY,iShares India 50 ETF,41.71,-0.57,-1.35%,42.1,42.1,41.64,--,--,--
06/03/2026,1630,INFL,Horizon Kinetics Inflation Beneficiaries ETF,52.03,-0.25,-0.48%,52.25,52.38,52.02,--,--,--
06/03/2026,1630,INMD,InMode Ltd.,13.49,-0.01,-0.07%,13.49,13.51,13.35,3.91,53.889M,60.809M
06/03/2026,1630,INTC,Intel Corporation,112.71,4.78,4.43%,116.4,118.29,110.86,0.94,5.017B,5.026B
06/03/2026,1630,INVH,Invitation Homes Inc.,28.98,0.11,0.38%,28.75,29.11,28.67,3.12,539.527M,594.042M
06/03/2026,1630,IONQ,"IonQ, Inc.",68.23,-3.17,-4.44%,70.32,73.65,67.51,1.89,370.549M,373.27M
06/03/2026,1630,IPO,Renaissance IPO ETF,56.85,-0.72,-1.25%,57.4,56.99,55.22,--,--,--
06/03/2026,1630,IRM,Iron Mountain Incorporated,127.95,-0.51,-0.40%,128.01,130.74,127.72,4.12,294.624M,297.525M
06/03/2026,1630,IRT,"Independence Realty Trust, Inc.",16.23,0.39,2.46%,15.71,16.25,15.69,4.45,233.462M,235.715M
06/03/2026,1630,ITA,iShares U.S. Aerospace & Defense ETF,224.89,-3.44,-1.51%,226.02,227.85,224.87,--,--,--
06/03/2026,1630,ITB,iShares U.S. Home Construction ETF,92.46,-0.79,-0.85%,92.52,93.46,92,--,--,--
06/03/2026,1630,ITW,Illinois Tool Works Inc.,250.26,1.68,0.68%,250.09,251.9,247.54,7.16,260.613M,287.7M
06/03/2026,1630,IVOL,Quadratic Interest Rate Volatility and Inflation Hedge ETF New,17.68,-0.06,-0.34%,17.67,17.7,17.65,--,--,--
06/03/2026,1630,IWC,iShares Micro-Cap ETF,187.33,-4,-2.09%,190.51,189.6,186.55,--,--,--
06/03/2026,1630,IWF,iShares Russell 1000 Growth ETF,126.63,-1.66,-1.29%,128,128.03,126.31,--,--,283.2M
06/03/2026,1630,IWM,iShares Russell 2000 ETF,287.67,-3.99,-1.37%,289.99,290.01,286.78,--,--,281.05M
06/03/2026,1630,IWN,iShares Russell 2000 Value ETF,212.19,-2.81,-1.31%,214.01,214.01,212.03,--,--,73.5M
06/03/2026,1630,IWO,iShares Russell 2000 Growth ETF,376.99,-5.4,-1.41%,380.36,380.66,374.5,--,--,44.75M
06/03/2026,1630,J,Jacobs Solutions Inc.,121.28,-0.66,-0.54%,120.73,122.22,119.34,4.76,116.612M,118.081M
06/03/2026,1630,JACK,Jack in the Box Inc.,11.95,-0.8,-6.27%,12.55,12.74,11.89,7.23,12.549M,19.074M
06/03/2026,1630,JBHT,"J.B. Hunt Transport Services, Inc.",280.05,4.46,1.62%,277.95,281.62,276.01,3.6,74.731M,94.299M
06/03/2026,1630,JBLU,JetBlue Airways Corporation,4.77,-0.16,-3.25%,4.85,4.86,4.66,2.37,332.615M,372.019M
06/03/2026,1630,JETS,U.S. Global Jets ETF,27.83,-0.67,-2.35%,28.16,28.22,27.77,--,--,--
06/03/2026,1630,JNJ,Johnson & Johnson,223.24,0.35,0.16%,222.45,224.93,222,2.96,2.403B,2.407B
06/03/2026,1630,JNK,State Street SPDR Bloomberg High Yield Bond ETF,96,-0.21,-0.22%,96.08,96.1,95.92,--,--,89.275M
06/03/2026,1630,JOBY,"Joby Aviation, Inc.",11.43,-0.44,-3.71%,11.59,11.63,11.14,2.7,662.139M,983.643M
06/03/2026,1630,JOE,The St. Joe Company,64.49,0.91,1.43%,62.99,64.5,63.24,2.69,55.28M,57.41M
06/03/2026,1630,JOET,Virtus Terranova U.S. Quality Momentum ETF,45.12,0,0.00%,45.08,45.24,44.93,--,--,--
06/03/2026,1630,JPM,JPMorgan Chase & Co.,300.85,-0.11,-0.04%,299.92,301.96,296.56,3.35,2.665B,2.68B
06/03/2026,1630,JPXN,iShares JPX-Nikkei 400 ETF,100.06,0.13,0.13%,100.42,100.46,100.24,--,--,1.95M
06/03/2026,1630,JPY=X,USD/JPY,160.071,0.184,0.12%,159.876,160.088,159.351,--,--,--
06/03/2026,1630,JPYUSD=X,JPY/USD,0.0062,0,-0.11%,0.0063,0.0063,0.0062,--,--,--
06/03/2026,1630,JYNT,The Joint Corp.,8.27,-0.4,-4.61%,8.72,8.72,8.19,13.32,6.625M,14.255M
06/03/2026,1630,K,--,--,--,--,--,--,--,--,--,--
06/03/2026,1630,KBA,KraneShares Bosera MSCI China A 50 Connect Index ETF,34.8,0.05,0.14%,34.8,34.84,34.73,--,--,--
06/03/2026,1630,KBWP,Invesco KBW Property & Casualty Insurance ETF,115.13,-0.96,-0.82%,116.26,116.26,114.87,--,--,--
06/03/2026,1630,KCE,State Street SPDR S&P Capital Markets ETF,147.54,-2.78,-1.85%,148.54,147.79,146.29,--,--,"700,000"
06/03/2026,1630,KDP,Keurig Dr Pepper Inc.,30.55,0.19,0.63%,30.27,31.04,30.19,5.23,1.354B,1.361B
06/03/2026,1630,KEMX,KraneShares MSCI Emerging Markets ex China Index ETF,52.75,-0.7,-1.31%,53.6,53.03,52.63,--,--,--
06/03/2026,1630,KHC,The Kraft Heinz Company,22.76,-0.57,-2.44%,23.03,23.39,22.61,6,855.93M,1.186B
06/03/2026,1630,KLAC,KLA Corporation,"2,125.11",79.91,3.91%,"2,048.27","2,145.47","2,019.54",3.26,130.321M,130.628M
06/03/2026,1630,KMX,"CarMax, Inc.",46.03,2.1,4.78%,43.74,47.79,43.52,5.8,131.146M,141.821M
06/03/2026,1630,KNX,Knight-Swift Transportation Holdings Inc.,78.27,0.65,0.84%,77.33,78.73,77.23,2.05,157.827M,162.494M
06/03/2026,1630,KO,The Coca-Cola Company,78.76,0.35,0.45%,78.29,79.03,78.11,3.37,3.874B,4.302B
06/03/2026,1630,KR,The Kroger Co.,61.23,-0.33,-0.54%,61.36,61.86,61.01,5.48,793.495M,616.561M
06/03/2026,1630,KRE,State Street SPDR S&P Regional Banking ETF,67.88,-1.66,-2.39%,69.08,69.12,67.81,--,--,--
06/03/2026,1630,KSA,iShares MSCI Saudi Arabia ETF,38.22,-0.49,-1.27%,38.47,38.51,38.22,--,--,--
06/03/2026,1630,KSS,Kohl's Corporation,15.52,-0.33,-2.08%,15.85,16.03,15.26,5.78,110.012M,112.253M
06/03/2026,1630,KVUE,Kenvue Inc.,16.83,-0.49,-2.83%,17.32,17.34,16.82,3.24,1.917B,1.92B
06/03/2026,1630,KW,"Kennedy-Wilson Holdings, Inc.",10.99,-0.01,-0.09%,11,11.02,10.99,3.96,121.206M,139.303M
06/03/2026,1630,KWEB,KraneShares CSI China Internet ETF,27.22,-1.11,-3.92%,27.62,27.67,27.19,--,--,--
06/03/2026,1630,LAMR,Lamar Advertising Company,149.59,-0.89,-0.59%,149.34,150.4,148.61,5.17,86.28M,87.055M
06/03/2026,1630,LCID,"Lucid Group, Inc.",5.72,-0.45,-7.29%,5.99,6.04,5.7,2.62,172.345M,390.257M
06/03/2026,1630,LEVI,Levi Strauss & Co.,22.62,-0.24,-1.05%,22.82,22.98,22.5,3.41,90.403M,98.177M
06/03/2026,1630,LFMD,"LifeMD, Inc.",4.56,-0.13,-2.77%,4.62,4.64,4.42,4.57,40.08M,48.363M
06/03/2026,1630,LFST,"LifeStance Health Group, Inc.",7.5,-0.26,-3.35%,7.8,7.8,7.45,1.26,238.033M,381.834M
06/03/2026,1630,LH,Labcorp Holdings Inc.,258.92,1.22,0.47%,257.2,259.58,253.05,4.61,81.602M,82M
06/03/2026,1630,LI,Li Auto Inc.,14.99,-0.44,-2.85%,15,15.2,14.88,7.39,1.102B,837.244M
06/03/2026,1630,LII,Lennox International Inc.,515.3,-1.07,-0.21%,515.03,526.95,510.51,4.62,29.629M,34.8M
06/03/2026,1630,LIN,Linde plc,507.57,11.66,2.35%,497.03,512.21,496.73,3.56,461.022M,462.347M
06/03/2026,1630,LIT,Global X Lithium & Battery Tech ETF,84.86,-1.54,-1.78%,85.51,85.98,84.66,--,--,--
06/03/2026,1630,LLY,Eli Lilly and Company,"1,078.78",14.63,1.37%,"1,059.50","1,093.28","1,053.51",2.44,889.334M,891.741M
06/03/2026,1630,LMND,"Lemonade, Inc.",52.66,-5.4,-9.30%,56.8,56.87,51.93,6.41,71.151M,76.821M
06/03/2026,1630,LMT,Lockheed Martin Corporation,512.03,-1.4,-0.27%,512.25,524.54,510.54,1.6,197.607M,230.564M
06/03/2026,1630,LNG,"Cheniere Energy, Inc.",235.37,-0.64,-0.27%,237.73,241.53,234.91,1.67,208.148M,209.552M
06/03/2026,1630,LOGI,Logitech International S.A.,119.07,-7.62,-6.01%,123.44,123.75,118.67,13.52,143.135M,143.536M
06/03/2026,1630,LOTMY,LOTTOMATICA GROUP SPA,30.34,0.38,1.27%,30.25,30.34,30.1,--,210.333M,234.471M
06/03/2026,1630,LOW,"Lowe's Companies, Inc.",207.65,1.01,0.49%,203.57,207.85,203.4,3.84,559.457M,560.707M
06/03/2026,1630,LQD,iShares iBoxx $ Investment Grade Corporate Bond ETF,108.62,-0.3,-0.28%,108.59,108.7,108.47,--,--,293.5M
06/03/2026,1630,LRCX,Lam Research Corporation,343.71,9.3,2.78%,335.05,346.18,332.13,3.46,1.245B,1.251B
06/03/2026,1630,LUV,Southwest Airlines Co.,40.87,-1.47,-3.47%,41.54,42.15,40.81,3.29,483.656M,488.774M
06/03/2026,1630,LUXE,LuxExperience B.V.,7.48,0.15,2.05%,7.22,7.57,7.11,21.91,17.637M,137.262M
06/03/2026,1630,LVS,Las Vegas Sands Corp.,50.86,-0.35,-0.68%,51,51.3,50.21,2.65,307.077M,662.637M
06/03/2026,1630,LW,"Lamb Weston Holdings, Inc.",41.94,0.33,0.79%,41.4,41.99,41.26,4.3,136.75M,138.073M
06/03/2026,1630,LYB,LyondellBasell Industries N.V.,67.3,-0.01,-0.01%,67.52,68.48,67,1.64,257.411M,322.785M
06/03/2026,1630,LYFT,"Lyft, Inc.",14.09,-0.02,-0.14%,14.06,14.12,13.77,5.88,330.161M,379.683M
06/03/2026,1630,LYV,"Live Nation Entertainment, Inc.",164.25,-3.39,-2.02%,166.79,167.77,163.32,7.22,156.869M,232.713M
06/03/2026,1630,M,"Macy's, Inc.",21.8,0.13,0.60%,21.99,22.9,21.25,7.26,259.496M,263.761M
06/03/2026,1630,MA,Mastercard Incorporated,471.55,-6.13,-1.28%,477.35,481.96,464.52,1.94,875.817M,877.036M
06/03/2026,1630,MAC,The Macerich Company,22.3,0.06,0.27%,22.21,22.45,22.13,3.58,260.699M,283.461M
06/03/2026,1630,MAR,"Marriott International, Inc.",376.75,2.99,0.80%,373.83,377.13,371.28,3.48,228.215M,263.689M
06/03/2026,1630,MARA,"MARA Holdings, Inc.",13.96,-0.32,-2.24%,13.99,14.38,13.69,2.18,372.787M,381.271M
06/03/2026,1630,MCD,McDonald's Corporation,273.29,-3.07,-1.11%,275.77,276.84,273.29,2.64,709.49M,710.506M
06/03/2026,1630,MCHP,Microchip Technology Incorporated,96.55,-0.41,-0.42%,97,97.39,94.36,2.54,531.048M,542.079M
06/03/2026,1630,MCK,McKesson Corporation,739.53,2.75,0.37%,740.17,743.28,729.35,2.59,119.996M,120.204M
06/03/2026,1630,MCO,Moody's Corporation,448.39,-5.21,-1.15%,450,450.96,441.79,3.53,160.021M,174.676M
06/03/2026,1630,MCW,"Mister Car Wash, Inc.",7.1,7.1,0.00%,7.09,7.11,7.07,3.9,102.01M,328.895M
06/03/2026,1630,MDB,"MongoDB, Inc.",368.32,-30.14,-7.56%,391.27,392.18,364.37,2.45,78.29M,80.432M
06/03/2026,1630,MDLZ,"Mondelez International, Inc.",61.31,0.24,0.39%,61.27,62.26,61.11,4.42,1.28B,1.284B
06/03/2026,1630,MELI,"MercadoLibre, Inc.","1,638.54",-34.29,-2.05%,"1,651.23","1,670.00","1,629.52",1.65,47.036M,50.697M
06/03/2026,1630,META,"Meta Platforms, Inc.",622.98,25.35,4.24%,602.99,624.1,600.27,2.07,2.193B,2.196B
06/03/2026,1630,MGM,MGM Resorts International,48.3,-0.06,-0.12%,48.08,48.75,47.71,5.38,185.525M,255.851M
06/03/2026,1630,MGPI,"MGP Ingredients, Inc.",16.29,-0.53,-3.15%,16.79,16.96,16.29,4.78,14.469M,21.371M
06/03/2026,1630,MICC,The Magnum Ice Cream Company N.V.,16.72,-0.08,-0.48%,16.73,16.82,16.66,7.43,489.606M,612.26M
06/03/2026,1630,MKOR,Matthews Korea Active ETF,67.73,-0.68,-0.99%,67.97,67.91,66.79,--,--,--
06/03/2026,1630,MLCO,Melco Resorts & Entertainment Limited,5.78,0.03,0.52%,5.75,5.85,5.6,2.97,1.082B,388.292M
06/03/2026,1630,MLM,"Martin Marietta Materials, Inc.",583.15,6.22,1.08%,572.38,586.1,573.35,3.35,59.522M,60.046M
06/03/2026,1630,MNDY,monday.com Ltd.,85.95,-5.56,-6.08%,89.55,89.71,84.76,4,37.971M,51.161M
06/03/2026,1630,MNSO,MINISO Group Holding Limited,13.27,-0.21,-1.56%,13.26,13.37,13.21,4.75,364.256M,302.935M
06/03/2026,1630,MNST,Monster Beverage Corporation,89.04,0.8,0.91%,88.04,89.7,87.84,3.75,700.557M,978.008M
06/03/2026,1630,MO,"Altria Group, Inc.",70.3,1.06,1.53%,69.4,71.26,69.31,5.36,1.667B,1.67B
06/03/2026,1630,MOH,"Molina Healthcare, Inc.",184.82,4.96,2.76%,182.1,186.68,180.29,2.18,48.497M,52.1M
06/03/2026,1630,MOO,VanEck Agribusiness ETF,80.14,0.38,0.48%,79.74,80.87,79.61,--,--,11.2M
06/03/2026,1630,MP,MP Materials Corp.,68.55,-3.69,-5.11%,70.38,71.88,67.41,4.17,144.105M,178.022M
06/03/2026,1630,MPC,Marathon Petroleum Corporation,267.21,4.15,1.58%,265.58,272.46,263.13,2.58,291.02M,291.937M
06/03/2026,1630,MPLX,MPLX LP,55.26,-0.42,-0.75%,55.6,56.17,55.15,2.59,365.659M,1.015B
06/03/2026,1630,MPNGY,Meituan,20.2,-1.28,-5.96%,20.63,20.63,20.11,--,5.433B,2.798B
06/03/2026,1630,MRNA,"Moderna, Inc.",49.06,3.42,7.49%,45.48,49.55,45.43,7.25,370.098M,396.786M
06/03/2026,1630,MRVL,"Marvell Technology, Inc.",301.65,10.86,3.73%,318.05,324.15,294.01,1.24,871.939M,874.8M
06/03/2026,1630,MSFT,Microsoft Corporation,427.34,-13.97,-3.17%,438.45,440.39,424.25,2.15,7.417B,7.428B
06/03/2026,1630,MSGS,Madison Square Garden Sports Corp.,380.82,-1.9,-0.50%,384,386.05,378,4.96,17.141M,19.547M
06/03/2026,1630,MSM,"MSC Industrial Direct Co., Inc.",117.21,2.04,1.77%,114.48,117.23,113.53,3.88,45.609M,55.834M
06/03/2026,1630,MSTR,Strategy Inc,126.54,-9.54,-7.01%,134.47,138.18,126.4,2.12,330.031M,332.271M
06/03/2026,1630,MTCH,"Match Group, Inc.",34.32,-1,-2.83%,34.91,35.25,34.1,2.37,231.767M,233.267M
06/03/2026,1630,MTDR,Matador Resources Company,56.54,0.54,0.96%,56.58,56.98,55.9,6.36,115.494M,124.178M
06/03/2026,1630,MTUM,iShares MSCI USA Momentum Factor ETF,329.5,3.47,1.06%,328.78,331.48,325.34,--,--,--
06/03/2026,1630,MU,"Micron Technology, Inc.","1,079.57",15.47,1.45%,"1,079.01","1,089.29","1,038.50",0.77,1.124B,1.128B
06/03/2026,1630,MUR,Murphy Oil Corporation,39.17,1.21,3.19%,38.25,39.62,37.94,5.33,134.611M,143.35M
06/03/2026,1630,MUSA,Murphy USA Inc.,542.16,16.03,3.05%,527.3,551.16,527.45,3.11,16.671M,18.471M
06/03/2026,1630,MZTI,The Marzetti Company,107.01,-1.82,-1.67%,108,108.62,105.87,3.89,19.649M,27.422M
06/03/2026,1630,NBIS,Nebius Group N.V.,251.68,-8.9,-3.42%,259.65,267.3,247.51,2.64,210.582M,220.406M
06/03/2026,1630,NBIX,"Neurocrine Biosciences, Inc.",165.11,10.27,6.63%,155.53,165.81,155.12,4,99.278M,100.55M
06/03/2026,1630,NCLH,Norwegian Cruise Line Holdings Ltd.,18.15,0.02,0.11%,18.11,18.73,18.04,2.99,456.594M,459.11M
06/03/2026,1630,NEE,"NextEra Energy, Inc.",84.58,-1.1,-1.28%,85.66,86.3,84.53,0.01,2.081B,2.086B
06/03/2026,1630,NEM,Newmont Corporation,107.47,-2.03,-1.85%,107.99,108.89,106.6,2.6,1.065B,1.068B
06/03/2026,1630,NET,"Cloudflare, Inc.",265.33,-7.33,-2.69%,270,270,260.74,1.92,317.374M,319.528M
06/03/2026,1630,NFLX,"Netflix, Inc.",81.52,-1.81,-2.17%,82.89,83.3,81.1,2.3,4.183B,4.211B
06/03/2026,1630,NG=F,Natural Gas Jul 26,3.255,0.041,1.28%,3.172,3.262,3.143,--,--,--
06/03/2026,1630,NIKL,Sprott Nickel Miners ETF,14.44,-1.34,-8.49%,15.03,15.03,14.36,--,--,--
06/03/2026,1630,NKE,"NIKE, Inc.",43.81,0.08,0.18%,43.65,43.99,43.16,2.64,1.174B,1.199B
06/03/2026,1630,NLR,VanEck Uranium and Nuclear ETF,131.83,-6.34,-4.59%,137.15,137.15,131.09,--,--,--
06/03/2026,1630,NNN,"NNN REIT, Inc.",44.19,0.37,0.84%,43.78,44.41,43.67,4.71,188.279M,190.248M
06/03/2026,1630,NOAH,Noah Holdings Limited,10.34,-0.27,-2.54%,10.5,10.52,10.24,6.07,138.744M,65.571M
06/03/2026,1630,NORW,Global X MSCI Norway ETF,37.95,-0.2,-0.52%,38.24,38.34,37.95,--,--,--
06/03/2026,1630,NOW,"ServiceNow, Inc.",117.9,-9.75,-7.64%,127.99,128.08,117.36,2.11,1.028B,1.031B
06/03/2026,1630,NSA,National Storage Affiliates Trust,42.37,0.5,1.19%,41.75,42.77,42,0.01,71.209M,77.213M
06/03/2026,1630,NSC,Norfolk Southern Corporation,305.11,-2.44,-0.79%,307.82,311.01,305.05,6.32,224.221M,224.594M
06/03/2026,1630,NSP,"Insperity, Inc.",33.6,-2.25,-6.28%,35.24,35.04,33.24,5.23,35.951M,38.169M
06/03/2026,1630,NSSC,"Napco Security Technologies, Inc.",35.99,-0.21,-0.58%,36.01,36.33,35.73,7.7,34.375M,35.727M
06/03/2026,1630,NTLA,"Intellia Therapeutics, Inc.",13.02,-0.11,-0.84%,12.98,13.04,12.47,6.19,134.159M,139.722M
06/03/2026,1630,NTR,Nutrien Ltd.,68.81,0.31,0.45%,68.5,69.98,68.1,0.89,479.299M,480.024M
06/03/2026,1630,NUE,Nucor Corporation,257.73,-0.73,-0.28%,257.18,261.42,255.01,3.03,222.305M,227.741M
06/03/2026,1630,NVDA,NVIDIA Corporation,214.75,-8.07,-3.62%,221.68,222.82,214.51,1.92,23.224B,24.221B
06/03/2026,1630,NVO,Novo Nordisk A/S,42,-0.92,-2.14%,42.72,42.76,41.9,1.21,3.186B,3.355B
06/03/2026,1630,NXPI,NXP Semiconductors N.V.,321.88,-1.74,-0.54%,323,327.48,318.71,1.92,251.989M,252.471M
06/03/2026,1630,NYT,The New York Times Company,75.17,-0.07,-0.09%,75.36,75.71,73.73,5.14,134.713M,161.082M
06/03/2026,1630,O,Realty Income Corporation,59.72,-0.19,-0.32%,59.88,60.65,59.72,6.12,930.31M,932.493M
06/03/2026,1630,OC,Owens Corning,120.16,-0.25,-0.21%,120.19,120.86,118.41,4.04,79.729M,80.528M
06/03/2026,1630,OIH,VanEck Oil Services ETF,431.22,0.77,0.18%,431.18,436.22,426.32,--,--,--
06/03/2026,1630,OKE,"ONEOK, Inc.",86.75,0.03,0.03%,86.77,88.69,86.7,6.38,628.281M,630.033M
06/03/2026,1630,OKLO,Oklo Inc.,65.21,-8.26,-11.24%,70.72,70.72,64.05,2.12,153.737M,173.991M
06/03/2026,1630,OKTA,"Okta, Inc.",124.65,-10.67,-7.89%,132.23,132.74,124.2,2.63,165.555M,166.12M
06/03/2026,1630,OLLI,"Ollie's Bargain Outlet Holdings, Inc.",79.74,0.49,0.62%,77.72,82.17,77.14,3.23,60.695M,60.661M
06/03/2026,1630,OMF,"OneMain Holdings, Inc.",53.41,-1.11,-2.04%,53.83,54.11,53.33,3.79,115.003M,115.531M
06/03/2026,1630,ON,ON Semiconductor Corporation,133.93,5.29,4.11%,130,134.92,126.15,2.56,390.179M,388.803M
06/03/2026,1630,ONEW,OneWater Marine Inc.,10.92,-0.44,-3.87%,11.22,11.22,10.76,10.44,11.763M,16.618M
06/03/2026,1630,ONON,On Holding AG,37.52,-0.8,-2.09%,38,38,36.77,2.44,245.386M,315.456M
06/03/2026,1630,ONTO,Onto Innovation Inc.,279.98,1.96,0.70%,280,285.03,273.38,1.11,49.393M,49.744M
06/03/2026,1630,ORCL,Oracle Corporation,230.33,-14.25,-5.83%,240.48,240.48,227.6,1.28,1.709B,2.876B
06/03/2026,1630,ORLY,"O'Reilly Automotive, Inc.",87.38,1.15,1.33%,85.63,87.94,85.48,3.52,821.033M,828.715M
06/03/2026,1630,OSCR,"Oscar Health, Inc.",20.5,-0.64,-3.03%,20.98,21.3,20.09,2.38,246.752M,265.902M
06/03/2026,1630,OSK,Oshkosh Corporation,134.05,2.24,1.70%,131.62,134.79,131.2,4.23,61.894M,62.351M
06/03/2026,1630,OTLY,Oatly Group AB,8.61,0.19,2.26%,8.61,8.85,8.46,7.14,235.106M,31.225M
06/03/2026,1630,OUT,OUTFRONT Media Inc.,31.26,-0.2,-0.64%,30.99,31.49,30.6,3.36,171.426M,176.064M
06/03/2026,1630,OXLC,Oxford Lane Capital Corp.,9.86,-0.05,-0.50%,9.9,9.93,9.78,4.02,--,97.65M
06/03/2026,1630,OXM,"Oxford Industries, Inc.",45.23,-0.58,-1.27%,45.16,45.5,44.49,12.49,13.91M,14.901M
06/03/2026,1630,OXY,Occidental Petroleum Corporation,59.64,0.55,0.93%,59.52,60.5,59.12,0.01,990.626M,994.635M
06/03/2026,1630,PAG,"Penske Automotive Group, Inc.",171.88,-0.48,-0.28%,171.85,173.88,170.61,7.63,17.555M,65.749M
06/03/2026,1630,PALL,abrdn Physical Palladium Shares ETF,23.73,-1.22,-4.89%,24.48,24.49,23.68,--,--,--
06/03/2026,1630,PAM,Pampa Energía S.A.,84.15,-1.58,-1.84%,85.31,86.79,84,1.49,634.426M,53.744M
06/03/2026,1630,PATH,"UiPath, Inc.",11.67,-0.51,-4.19%,12.18,12.24,11.51,4.58,415.726M,455.753M
06/03/2026,1630,PBD,Invesco Global Clean Energy ETF,22.25,-0.21,-0.93%,22.41,22.41,22.18,--,--,--
06/03/2026,1630,PBH,Prestige Consumer Healthcare Inc.,45.44,-0.39,-0.85%,45.54,45.75,44.82,3.92,46.76M,47.372M
06/03/2026,1630,PBJ,Invesco Food & Beverage ETF,47.51,-0.17,-0.35%,47.58,48.03,47.44,--,--,2.1M
06/03/2026,1630,PBR,Petróleo Brasileiro S.A. - Petrobras,18.19,-0.24,-1.33%,18.51,18.57,18.19,2.39,7.889B,3.721B
06/03/2026,1630,PCAR,PACCAR Inc,114.38,1.49,1.32%,112.73,115.8,112.68,4.58,515.934M,526.286M
06/03/2026,1630,PD,"PagerDuty, Inc.",9.3,-0.84,-8.28%,9.94,9.95,9.05,3.67,71.074M,77.123M
06/03/2026,1630,PDD,PDD Holdings Inc.,85.4,-2.78,-3.15%,87.24,87.4,84.8,4.63,3.013B,1.423B
06/03/2026,1630,PEB,Pebblebrook Hotel Trust,16.08,0.14,0.88%,15.75,16.1,15.63,5.56,104.394M,113.369M
06/03/2026,1630,PECO,"Phillips Edison & Company, Inc.",38.98,-0.35,-0.89%,39.19,39.48,38.97,3.97,125.197M,125.966M
06/03/2026,1630,PENN,"PENN Entertainment, Inc.",19.65,-0.46,-2.29%,20.1,20.1,19.61,4.01,124.909M,133.744M
06/03/2026,1630,PEP,"PepsiCo, Inc.",142.54,0.54,0.38%,141.99,143.68,141.77,4.15,1.363B,1.367B
06/03/2026,1630,PFE,Pfizer Inc.,25.34,-0.21,-0.82%,25.42,25.62,25.29,4.34,5.692B,5.699B
06/03/2026,1630,PFF,iShares Preferred and Income Securities ETF,31.23,-0.21,-0.67%,31.38,31.4,31.18,--,--,418.45M
06/03/2026,1630,PFG,"Principal Financial Group, Inc.",101.19,-2.12,-2.05%,102.9,103.02,100.85,6.73,214.585M,216.012M
06/03/2026,1630,PFIG,Invesco Fundamental Investment Grade Corporate Bond ETF,23.9,-0.05,-0.19%,23.86,23.91,23.89,--,--,--
06/03/2026,1630,PFIX,Simplify Interest Rate Hedge ETF,46.2,0.17,0.36%,45.99,46.76,45.93,--,--,--
06/03/2026,1630,PG,The Procter & Gamble Company,140.19,-0.63,-0.45%,140.93,142.45,140,3.36,2.324B,2.329B
06/03/2026,1630,PGNY,"Progyny, Inc.",24.99,-0.12,-0.48%,25.02,25.14,24.7,3.38,71.697M,78.332M
06/03/2026,1630,PGRO,Putnam Focused Large Cap Growth ETF,48.71,-0.48,-0.97%,48.92,48.92,48.6,--,--,--
06/03/2026,1630,PINK,Simplify Health Care ETF,37.42,0.46,1.24%,36.58,37.5,36.88,--,--,--
06/03/2026,1630,PINS,"Pinterest, Inc.",20.67,-0.2,-0.96%,20.61,20.79,20.1,3.65,475.882M,481.75M
06/03/2026,1630,PJP,Invesco Pharmaceuticals ETF,107.24,1.27,1.20%,105.68,107.24,106.44,--,--,6.3M
06/03/2026,1630,PK,Park Hotels & Resorts Inc.,13.52,0.17,1.27%,13.15,13.86,13.15,9.04,193.239M,201.362M
06/03/2026,1630,PKB,Invesco Building & Construction ETF,104.7,0.5,0.48%,103.6,105.01,104.2,--,--,3.75M
06/03/2026,1630,PLAY,"Dave & Buster's Entertainment, Inc.",11.9,-0.23,-1.90%,12.02,12.06,11.64,5.19,24.416M,34.739M
06/03/2026,1630,PLD,"Prologis, Inc.",141.82,1.41,1.00%,139.29,142.66,138.99,3.7,927.639M,932.338M
06/03/2026,1630,PLNT,"Planet Fitness, Inc.",51.53,-1.78,-3.34%,52.76,52.6,50.67,1.82,73.946M,79.127M
06/03/2026,1630,PLTR,Palantir Technologies Inc.,142.2,-9.97,-6.55%,149.7,151.68,141.25,1.58,2.104B,2.296B
06/03/2026,1630,PM,Philip Morris International Inc.,175.94,2.28,1.31%,173.95,178.92,173.5,3.49,1.555B,1.559B
06/03/2026,1630,PNC,"The PNC Financial Services Group, Inc.",218.27,-2.73,-1.24%,219.66,220.6,217.51,3.69,398.581M,401.565M
06/03/2026,1630,PNDRY,Pandora A/S,11.13,-0.22,-1.94%,11.11,11.13,11.11,--,64.398M,598.405M
06/03/2026,1630,POET,POET Technologies Inc.,15.38,1.56,11.29%,13.79,15.82,13.22,0.39,131.854M,172.595M
06/03/2026,1630,POOL,Pool Corporation,180.69,1.09,0.61%,180.35,182.13,176.8,3.87,35.151M,36.443M
06/03/2026,1630,PPLT,abrdn Physical Platinum Shares ETF,16.88,-0.65,-3.71%,17.33,17.33,16.83,--,--,--
06/03/2026,1630,PR,Permian Resources Corporation,20.18,0.46,2.33%,19.87,20.54,19.82,1.49,795.943M,837.288M
06/03/2026,1630,PRAA,"PRA Group, Inc.",14.02,-0.42,-2.91%,14.43,14.52,13.97,1.85,33.521M,38.141M
06/03/2026,1630,PRGO,Perrigo Company plc,10.46,0,0.00%,10.35,10.47,10.19,6.26,137.687M,138.368M
06/03/2026,1630,PRMB,Primo Brands Corporation,24.19,-0.47,-1.91%,24.53,24.72,23.85,9.05,242.382M,362.869M
06/03/2026,1630,PRVA,"Privia Health Group, Inc.",20.66,-0.14,-0.67%,20.8,20.97,20.48,3.29,113.181M,126.012M
06/03/2026,1630,PSA,Public Storage,301.97,2.83,0.95%,298.93,305.05,298.38,6.92,157.433M,175.546M
06/03/2026,1630,PSCE,Invesco S&P SmallCap Energy ETF,60.83,0.1,0.16%,60.57,61.59,60.31,--,--,--
06/03/2026,1630,PSCI,Invesco S&P SmallCap Industrials ETF,170.43,0.1,0.06%,170.83,170.83,169.39,--,--,--
06/03/2026,1630,PSCU,Invesco S&P SmallCap Utilities & Communication Services ETF,64.45,-1.31,-1.99%,64.45,64.45,64.45,--,--,--
06/03/2026,1630,PSP,Invesco Global Listed Private Equity ETF,57.86,-2.89,-4.75%,58.36,58.25,57.5,--,--,--
06/03/2026,1630,PSX,Phillips 66,184.68,2.12,1.16%,184,187.52,182.21,3.32,400.017M,400.935M
06/03/2026,1630,PTLO,Portillo's Inc.,3.96,-0.06,-1.49%,4.03,4.075,3.93,4.65,67.332M,72.381M
06/03/2026,1630,PVH,PVH Corp.,98,0.83,0.85%,97.18,100.74,96.29,3.79,45.296M,46.074M
06/03/2026,1630,PYPL,"PayPal Holdings, Inc.",42.61,-1.92,-4.31%,44.34,44.5,42.31,2.87,879.971M,882.105M
06/03/2026,1630,PZZA,"Papa John's International, Inc.",31.86,0.08,0.25%,31.65,32.17,30.7,5.1,32.443M,32.902M
06/03/2026,1630,QAT,iShares MSCI Qatar ETF,18.74,-0.19,-1.00%,18.75,18.75,18.66,--,--,--
06/03/2026,1630,QBTS,D-Wave Quantum Inc.,27.55,-2.36,-7.89%,29.49,29.95,27.38,1.46,358.428M,367.269M
06/03/2026,1630,QCOM,QUALCOMM Incorporated,250.01,9.17,3.81%,235.02,255.09,233.02,1.88,1.052B,1.054B
06/03/2026,1630,QMOM,Alpha Architect U.S. Quantitative Momentum ETF,81.39,-0.3,-0.37%,81.18,81.94,81.09,--,--,--
06/03/2026,1630,QQQ,Invesco QQQ Trust,744.21,-1.95,-0.26%,747.34,748.63,741.02,--,--,393.1M
06/03/2026,1630,QS,QuantumScape Corporation,8.76,-0.44,-4.78%,9.05,9.32,8.73,3.31,484.827M,578.338M
06/03/2026,1630,QSR,Restaurant Brands International Inc.,72.76,1.19,1.66%,71.82,74.2,71.79,4.76,298.257M,346.984M
06/03/2026,1630,QTUM,Defiance Quantum ETF,167.76,-1,-0.59%,169.8,170,165.59,--,--,--
06/03/2026,1630,QUBT,Quantum Computing Inc.,11.2,-1.05,-8.57%,11.94,12.35,11.17,2.37,199.202M,225.535M
06/03/2026,1630,R,"Ryder System, Inc.",260.38,2.32,0.90%,257.35,261.08,256.55,2.63,37.266M,38.691M
06/03/2026,1630,RBLX,Roblox Corporation,43.68,-1.32,-2.93%,44.39,44.81,42.7,1.91,644.574M,671.596M
06/03/2026,1630,RCL,Royal Caribbean Cruises Ltd.,286.42,-2.88,-1.00%,287.36,295,285,4.52,254.42M,268.195M
06/03/2026,1630,RDNT,"RadNet, Inc.",51.87,-2.44,-4.49%,53.7,54.14,51.66,9.25,66.21M,78.634M
06/03/2026,1630,REAL,"The RealReal, Inc.",9.12,-0.67,-6.84%,9.72,9.79,8.84,4.16,109.949M,120.488M
06/03/2026,1630,REG,Regency Centers Corporation,76.31,0.28,0.37%,75.74,76.69,75.64,2.6,164.243M,183.097M
06/03/2026,1630,REGN,"Regeneron Pharmaceuticals, Inc.",618.95,16.03,2.66%,600.72,623.9,599,3.55,97.668M,103.022M
06/03/2026,1630,REXR,"Rexford Industrial Realty, Inc.",34,-0.05,-0.15%,33.88,34.13,33.76,4.66,222.305M,225.718M
06/03/2026,1630,REZ,iShares Residential and Multisector Real Estate ETF,88.31,0.42,0.48%,88.02,88.86,88.27,--,--,--
06/03/2026,1630,RGTI,"Rigetti Computing, Inc.",24.09,-2.78,-10.36%,26.56,28.06,23.78,1.51,327.523M,332.399M
06/03/2026,1630,RH,RH,152.45,-3.68,-2.36%,152.77,153.02,147.79,6.26,13.7M,18.901M
06/03/2026,1630,RHP,"Ryman Hospitality Properties, Inc.",113.86,-1.19,-1.03%,113.9,116.14,112.74,2.44,61.112M,63.109M
06/03/2026,1630,RIOT,"Riot Platforms, Inc.",27.65,0.33,1.21%,27.65,28.64,27.25,3.12,348.652M,378.151M
06/03/2026,1630,RIVN,"Rivian Automotive, Inc.",18.27,0.98,5.67%,17.07,18.43,16.92,5.23,784.446M,1.339B
06/03/2026,1630,ROBO,Robo Global Robotics and Automation Index ETF,89.64,-0.7,-0.77%,90.22,90.51,88.82,--,--,--
06/03/2026,1630,ROK,"Rockwell Automation, Inc.",461.73,-1.68,-0.36%,464.66,468.07,458.06,4.13,110.896M,111.274M
06/03/2026,1630,ROKU,"Roku, Inc.",122.2,-4.92,-3.87%,125.73,126.99,119.49,3.76,130.147M,131.192M
06/03/2026,1630,ROST,"Ross Stores, Inc.",232.62,8.8,3.93%,224.47,233.04,223.51,3.27,311.308M,322.148M
06/03/2026,1630,RRC,Range Resources Corporation,39.82,0.16,0.40%,39.9,40.1,39.6,6.17,232.433M,235.622M
06/03/2026,1630,RRR,"Red Rock Resorts, Inc.",56.91,-0.45,-0.78%,56.8,57.22,56.38,3.3,47.591M,58.466M
06/03/2026,1630,RSI,"Rush Street Interactive, Inc.",25.42,-0.01,-0.04%,25.44,25.48,24.67,3.98,95.243M,102.954M
06/03/2026,1630,RSP,Invesco S&P 500 Equal Weight ETF,209.25,-0.79,-0.38%,209.43,209.8,208.85,--,--,155.553M
06/03/2026,1630,RSPG,Invesco S&P 500 Equal Weight Energy ETF,106.35,1.31,1.25%,105.44,107.39,105.52,--,--,--
06/03/2026,1630,RSPU,Invesco S&P 500 Equal Weight Utilities ETF,77.86,-0.2,-0.25%,78.32,79.19,77.85,--,--,--
06/03/2026,1630,RTO,Rentokil Initial plc,29.15,-0.17,-0.58%,29.15,29.41,29.11,3.21,2.451B,503.248M
06/03/2026,1630,RVLV,"Revolve Group, Inc.",18.97,-0.18,-0.94%,18.89,19,18.48,2.84,41.145M,41.412M
06/03/2026,1630,S,"SentinelOne, Inc.",16.3,-1.05,-6.05%,17.14,17.19,16.28,3.34,307.512M,336.745M
06/03/2026,1630,SBAC,SBA Communications Corporation,196.58,0.37,0.19%,196.84,201.84,196.37,2.47,105.27M,106.063M
06/03/2026,1630,SBUX,Starbucks Corporation,95.89,0.38,0.40%,95.25,98.2,95.21,6.79,1.137B,1.14B
06/03/2026,1630,SCJ,iShares MSCI Japan Small-Cap ETF,104.98,0.37,0.36%,104.52,105.16,104.95,--,--,1.8M
06/03/2026,1630,SE,Sea Limited,89.46,-3.68,-3.95%,92.65,93.5,88.12,3.98,317.259M,566.957M
06/03/2026,1630,SFD,"Smithfield Foods, Inc.",25.7,-0.1,-0.39%,25.8,26.24,25.54,2.16,46.163M,393.477M
06/03/2026,1630,SFM,"Sprouts Farmers Market, Inc.",78.98,0.93,1.19%,78.05,79.79,76.88,4.3,93.32M,94.044M
06/03/2026,1630,SG,"Sweetgreen, Inc.",7.69,-0.79,-9.32%,8.51,8.5,7.59,4.69,103.316M,106.934M
06/03/2026,1630,SHAK,Shake Shack Inc.,55.53,-1.48,-2.60%,56.08,55.96,53.87,2.16,38.464M,40.351M
06/03/2026,1630,SHEL,Shell plc,86.77,-0.05,-0.06%,87.62,88.03,86.79,3.38,5.488B,2.778B
06/03/2026,1630,SHO,"Sunstone Hotel Investors, Inc.",11.19,0.11,0.99%,11.04,11.31,10.96,0,183.294M,186.291M
06/03/2026,1630,SHOC,Strive U.S. Semiconductor ETF,118.92,1.11,0.94%,119.76,120.19,117.27,--,--,--
06/03/2026,1630,SHOO,"Steven Madden, Ltd.",43.8,-0.47,-1.06%,43.86,44.67,43.08,3.84,71.29M,73.085M
06/03/2026,1630,SHOP,Shopify Inc.,112.94,-4.05,-3.46%,114.61,115.26,112.52,1.74,1.216B,1.22B
06/03/2026,1630,SHY,iShares 1-3 Year Treasury Bond ETF,81.97,-0.04,-0.05%,81.97,81.99,81.95,--,--,209.3M
06/03/2026,1630,SHYG,iShares 0-5 Year High Yield Corporate Bond ETF,42.24,-0.1,-0.24%,42.29,42.29,42.22,--,--,64.8M
06/03/2026,1630,SI=F,Silver Jul 26,72.98,-2.576,-3.41%,75.495,75.625,72.835,--,--,--
06/03/2026,1630,SIL,Global X Silver Miners ETF,87.49,-4.57,-4.96%,90.7,90.64,87.49,--,--,--
06/03/2026,1630,SILJ,Amplify Junior Silver Miners ETF,29.5,-1.63,-5.24%,30.56,30.63,29.43,--,--,--
06/03/2026,1630,SITM,SiTime Corporation,712.75,11.67,1.66%,722.08,722.92,675.5,1.95,22.91M,26.397M
06/03/2026,1630,SIVR,abrdn Physical Silver Shares ETF,69.57,-1.87,-2.62%,70.41,70.53,69.45,--,--,--
06/03/2026,1630,SJM,The J. M. Smucker Company,101.27,0.8,0.80%,100.08,102.94,99.92,2.61,104.356M,106.648M
06/03/2026,1630,SKYY,First Trust Cloud Computing ETF,147.74,-5.35,-3.49%,151.77,151.77,146.11,--,--,--
06/03/2026,1630,SLG,SL Green Realty Corp.,44.51,-0.63,-1.40%,45,45.4,44.1,7.44,70.898M,71.124M
06/03/2026,1630,SLV,iShares Silver Trust,66.21,-1.78,-2.62%,67,67.14,66.1,--,--,341.45M
06/03/2026,1630,SLX,VanEck Steel ETF,112.26,-1.31,-1.15%,112.67,112.95,111.91,--,--,--
06/03/2026,1630,SMCI,"Super Micro Computer, Inc.",47.42,-2.75,-5.48%,49.46,50.02,45.66,2.2,502.425M,601.418M
06/03/2026,1630,SMH,VanEck Semiconductor ETF,637.9,5.69,0.90%,640.93,642.77,623.91,--,--,11.671M
06/03/2026,1630,SMIN,iShares MSCI India Small-Cap ETF,65.78,-1.02,-1.53%,66.5,66.51,65.62,--,--,--
06/03/2026,1630,SMPL,The Simply Good Foods Company,11.41,-0.4,-3.39%,11.53,11.69,11.35,2.36,82.184M,90.489M
06/03/2026,1630,SN,"SharkNinja, Inc.",121.26,-1.02,-0.83%,121.56,123.11,118.37,3.27,83.421M,141.52M
06/03/2026,1630,SNAP,Snap Inc.,5.73,-0.03,-0.52%,5.69,5.76,5.58,2.32,1.078B,1.403B
06/03/2026,1630,SNDR,"Schneider National, Inc.",36.54,0.15,0.41%,36.05,36.89,36.26,4.85,67.19M,92.095M
06/03/2026,1630,SNOW,Snowflake Inc.,241.28,-19.86,-7.61%,261.81,263.64,241.28,2.8,337.661M,346.6M
06/03/2026,1630,SOFI,"SoFi Technologies, Inc.",16.68,-1.06,-5.98%,17.39,17.47,16.58,2.54,1.263B,1.283B
06/03/2026,1630,SOLZ,Solana ETF,7.21,-0.35,-4.69%,7.49,7.51,7.18,--,--,--
06/03/2026,1630,SOYB,Teucrium Soybean Fund,24.68,-0.25,-1.00%,24.9,25.02,24.67,--,--,--
06/03/2026,1630,SPDN,Direxion Daily S&P 500 Bear 1X Shares,8.65,0.05,0.58%,8.6,8.66,8.6,--,--,--
06/03/2026,1630,SPG,"Simon Property Group, Inc.",203.55,0.02,0.01%,202.83,205.19,202.3,0,320.583M,324.282M
06/03/2026,1630,SPGI,S&P Global Inc.,412.29,-5.17,-1.24%,414.3,416.3,407.31,2.16,295.287M,296M
06/03/2026,1630,SPHD,Invesco S&P 500 High Dividend Low Volatility ETF,49.07,-0.44,-0.89%,49.33,49.58,49.06,--,--,--
06/03/2026,1630,SPHR,Sphere Entertainment Co.,141.75,-0.2,-0.14%,141.12,143.05,137.43,10.1,24.649M,28.925M
06/03/2026,1630,SPLV,Invesco S&P 500 Low Volatility ETF,71.7,0.06,0.08%,71.64,72.35,71.56,--,--,--
06/03/2026,1630,SPMO,Invesco S&P 500 Momentum ETF,155.09,0.77,0.50%,155.15,155.74,153.4,--,--,--
06/03/2026,1630,SPOT,Spotify Technology S.A.,487.54,-13.96,-2.78%,501.5,503.44,481.09,2.76,157.127M,205.62M
06/03/2026,1630,SPY,State Street SPDR S&P 500 ETF Trust,754.24,-5.33,-0.70%,758.15,758.8,753.57,--,--,917.782M
06/03/2026,1630,STKL,SunOpta Inc,6.5,0.01,0.08%,6.49,6.49,6.49,2.64,78.284M,118.372M
06/03/2026,1630,STLD,"Steel Dynamics, Inc.",275.13,3.72,1.37%,271.73,277.79,267.34,3.13,134.372M,144.213M
06/03/2026,1630,STZ,"Constellation Brands, Inc.",135.4,-1.36,-0.99%,136.57,136.75,135.14,4.24,155.205M,172.173M
06/03/2026,1630,SU,Suncor Energy Inc.,65.54,0.23,0.35%,65.8,66.34,65.38,3.65,1.179B,1.181B
06/03/2026,1630,SVV,"Savers Value Village, Inc.",9.48,0.58,6.52%,8.75,9.59,8.74,6.76,36.053M,153.986M
06/03/2026,1630,SWBI,"Smith & Wesson Brands, Inc.",14.87,-0.44,-2.87%,15.29,15.3,14.77,3.41,43.099M,44.494M
06/03/2026,1630,SWKS,"Skyworks Solutions, Inc.",80.66,1.54,1.95%,78.87,82.41,77.36,5.49,149.68M,150.406M
06/03/2026,1630,SXT,Sensient Technologies Corporation,112.87,-0.49,-0.43%,113.5,115.67,111.67,2.3,41.867M,42.569M
06/03/2026,1630,SYF,Synchrony Financial,68.72,-2.25,-3.17%,70.51,70.87,68.45,5.15,334.852M,336.37M
06/03/2026,1630,SYY,Sysco Corporation,75.24,1.14,1.54%,73.71,75.33,73.65,3.09,476.715M,478.183M
06/03/2026,1630,T,AT&T Inc.,23.55,-1.09,-4.42%,24.18,24.18,23.45,3.07,6.934B,6.948B
06/03/2026,1630,TAN,Invesco Solar ETF,70.29,-1.98,-2.74%,71.25,71.81,69.74,--,--,--
06/03/2026,1630,TAP,Molson Coors Beverage Company,38.62,-0.29,-0.75%,38.83,38.95,38.35,6.3,168.314M,175.215M
06/03/2026,1630,TBIL,F/m US Treasury 3 Month Bill Fund - ETF Class Shares,49.87,0,0.00%,49.88,49.88,49.87,--,--,--
06/03/2026,1630,TCEHY,Tencent Holdings Limited,58.13,-2.14,-3.55%,59.25,59.4,58.13,--,6.235B,9.026B
06/03/2026,1630,TCNNF,Trulieve Cannabis Corp.,8.61,-0.78,-8.31%,9.32,9.32,8.6,--,165.842M,169.901M
06/03/2026,1630,TEAM,Atlassian Corporation,101.53,-7.57,-6.94%,106.13,106.13,99.64,2.07,157.524M,159.634M
06/03/2026,1630,TEVA,Teva Pharmaceutical Industries Limited,32.83,-0.25,-0.76%,32.83,32.98,32.38,3.77,1.083B,1.164B
06/03/2026,1630,TFLO,iShares Treasury Floating Rate Bond ETF,50.5,0.01,0.02%,50.5,50.5,50.49,--,--,--
06/03/2026,1630,TGS,Transportadora de Gas del Sur S.A.,30.32,-1.1,-3.50%,31.5,31.48,30.3,0.74,156.725M,69.514M
06/03/2026,1630,TGT,Target Corporation,124.8,1.62,1.32%,123.13,125.22,122.65,3.02,452.792M,454.191M
06/03/2026,1630,THC,Tenet Healthcare Corporation,164.84,1.24,0.76%,160,166.37,159.11,1.54,85.132M,86.137M
06/03/2026,1630,THD,iShares MSCI Thailand ETF,74.09,-0.56,-0.75%,74.39,74.23,73.79,--,--,5.1M
06/03/2026,1630,THS,--,--,--,--,--,--,--,--,--,--
06/03/2026,1630,TIGR,UP Fintech Holding Limited,4.67,-0.3,-6.04%,4.865,4.97,4.595,3.19,2.073B,172.193M
06/03/2026,1630,TIP,iShares TIPS Bond ETF,109.77,-0.2,-0.18%,109.81,109.9,109.68,--,--,177.7M
06/03/2026,1630,TJX,"The TJX Companies, Inc.",157.9,4.21,2.74%,153.06,158.06,153,2.95,1.102B,1.105B
06/03/2026,1630,TKO,"TKO Group Holdings, Inc.",198.57,-6.02,-2.94%,202.65,202.98,197.86,6.86,61.601M,74.968M
06/03/2026,1630,TKR,The Timken Company,131.82,-0.08,-0.06%,131.59,133.13,130.29,2.34,66.855M,69.495M
06/03/2026,1630,TLT,iShares 20+ Year Treasury Bond ETF,85.31,-0.34,-0.40%,85.29,85.43,85.1,--,--,109.7M
06/03/2026,1630,TME,Tencent Music Entertainment Group,9.14,-0.37,-3.89%,9.29,9.32,9.06,2.12,1.12B,804.799M
06/03/2026,1630,TMO,Thermo Fisher Scientific Inc.,473.95,-8.13,-1.69%,469.31,475.77,469.29,2,370.67M,371.621M
06/03/2026,1630,TMUS,"T-Mobile US, Inc.",181.45,-7.38,-3.91%,187.03,187.5,180.44,3.02,495.834M,1.082B
06/03/2026,1630,TNET,"TriNet Group, Inc.",45.4,-2.7,-5.61%,47.58,47.15,45.25,3.91,26.855M,45.945M
06/03/2026,1630,TOKE,Cambria Cannabis ETF,5.24,0.05,0.96%,5.2,5.26,5.19,--,--,--
06/03/2026,1630,TOST,"Toast, Inc.",25.07,-1.28,-4.86%,26.02,26.02,24.88,3.07,485.373M,516M
06/03/2026,1630,TPB,"Turning Point Brands, Inc.",86.24,3.79,4.60%,81.27,86.24,80.54,3.3,16.979M,19.368M
06/03/2026,1630,TPL,Texas Pacific Land Corporation,406.76,35.94,9.69%,373,411.02,372.44,11.33,58.554M,68.974M
06/03/2026,1630,TPR,"Tapestry, Inc.",139.61,0.96,0.69%,137.15,139.65,135.48,6.54,201.089M,202.045M
06/03/2026,1630,TPYP,Tortoise North American Pipeline Fund,42.04,-0.01,-0.04%,42.08,42.64,42.03,--,--,0
06/03/2026,1630,TRIP,"Tripadvisor, Inc.",11.94,0,0.00%,11.86,12.03,11.58,10.51,114.888M,116.361M
06/03/2026,1630,TRP,TC Energy Corporation,67.8,-0.22,-0.32%,68.14,68.91,67.68,6.27,999.01M,1.042B
06/03/2026,1630,TRU,TransUnion,69.39,-4.36,-5.91%,71.89,72.78,68.42,4.2,191.485M,192.8M
06/03/2026,1630,TSLA,"Tesla, Inc.",423.7,-0.04,-0.01%,418.7,433.6,416,1.18,2.816B,3.756B
06/03/2026,1630,TSM,Taiwan Semiconductor Manufacturing Company Limited,436.69,-10,-2.24%,449.99,450.16,434.52,1.91,23.636B,5.186B
06/03/2026,1630,TSN,"Tyson Foods, Inc.",57.09,-2.5,-4.20%,59.45,60.19,56.15,4.07,274.964M,282.12M
06/03/2026,1630,TT,Trane Technologies plc,465.84,6.92,1.51%,461.01,471.79,460.75,3.22,220.501M,221.055M
06/03/2026,1630,TTD,"The Trade Desk, Inc.",20.56,-0.54,-2.56%,20.97,21.03,20.05,4.01,418.298M,427M
06/03/2026,1630,TTE,TotalEnergies SE,89.58,0.18,0.20%,89.79,90.39,89.42,2.91,1.805B,2.221B
06/03/2026,1630,TTWO,"Take-Two Interactive Software, Inc.",215.8,-6.58,-2.96%,219.88,220.79,214.29,4.03,184.876M,185.667M
06/03/2026,1630,TUA,Simplify Short Term Treasury Futures Strategy ETF,20.53,-0.08,-0.39%,20.52,20.56,20.5,--,--,--
06/03/2026,1630,TUR,iShares MSCI Turkey ETF,39.17,-0.94,-2.34%,39.56,39.8,39.06,--,--,15.65M
06/03/2026,1630,TWLO,Twilio Inc.,227.26,-2.04,-0.89%,223.71,227.75,215.38,2.05,145.208M,151.774M
06/03/2026,1630,TXG,"10x Genomics, Inc.",32.16,1.45,4.72%,31.17,32.31,29.91,8.08,115.087M,116.877M
06/03/2026,1630,TXRH,"Texas Roadhouse, Inc.",166.19,-4.75,-2.78%,170.94,172.63,163.33,2.88,61.742M,65.73M
06/03/2026,1630,TXT,Textron Inc.,91.38,0.01,0.01%,90.78,92.82,90.76,3.71,172.618M,173.889M
06/03/2026,1630,U,Unity Software Inc.,29.22,-1.55,-5.04%,30.25,30.51,28.96,3.22,358.12M,436.535M
06/03/2026,1630,UA,"Under Armour, Inc.",5.3,0.02,0.38%,5.22,5.33,5.18,8.2,302.286M,203.035M
06/03/2026,1630,UAA,"Under Armour, Inc.",5.45,0.02,0.37%,5.38,5.48,5.36,5.52,302.286M,188.84M
06/03/2026,1630,UAE,iShares MSCI UAE ETF,18.58,-0.26,-1.38%,18.71,18.71,18.51,--,--,--
06/03/2026,1630,UAL,"United Airlines Holdings, Inc.",105.14,-3.68,-3.38%,107.32,108.15,105.07,2.08,321.788M,324.57M
06/03/2026,1630,UBER,"Uber Technologies, Inc.",71.69,0.07,0.10%,71.15,71.88,70.36,3.53,2.024B,2.036B
06/03/2026,1630,UFO,Procure Space ETF,57.74,-3.48,-5.68%,60.29,60.43,57.64,--,--,--
06/03/2026,1630,UGA,"United States Gasoline Fund, LP",108.33,-0.21,-0.19%,109.19,109.48,108.15,--,--,--
06/03/2026,1630,UHAL,U-Haul Holding Company,55.06,-1.19,-2.12%,55.54,56.01,54.84,10.23,107.753M,19.608M
06/03/2026,1630,UHS,"Universal Health Services, Inc.",145.98,3.43,2.41%,142,146.95,140.93,3.24,50.329M,53.288M
06/03/2026,1630,UL,Unilever PLC,55.31,-0.22,-0.40%,55.62,55.79,55.24,0.83,2.161B,2.165B
06/03/2026,1630,ULS,UL Solutions Inc.,98.03,0.26,0.27%,96.98,100.31,96.98,3.66,76.755M,77.808M
06/03/2026,1630,ULTA,"Ulta Beauty, Inc.",471.21,-23.66,-4.78%,478.7,478.73,460.65,3.41,43.64M,43.56M
06/03/2026,1630,UNG,"United States Natural Gas Fund, LP",11.71,0.24,2.09%,11.44,11.76,11.44,--,--,12.085M
06/03/2026,1630,UNH,UnitedHealth Group Incorporated,377,-0.92,-0.24%,380,387.46,376.82,2.11,905.438M,908.144M
06/03/2026,1630,UNP,Union Pacific Corporation,262.13,-2.55,-0.96%,263.96,267.22,262.13,9.41,592.413M,593.713M
06/03/2026,1630,UPBD,"Upbound Group, Inc.",17.89,-0.72,-3.87%,18.5,18.54,17.85,6.15,52.656M,58.294M
06/03/2026,1630,UPS,"United Parcel Service, Inc.",108.67,-0.26,-0.24%,108.84,110.95,108.37,3.83,745.787M,746.582M
06/03/2026,1630,UPST,"Upstart Holdings, Inc.",30.29,-2.1,-6.48%,31.86,31.86,29.58,5.31,82.204M,95.712M
06/03/2026,1630,URA,Global X Uranium ETF,50.39,-3.03,-5.67%,52.68,52.68,49.88,--,--,--
06/03/2026,1630,URBN,"Urban Outfitters, Inc.",72.57,0.31,0.43%,72.26,72.62,71.29,6.29,60.547M,85.601M
06/03/2026,1630,URI,"United Rentals, Inc.","1,056.58",61.76,6.21%,"1,004.41","1,067.88",999.67,2.32,62.294M,62.647M
06/03/2026,1630,URNJ,Sprott Junior Uranium Miners ETF,28.26,-1.67,-5.58%,29.93,29.93,27.86,--,--,--
06/03/2026,1630,URNM,Sprott Uranium Miners ETF,61.46,-3.88,-5.94%,64.98,64.98,61.12,--,--,--
06/03/2026,1630,USCI,"United States Commodity Index Fund, LP",99.51,0.11,0.11%,99.78,100,99.4,--,--,--
06/03/2026,1630,USFD,US Foods Holding Corp.,83.16,2.44,3.02%,80.36,83.96,80.42,3.23,218.665M,220.222M
06/03/2026,1630,USPH,"U.S. Physical Therapy, Inc.",61.87,-0.63,-1.01%,63,63.47,61.32,3.97,14.849M,15.219M
06/03/2026,1630,UTI,"Universal Technical Institute, Inc.",44.53,2.87,6.89%,41.75,44.87,41.59,5.02,49.667M,55.061M
06/03/2026,1630,UTZ,"Utz Brands, Inc.",7.11,0.04,0.57%,7.11,7.18,7.03,4.46,77.599M,88.537M
06/03/2026,1630,UUP,Invesco DB US Dollar Index Bullish Fund,27.86,0.1,0.36%,27.86,27.88,27.83,--,--,--
06/03/2026,1630,V,Visa Inc.,312.4,-4.92,-1.55%,317.65,317.65,309,3.54,1.688B,1.66B
06/03/2026,1630,VET,Vermilion Energy Inc.,11.94,0.21,1.79%,11.93,12.22,11.83,8.58,151.763M,153.2M
06/03/2026,1630,VFC,V.F. Corporation,16.41,-0.3,-1.80%,16.51,16.81,16.33,4.62,391.56M,391.77M
06/03/2026,1630,VG,"Venture Global, Inc.",12.52,0.15,1.21%,12.55,13,12.46,1.53,506.685M,515.754M
06/03/2026,1630,VGK,Vanguard FTSE Europe ETF,87.9,-1.06,-1.19%,88.43,88.57,87.89,--,--,282.093M
06/03/2026,1630,VHT,Vanguard Health Care Index Fund ETF Shares,275.27,2.29,0.84%,272.44,276.03,272.3,--,--,54.302M
06/03/2026,1630,VIK,Viking Holdings Ltd,88.64,-0.89,-0.99%,89.86,90.32,87.79,2.45,201.797M,318.386M
06/03/2026,1630,VIR,"Vir Biotechnology, Inc.",8.77,0.03,0.34%,8.87,9.03,8.68,10.24,128.815M,168.652M
06/03/2026,1630,VKTX,"Viking Therapeutics, Inc.",29.33,0.04,0.14%,29.13,29.8,29.06,9.84,113.281M,116.106M
06/03/2026,1630,VLO,Valero Energy Corporation,261.45,3.19,1.24%,260.8,265.61,256.82,2.81,295.374M,296.933M
06/03/2026,1630,VLTO,Veralto Corporation,84.67,2.24,2.72%,82.43,84.69,82.35,3.02,245.074M,245.599M
06/03/2026,1630,VMC,Vulcan Materials Company,285.3,3.46,1.23%,280.77,286.02,280.5,4.33,129.37M,129.755M
06/03/2026,1630,VNM,VanEck Vietnam ETF,18.02,-0.11,-0.61%,18.19,18.18,18.02,--,--,--
06/03/2026,1630,VNO,Vornado Realty Trust,34,-0.22,-0.64%,33.71,34.29,33.5,0.02,158.213M,188.098M
06/03/2026,1630,VRNS,"Varonis Systems, Inc.",33.51,-2.37,-6.61%,35.25,35.26,33.29,3.54,111.343M,114.814M
06/03/2026,1630,VRT,Vertiv Holdings Co,331.44,-3.05,-0.91%,340.86,343.61,326.85,2.38,377.756M,384.109M
06/03/2026,1630,VRTX,Vertex Pharmaceuticals Incorporated,428.34,3.25,0.76%,420.01,429.01,420.01,3.97,253.016M,253.805M
06/03/2026,1630,VSCO,Victoria's Secret & Co.,54.3,-0.7,-1.27%,52.26,55.84,51.06,7.16,69.086M,79.426M
06/03/2026,1630,VSXY,--,78.96,-1.1,-1.37%,75.55,79.08,72,--,--,79.426M
06/03/2026,1630,VTR,"Ventas, Inc.",79.04,-1.09,-1.36%,80.49,81.39,78.63,4.36,483.676M,486.17M
06/03/2026,1630,VVV,Valvoline Inc.,34.65,0.71,2.09%,33.97,34.92,33.69,6.15,127.023M,127.536M
06/03/2026,1630,VXX,iPath Series B S&P 500 VIX Short-Term Futures ETN,24.31,-0.06,-0.25%,24.5,24.68,24.25,--,--,--
06/03/2026,1630,VZ,Verizon Communications Inc.,46.65,-1.22,-2.55%,47.45,47.5,46.14,3.84,4.17B,4.176B
06/03/2026,1630,W,Wayfair Inc.,69.38,-2.94,-4.07%,71.15,71.29,68.15,3.86,108.991M,111.019M
06/03/2026,1630,WBD,"Warner Bros. Discovery, Inc.",27,-0.18,-0.66%,27.12,27.22,27,3.63,2.381B,2.507B
06/03/2026,1630,WCLD,WisdomTree Cloud Computing Fund,33.08,-1.69,-4.86%,34.29,34.29,32.85,--,--,--
06/03/2026,1630,WDAY,"Workday, Inc.",146.9,-1.98,-1.33%,147.56,147.56,143.04,5.75,199.378M,201M
06/03/2026,1630,WEAT,Teucrium Wheat Fund,22.67,-0.48,-2.07%,23.24,23.33,22.63,--,--,--
06/03/2026,1630,WELL,Welltower Inc.,199.59,4.24,2.17%,195.32,200.9,195.32,6.35,704.947M,705.914M
06/03/2026,1630,WEN,The Wendy's Company,6.85,-0.36,-4.99%,7.15,7.33,6.85,4.24,156.901M,190.481M
06/03/2026,1630,WEST,Westrock Coffee Company,7.9,-0.07,-0.88%,8,8.17,7.88,6.07,27.756M,97.558M
06/03/2026,1630,WFC,Wells Fargo & Company,78.68,-0.76,-0.96%,78.88,79.12,77.4,0,3.052B,3.06B
06/03/2026,1630,WGMI,CoinShares Bitcoin Mining ETF,70.71,-0.8,-1.11%,72.57,74.29,69.95,--,--,--
06/03/2026,1630,WGS,GeneDx Holdings Corp.,53.02,-0.11,-0.21%,52.74,54,51,2.86,18.812M,29.688M
06/03/2026,1630,WH,"Wyndham Hotels & Resorts, Inc.",80.11,-1.37,-1.68%,81.21,81.86,79.93,5.44,73.677M,74.86M
06/03/2026,1630,WING,Wingstop Inc.,144.05,-6.95,-4.60%,146.75,146.87,136.36,3.34,25.515M,27.233M
06/03/2026,1630,WMS,"Advanced Drainage Systems, Inc.",132.51,-3.15,-2.32%,135.01,135.78,131.88,3.34,71.069M,76.596M
06/03/2026,1630,WMT,Walmart Inc.,116.89,3.83,3.39%,113.1,117.29,112.97,4.89,4.365B,7.958B
06/03/2026,1630,WOOD,iShares Global Timber & Forestry ETF,67,-0.53,-0.78%,66.96,67.21,66.73,--,--,--
06/03/2026,1630,WRBY,Warby Parker Inc.,24.22,-0.87,-3.47%,24.65,24.75,23.68,4.29,93.484M,107.094M
06/03/2026,1630,WW,"WW International, Inc.",16.13,0.15,0.94%,16.09,17.1,14.92,4.8,6.238M,9.999M
06/03/2026,1630,WWW,"Wolverine World Wide, Inc.",16,-0.96,-5.66%,16.67,16.63,15.69,4.95,76.208M,81.99M
06/03/2026,1630,WY,Weyerhaeuser Company,24.47,0.08,0.33%,24.29,24.8,24.19,4.58,717.539M,721.043M
06/03/2026,1630,WYFI,"WhiteFiber, Inc.",28.03,-2.13,-7.06%,30,30.55,27.62,2.32,11.192M,38.614M
06/03/2026,1630,WYNN,"Wynn Resorts, Limited",104.95,0.33,0.32%,104.44,106.32,102.47,6.3,73.535M,103.787M
06/03/2026,1630,XBI,State Street SPDR S&P Biotech ETF,129.83,2.07,1.62%,127.57,129.98,127.12,--,--,--
06/03/2026,1630,XHR,"Xenia Hotels & Resorts, Inc.",17.76,0,0.00%,17.59,17.9,17.56,6.45,91.531M,92.246M
06/03/2026,1630,XIACY,Xiaomi Corporation,17.99,-0.72,-3.85%,18.1,18.12,17.99,--,17.211B,4.268B
06/03/2026,1630,XLB,State Street Materials Select Sector SPDR ETF,51.63,0.11,0.21%,51.35,52.02,51.25,--,--,71.924M
06/03/2026,1630,XLC,State Street Communication Services Select Sector SPDR ETF,112.08,-1.49,-1.31%,113.24,113.43,111.76,--,--,--
06/03/2026,1630,XLE,State Street Energy Select Sector SPDR ETF,58.71,0.75,1.29%,58.24,59.38,58.01,--,--,186.424M
06/03/2026,1630,XLF,State Street Financial Select Sector SPDR ETF,50.87,-0.59,-1.15%,51.14,51.15,50.52,--,--,883.445M
06/03/2026,1630,XLG,Invesco S&P 500 Top 50 ETF,63.66,-0.74,-1.15%,64.29,64.35,63.58,--,--,--
06/03/2026,1630,XLI,State Street Industrial Select Sector SPDR ETF,174.05,-0.14,-0.08%,173.73,176.09,173.55,--,--,136.626M
06/03/2026,1630,XLK,State Street Technology Select Sector SPDR ETF,196.23,-1.98,-1.00%,198.37,198.73,194.53,--,--,272.056M
06/03/2026,1630,XLP,State Street Consumer Staples Select Sector SPDR ETF,82.16,0.33,0.40%,81.79,82.72,81.65,--,--,210.172M
06/03/2026,1630,XLRE,State Street Real Estate Select Sector SPDR ETF,43.51,0.02,0.05%,43.38,43.97,43.32,--,--,--
06/03/2026,1630,XLU,State Street Utilities Select Sector SPDR ETF,43.71,-0.19,-0.43%,43.96,44.48,43.67,--,--,163.274M
06/03/2026,1630,XLV,State Street Health Care Select Sector SPDR ETF,147.55,1.15,0.79%,146.16,148.05,146.1,--,--,197.415M
06/03/2026,1630,XLY,State Street Consumer Discretionary Select Sector SPDR ETF,116.73,-0.86,-0.73%,116.63,117.62,116.12,--,--,120.253M
06/03/2026,1630,XOM,Exxon Mobil Corporation,152.53,2.97,1.99%,150.6,154.91,150.11,2.4,4.136B,4.145B
06/03/2026,1630,XOP,State Street SPDR S&P Oil & Gas Exploration & Production ETF,171.13,2.28,1.35%,169.96,173.01,168.74,--,--,70.5M
06/03/2026,1630,XPEV,XPeng Inc.,17.46,-0.43,-2.40%,17.17,17.64,17.2,7.19,1.417B,781.397M
06/03/2026,1630,XRT,State Street SPDR S&P Retail ETF,83.37,-0.33,-0.39%,83.4,83.43,82.69,--,--,12.1M
06/03/2026,1630,XTL,State Street SPDR S&P Telecom ETF,238.31,-9.31,-3.76%,245.96,245.75,238.23,--,--,--
06/03/2026,1630,XYL,Xylem Inc.,109.69,-0.6,-0.54%,110.22,111.03,108.72,3.28,237.056M,237.693M
06/03/2026,1630,XYZ,"Block, Inc.",69.8,-4.35,-5.87%,73.39,73.52,69.42,3.84,529.229M,535.195M
06/03/2026,1630,YCS,ProShares UltraShort Yen,54.55,0.09,0.17%,54.52,54.6,54.49,--,--,--
06/03/2026,1630,YELP,Yelp Inc.,22.02,-1.05,-4.55%,22.83,22.83,21.64,6.88,53.218M,54.991M
06/03/2026,1630,YPF,YPF Sociedad Anónima,54.9,-0.41,-0.74%,55.95,56.09,54.35,3.6,160.641M,392.359M
06/03/2026,1630,YUM,"Yum! Brands, Inc.",148.44,1.86,1.27%,148.9,151.01,148.23,3.8,274.86M,275.621M
06/03/2026,1630,YUMC,"Yum China Holdings, Inc.",42.94,-0.45,-1.04%,42.9,43.54,42.6,3.22,329.892M,351.035M
06/03/2026,1630,ZG,"Zillow Group, Inc.",35.59,-0.99,-2.71%,36.2,36.28,34.68,3.23,210.042M,42.36M
06/03/2026,1630,ZM,"Zoom Communications, Inc.",106.2,-5.68,-5.08%,110.38,110.69,105.6,1.37,260.255M,264.646M
06/03/2026,1630,ZS,"Zscaler, Inc.",134.37,-9.78,-6.78%,141.9,142.47,133.53,4.01,105.132M,161.71M
06/03/2026,1630,^BSESN,S&P BSE SENSEX,"74,346.17",-303.67,-0.41%,"74,507.73","74,515.65","73,492.60",--,--,--
06/03/2026,1630,^DJI,Dow Jones Industrial Average,"50,687.07",-620.72,-1.21%,"51,220.92","51,220.92","50,687.07",--,--,--
06/03/2026,1630,^GDAXI,DAX P,"24,795.94",-328.23,-1.31%,"24,912.31","24,973.15","24,761.96",--,--,--
06/03/2026,1630,^GVZ,CBOE Gold Volatility Index,24.49,0.05,0.20%,24.92,25.49,24.41,--,--,--
06/03/2026,1630,^IXIC,NASDAQ Composite,"26,853.98",-239.92,-0.89%,"27,092.84","27,130.88","26,769.16",--,--,--
06/03/2026,1630,^MOVE,ICE BofAML MOVE Index,73.58,0.14,0.20%,73.43,73.58,73.43,--,--,--
06/03/2026,1630,^N225,Nikkei 225,"68,402.13","1,667.89",2.50%,"67,238.53","68,786.49","67,238.53",--,--,--
06/03/2026,1630,^NYICDX,ICE U.S. Dollar Index,99.53,0.27,0.27%,99.29,99.55,99.19,--,--,--
06/03/2026,1630,^NYXBT,The NYSE Bitcoin Index,"30,140.50",-0.03,0.00%,0,0,0,--,--,--
06/03/2026,1630,^OVX,CBOE Crude Oil Volatility Index,60.52,0.99,1.66%,60.81,61.58,59.27,--,--,--
06/03/2026,1630,^RUT,Russell 2000 Index,"2,893.51",-38.45,-1.31%,"2,921.24","2,921.24","2,885.52",--,--,--
06/03/2026,1630,^SPX,S&P 500 INDEX,"7,553.68",-56.1,-0.74%,"7,605.31","7,605.35","7,551.22",--,--,--
06/03/2026,1630,^TNX,CBOE Interest Rate 10 Year T No,4.491,0.036,0.81%,4.485,4.503,4.475,--,--,--
06/03/2026,1630,^TYX,Treasury Yield 30 Years,4.99,0.023,0.46%,4.99,5.005,4.982,--,--,--
06/03/2026,1630,^VIX,CBOE Volatility Index,16.06,0.29,1.84%,15.97,16.63,15.94,--,--,--
06/03/2026,1630,^VOLQ,Nasdaq-100 Volatility Index VOL,20.21,0,0.00%,19.45,20.51,18.78,--,--,--
06/03/2026,1630,^VVIX,CBOE VIX VOLATILITY INDEX,89.8,-0.73,-0.81%,91.36,91.6,88.97,--,--,--
06/03/2026,1630,^VXD,DJIA VOLATILITY,15.54,0.56,3.74%,15.29,15.79,15.28,--,--,--
06/03/2026,1630,^VXN,CBOE NASDAQ 100 Voltility,23.84,0.57,2.45%,23.79,24.44,23.57,--,--,--
