col_idx,col_letter,excel_header,proposed_pg_name,proposed_pg_type,complexity,source_tables,sample_value,excel_formula
1,A,Key,key,TEXT,arithmetic,,46141.6875ZM,=M2&B2
2,B,Symbol,symbol,TEXT,static_input,,ZM,ZM
3,C,Y Symbol,y_symbol,TEXT,static_input,,ZM,ZM
4,D,Close,close,NUMERIC,conditional,,95.76,"=IF(S2=""Y"",F2,CN2)"
5,E,Company Name,company_name,TEXT,cross_sheet_lookup,hist_y,"Zoom Communications, Inc.","=_xlfn.XLOOKUP($R2&$C2,Y!$D2:$D57061,Y!$J2:$J57061,"""")"
6,F,Last,last,NUMERIC,passthrough,,95.76,=DM2
7,G,Last Net Chng,last_net_chng,NUMERIC,passthrough,,4.62,=DN2
8,H,Last %Change,last_change,NUMERIC,passthrough,,0.0507,=DO2
9,I,High,high,NUMERIC,passthrough,,96.51,=DQ2
10,J,Low,low,NUMERIC,passthrough,,91.02,=DR2
11,K,RR LRR,rr_lrr,NUMERIC,passthrough,,0,=EC2
12,L,RR TRR,rr_trr,NUMERIC,passthrough,,0,=ED2
13,M,TOS Daily Export Date,tos_daily_export_date,DATE,cross_sheet_simple,(scalar from drv_dash),2026-04-29 16:30:00,"=IF(B2="""","""",Dash!$AB$19)"
14,N,TOS Weekly Export Date,tos_weekly_export_date,DATE,cross_sheet_simple,(scalar from drv_dash),2026-04-29 16:30:00,"=IF(B2="""","""",Dash!$AB$18)"
15,O,TOS Latest Export Date,tos_latest_export_date,DATE,cross_sheet_simple,(scalar from drv_dash),2026-04-29 16:30:00,"=IF(B2="""","""",Dash!$AB$21)"
16,P,TOS Other Export Date,tos_other_export_date,DATE,cross_sheet_simple,(scalar from drv_dash),2026-04-27 16:30:00,"=IF(C2="""","""",Dash!$AB$20)"
17,Q,Y Mkt Close Export,y_mkt_close_export,DATE,cross_sheet_simple,(scalar from drv_dash),2026-04-29 16:30:00,"=IF(B2="""","""",Dash!$AB$22)"
18,R,Y Latest Exp Date,y_latest_exp_date,DATE,cross_sheet_simple,(scalar from drv_dash),2026-04-29 16:30:00,"=IF(B2="""","""",Dash!$AB$23)"
19,S,Use Latest,use_latest,TEXT,cross_sheet_simple,(scalar from drv_dash),Y,"=IF(B2="""","""",Dash!$AB$6)"
20,T,II Date,ii_date,TEXT,cross_sheet_simple,drv_ii,00:00:00,"=_xlfn.MAXIFS(II!C393:C10392,II!C393:C10392,""<="" & M2)"
21,U,ETF Date,etf_date,DATE,cross_sheet_simple,drv_etf,2025-12-28 00:00:00,"=_xlfn.MAXIFS(etf!C2:C9205,etf!C2:C9205,""<="" & M2)"
22,V,SSH Date,ssh_date,DATE,cross_sheet_simple,drv_ssh,2026-04-28 00:00:00,"=_xlfn.MAXIFS(ssH!B2:B5535,ssH!B2:B5535,""<="" &M2)"
23,W,FH Date,fh_date,DATE,cross_sheet_simple,"hist_f,(scalar from drv_dash)",2026-04-14 00:00:00,"=_xlfn.MAXIFS(F!D2:D5542,F!D2:D5542,""<="" & Dash!$AB$15)"
24,X,CS Date,cs_date,DATE,cross_sheet_simple,"hist_cs,(scalar from drv_dash)",2026-04-29 00:00:00,"=_xlfn.MAXIFS(CS!D2:D3247,CS!D2:D3247,""<="" & Dash!$AB$15)"
25,Y,RR Date,rr_date,DATE,cross_sheet_simple,hist_rr,2026-04-29 00:00:00,"=_xlfn.MAXIFS(RR!D2:D2586,RR!D2:D2586,""<="" &M2)"
26,Z,Sort Symbol,sort_symbol,NUMERIC,static_input,,854,854
27,AA,StandardDeviation,standarddeviation,NUMERIC,cross_sheet_lookup,drv_tw,4.32,"=_xlfn.XLOOKUP(N2&B2,TW!$D:$D,TW!$AF:$AF,"""")"
28,AB,Median SD,median_sd,NUMERIC,array_formula,,4.32,<openpyxl.worksheet.formula.ArrayFormula object at 0x73cc0db96800>
29,AC,SDorMedian,sdormedian,NUMERIC,aggregate,,4.32,"=MIN(AA2,AB2)"
30,AD,SD%,sd,NUMERIC,arithmetic,,0.045112781954887216,=(AC2/D2)
31,AE,A_TrendValue,a_trendvalue,NUMERIC,cross_sheet_lookup,drv_td,87.19,"=_xlfn.XLOOKUP($M2&$B2,TD!$D:$D,TD!$AY:$AY,"""")"
32,AF,A_TradeValue,a_tradevalue,NUMERIC,cross_sheet_lookup,drv_td,77.02,"=_xlfn.XLOOKUP($M2&$B2,TD!$D:$D,TD!$AZ:$AZ,"""")"
33,AG,Trend_sd,trend_sd,NUMERIC,conditional,,1.9837962962962978,"=IF(D2=AE2,0.1,(D2-AE2)/AC2)"
34,AH,Trade_sd,trade_sd,NUMERIC,arithmetic,,4.337962962962965,=(D2-AF2)/AC2
35,AI,Trade_Trend_Sd,trade_trend_sd,NUMERIC,arithmetic,,-2.354166666666667,=(AF2-AE2)/AC2
36,AJ,A_BBHighLow,a_bbhighlow,NUMERIC,cross_sheet_lookup,drv_td,9651.01,"=_xlfn.XLOOKUP(M2&B2,TD!$D:$D,TD!$BD:$BD,"""")"
37,AK,BBHighLow_A,bbhighlow_a,NUMERIC,arithmetic,,9651,=TRUNC(AJ2)
38,AL,BBHighLow,bbhighlow,NUMERIC,arithmetic,,96.51,=AK2/100
39,AM,BBHighLowDays,bbhighlowdays,NUMERIC,arithmetic,,1,"=ABS(ROUND(100*(AJ2-AK2),0))"
40,AN,BB_Direction1,bb_direction1,NUMERIC,array_formula,,-1,<openpyxl.worksheet.formula.ArrayFormula object at 0x73cc0db96e60>
41,AO,BBHighLow_SD,bbhighlow_sd,NUMERIC,arithmetic,,-0.1736111111111111,=(D2-ABS(AL2))/ AC2
42,AP,A_BBHighLowDays,a_bbhighlowdays,NUMERIC,cross_sheet_lookup,drv_td,6.14,"=_xlfn.XLOOKUP($M2&$B2,TD!$D:$D,TD!$BE:$BE,"""")"
43,AQ,BBHighDays,bbhighdays,NUMERIC,arithmetic,,6,=TRUNC(AP2)
44,AR,BBLowDays,bblowdays,NUMERIC,arithmetic,,13.999999999999968,=ABS(100*(AP2-AQ2))
45,AS,A_BB_Streak,a_bb_streak,NUMERIC,cross_sheet_lookup,drv_td,8213.01,"=_xlfn.XLOOKUP($M2&$B2,TD!$D:$D,TD!$BC:$BC,"""")"
46,AT,BB_Streak_1,bb_streak_1,NUMERIC,arithmetic,,8213,=TRUNC(AS2)
47,AU,BB_Streak_2,bb_streak_2,NUMERIC,arithmetic,,213,=AT2-AY2*1000
48,AV,BB_Streak_cur,bb_streak_cur,NUMERIC,arithmetic,,2,=ABS(TRUNC(AU2/100))
49,AW,BB_Threshold_Crossover,bb_threshold_crossover,NUMERIC,conditional,,1,"=IF(AV2=1,-1,1)"
50,AX,BBThresh_CO_Days,bbthresh_co_days,NUMERIC,arithmetic,,13,"=_xlfn.NUMBERVALUE(RIGHT(AU2,2))"
51,AY,BB_Streak,bb_streak,NUMERIC,arithmetic,,8,=TRUNC(AT2/1000)
52,AZ,BB_Streak_Days,bb_streak_days,NUMERIC,arithmetic,,1,"=ROUND((ABS(AS2)-ABS(AT2))*100,0)"
53,BA,A_3mnLow,a_3mnlow,NUMERIC,cross_sheet_lookup,drv_tw,71.4,"=_xlfn.XLOOKUP($N2&$B2,TW!$D:$D,TW!$AY:$AY,"""")"
54,BB,3mnLow_sd,c_3mnlow_sd,NUMERIC,arithmetic,,5.638888888888888,=(D2-BA2)/AC2
55,BC,3mnLowDays,c_3mnlowdays,NUMERIC,conditional,,40.00000000000057,"=IF(AND(BA2<1,BA2>-1),100*BA2,100*MOD(BA2,TRUNC(BA2)))"
56,BD,A_3mnHigh,a_3mnhigh,NUMERIC,cross_sheet_lookup,drv_tw,97.54,"=_xlfn.XLOOKUP($N2&$B2,TW!$D:$D,TW!$AX:$AX,"""")"
57,BE,3mnHigh_sd,c_3mnhigh_sd,NUMERIC,arithmetic,,-0.41203703703703726,=(D2-BD2)/AC2
58,BF,3mnHighDays,c_3mnhighdays,NUMERIC,conditional,,54.000000000000625,"=IF(BD2<1,0,100*MOD(BD2,TRUNC(BD2)))"
59,BG,3mn_min_BRR%,c_3mn_min_brr,NUMERIC,conditional,,93.19051262433052,"=IF(D2<BD2,(D2-BA2)*100/(BD2-BA2),0)"
60,BH,A_3mnHighLow,a_3mnhighlow,NUMERIC,cross_sheet_lookup,drv_tw,-71.4,"=_xlfn.XLOOKUP($N2&$B2,TW!$D:$D,TW!$AZ:$AZ,"""")"
61,BI,3mnHighLow,c_3mnhighlow,NUMERIC,arithmetic,,71.4,=ABS(BH2)
62,BJ,3mn_stk_outlook_sd,c_3mn_stk_outlook_sd,NUMERIC,arithmetic,,5.638888888888888,=(D2-BI2)/AC2
63,BK,3mnHighLowDays,c_3mnhighlowdays,NUMERIC,conditional,,40.00000000000057,"=-100*IFERROR(MOD(BH2,TRUNC(BH2)),0)"
64,BL,A_3wkHighLow,a_3wkhighlow,NUMERIC,cross_sheet_lookup,drv_tw,-77.13,"=_xlfn.XLOOKUP($N2&$B2,TW!$D:$D,TW!$BA:$BA,"""")"
65,BM,3wkHighLow,c_3wkhighlow,NUMERIC,arithmetic,,77.13,=ABS(BL2)
66,BN,3w_stk_outlook_sd,c_3w_stk_outlook_sd,NUMERIC,arithmetic,,4.312500000000002,=(D2-BM2)/AC2
67,BO,3wkHighLowDays,c_3wkhighlowdays,NUMERIC,conditional,,12.999999999999545,"=IFERROR(-100*MOD(BL2,TRUNC(BL2)),0)"
68,BP,Perf3M,perf3m,NUMERIC,arithmetic,,9.829108842757204,=100*(D2-AE2)/AE2
69,BQ,Perf3M_sd,perf3m_sd,NUMERIC,arithmetic,,1.9837962962962978,=(D2-AE2)/AC2
70,BR,A_Perf2M,a_perf2m,NUMERIC,cross_sheet_lookup,drv_tw,29.51,"=_xlfn.XLOOKUP($N2&$B2,TW!$D:$D,TW!$AU:$AU,"""")"
71,BS,Perf2M_sd,perf2m_sd,NUMERIC,arithmetic,,6.541383333333335,=BR2/(AD2*100)
72,BT,Perf3W,perf3w,NUMERIC,arithmetic,,24.33134250843938,=100*(D2-AF2)/AF2
73,BU,Perf3W_sd,perf3w_sd,NUMERIC,arithmetic,,4.337962962962965,=(D2-AF2)/AC2
74,BV,A_Perf2Wk,a_perf2wk,NUMERIC,cross_sheet_lookup,drv_tw,7.56,"=_xlfn.XLOOKUP($N2&$B2,TW!$D:$D,TW!$AV:$AV,"""")"
75,BW,Perf2Wk_sd,perf2wk_sd,NUMERIC,arithmetic,,1.6758000000000002,=BV2/(AD2*100)
76,BX,A_Perf3D,a_perf3d,NUMERIC,cross_sheet_lookup,drv_tw,4.05,"=_xlfn.XLOOKUP($N2&$B2,TW!$D:$D,TW!$AW:$AW,"""")"
77,BY,Perf3D_sd,perf3d_sd,NUMERIC,arithmetic,,0.89775,=BX2/($AD2*100)
78,BZ,Perf3D_Value,perf3d_value,NUMERIC,arithmetic,,92.03267659778953,=(100*D2)/(100+BX2)
79,CA,Perf1D_sd,perf1d_sd,NUMERIC,arithmetic,,1.0694444444444444,=G2/AC2
80,CB,Perf,perf,NUMERIC,array_formula,,3,<openpyxl.worksheet.formula.ArrayFormula object at 0x73cc0da80580>
81,CC,52Low,c_52low,NUMERIC,cross_sheet_lookup,drv_tw,69.15,"=_xlfn.XLOOKUP($N2&$B2,TW!$D:$D,TW!$AI:$AI,"""")"
82,CD,52High,c_52high,NUMERIC,cross_sheet_lookup,drv_tw,97.58,"=_xlfn.XLOOKUP($N2&$B2,TW!$D:$D,TW!$AH:$AH,"""")"
83,CE,52-Wk High %,c_52_wk_high,NUMERIC,conditional,,6.401688357368954,"=IF((CD2-CC2)=0,0, (CD2-D2)*100/(CD2-CC2))"
84,CF,20 DMA,c_20_dma,NUMERIC,cross_sheet_lookup,drv_tw,86.92,"=_xlfn.XLOOKUP($N2&$B2,TW!$D:$D,TW!$H:$H,"""")"
85,CG,50 DMA,c_50_dma,NUMERIC,cross_sheet_lookup,drv_tw,82.11,"=_xlfn.XLOOKUP($N2&$B2,TW!$D:$D,TW!$I:$I,"""")"
86,CH,200 DMA,c_200_dma,NUMERIC,cross_sheet_lookup,drv_tw,82.69,"=_xlfn.XLOOKUP($N2&$B2,TW!$D:$D,TW!$J:$J,"""")"
87,CI,A_MACD_BRR,a_macd_brr,NUMERIC,cross_sheet_lookup,drv_tw,1,"=_xlfn.XLOOKUP($N2&$B2,TW!$D:$D,TW!$V:$V,"""")"
88,CJ,MACD_BRR,macd_brr,NUMERIC,arithmetic,,1,=ABS(CI2)
89,CK,A_MACDH_D_BRR,a_macdh_d_brr,NUMERIC,cross_sheet_lookup,drv_tw,0.81,"=_xlfn.XLOOKUP($N2&$B2,TW!$D:$D,TW!$W:$W,"""")"
90,CL,MACDH_BRR,macdh_brr,NUMERIC,arithmetic,,0.81,=ABS(CK2)
91,CM,A_MACDays_Streak,a_macdays_streak,NUMERIC,cross_sheet_lookup,drv_tw,1,"=_xlfn.XLOOKUP($N2&$B2,TW!$D:$D,TW!$AM:$AM,"""")"
92,CN,D_Last,d_last,NUMERIC,cross_sheet_lookup,drv_td,95.76,"=_xlfn.XLOOKUP($M2&$B2,TD!$D:$D,TD!$AP:$AP,"""")"
93,CO,D_%Change,d_change,NUMERIC,cross_sheet_lookup,drv_td,0.0507,"=_xlfn.XLOOKUP($M2&$B2,TD!$D:$D,TD!$AR:$AR,"""")"
94,CP,D_Net Chng,d_net_chng,NUMERIC,cross_sheet_lookup,drv_td,4.62,"=_xlfn.XLOOKUP($M2&$B2,TD!$D:$D,TD!$AQ:$AQ,"""")"
95,CQ,D_Open,d_open,NUMERIC,cross_sheet_lookup,drv_td,91.685,"=_xlfn.XLOOKUP($M2&$B2,TD!$D:$D,TD!$AS:$AS,"""")"
96,CR,D_High,d_high,NUMERIC,cross_sheet_lookup,drv_td,96.51,"=_xlfn.XLOOKUP($M2&$B2,TD!$D:$D,TD!$AT:$AT,"""")"
97,CS,D_Low,d_low,NUMERIC,cross_sheet_lookup,drv_td,91.02,"=_xlfn.XLOOKUP($M2&$B2,TD!$D:$D,TD!$AU:$AU,"""")"
98,CT,D_RSI,d_rsi,NUMERIC,cross_sheet_lookup,drv_td,69.17,"=_xlfn.XLOOKUP($M2&$B2,TD!$D:$D,TD!$T:$T,"""")"
99,CU,D_IV,d_iv,NUMERIC,cross_sheet_lookup,drv_td,0.59,"=_xlfn.XLOOKUP($M2&$B2,TD!$D:$D,TD!$AB:$AB,"""")"
100,CV,D_HV,d_hv,NUMERIC,cross_sheet_lookup,drv_td,0.46,"=_xlfn.XLOOKUP($M2&$B2,TD!$D:$D,TD!$X:$X,"""")"
101,CW,HVPercentile,hvpercentile,NUMERIC,cross_sheet_lookup,drv_td,74.1,"=_xlfn.XLOOKUP($M2&$B2,TD!$D:$D,TD!$R:$R,"""")"
102,CX,IVPercentile,ivpercentile,NUMERIC,cross_sheet_lookup,drv_td,96.4,"=_xlfn.XLOOKUP($M2&$B2,TD!$D:$D,TD!$Q:$Q,"""")"
103,CY,L_Last,l_last,NUMERIC,cross_sheet_lookup,drv_tl,95.76,"=_xlfn.XLOOKUP($O2&$B2,TL!$D:$D,TL!$L:$L,"""")"
104,CZ,L_Net Chng,l_net_chng,NUMERIC,cross_sheet_lookup,drv_tl,4.62,"=_xlfn.XLOOKUP($O2&$B2,TL!$D:$D,TL!$M:$M,"""")"
105,DA,L_%Change,l_change,NUMERIC,cross_sheet_lookup,drv_tl,0.0507,"=_xlfn.XLOOKUP($O2&$B2,TL!$D:$D,TL!$N:$N,"""")"
106,DB,L_Open,l_open,NUMERIC,cross_sheet_lookup,drv_tl,91.685,"=_xlfn.XLOOKUP($O2&$B2,TL!$D:$D,TL!$O:$O,"""")"
107,DC,L_High,l_high,NUMERIC,cross_sheet_lookup,drv_tl,96.51,"=_xlfn.XLOOKUP($O2&$B2,TL!$D:$D,TL!$P:$P,"""")"
108,DD,L_Low,l_low,NUMERIC,cross_sheet_lookup,drv_tl,91.02,"=_xlfn.XLOOKUP($O2&$B2,TL!$D:$D,TL!$Q:$Q,"""")"
109,DE,L_RSI,l_rsi,NUMERIC,cross_sheet_lookup,drv_tl,69.17,"=_xlfn.XLOOKUP($O2&$B2,TL!$D:$D,TL!$S:$S,"""")"
110,DF,L_ImpVolatility,l_impvolatility,NUMERIC,cross_sheet_lookup,drv_tl,0.59,"=_xlfn.XLOOKUP($O2&$B2,TL!$D:$D,TL!$H:$H,"""")"
111,DG,Y_Last Price,y_last_price,NUMERIC,cross_sheet_lookup,hist_y,95.76,"=_xlfn.XLOOKUP($R2&$C2,Y!$D:$D,Y!$K:$K,"""")"
112,DH,Y_Change,y_change,NUMERIC,cross_sheet_lookup,hist_y,4.62,"=_xlfn.XLOOKUP($R2&$C2,Y!$D:$D,Y!$L:$L,"""")"
113,DI,Y_Change(%),y_change,NUMERIC,cross_sheet_lookup,hist_y,0.0507,"=_xlfn.XLOOKUP($R2&$C2,Y!$D:$D,Y!$M:$M,"""")"
114,DJ,Y_Open,y_open,NUMERIC,cross_sheet_lookup,hist_y,91.54,"=_xlfn.XLOOKUP($R2&$C2,Y!$D:$D,Y!$N:$N,"""")"
115,DK,Y_High,y_high,NUMERIC,cross_sheet_lookup,hist_y,96.51,"=_xlfn.XLOOKUP($R2&$C2,Y!$D:$D,Y!$O:$O,"""")"
116,DL,Y_Low,y_low,NUMERIC,cross_sheet_lookup,hist_y,91.02,"=_xlfn.XLOOKUP($R2&$C2,Y!$D:$D,Y!$P:$P,"""")"
117,DM,Last,last,NUMERIC,cross_sheet_simple,"(scalar from drv_dash),(self-reference)",95.76,"=IF(Dash!$AB$24=""Y"",MA!DG2,MA!CY2)"
118,DN,Net Chng,net_chng,NUMERIC,cross_sheet_simple,"(scalar from drv_dash),(self-reference)",4.62,"=IF(Dash!$AB$24=""Y"",MA!DH2,MA!CZ2)"
119,DO,%Change,change,NUMERIC,cross_sheet_simple,"(scalar from drv_dash),(self-reference)",0.0507,"=IF(Dash!$AB$24=""Y"",MA!DI2,MA!DA2)"
120,DP,Open,open,NUMERIC,cross_sheet_simple,"(scalar from drv_dash),(self-reference)",91.685,"=IF(Dash!$AB$24=""Y"",MA!DJ2,MA!DB2)"
121,DQ,High,high,NUMERIC,cross_sheet_simple,"(scalar from drv_dash),(self-reference)",96.51,"=IF(Dash!$AB$24=""Y"",MA!DK2,MA!DC2)"
122,DR,Low,low,NUMERIC,cross_sheet_simple,"(scalar from drv_dash),(self-reference)",91.02,"=IF(Dash!$AB$24=""Y"",MA!DL2,MA!DD2)"
123,DS,RSI,rsi,NUMERIC,cross_sheet_simple,(scalar from drv_dash),69.17,"=IF(Dash!$AB$24=""Y"",DE2,CT2)"
124,DT,ImpVolatility,impvolatility,NUMERIC,cross_sheet_simple,(scalar from drv_dash),0.59,"=IF(Dash!$AB$24=""Y"",DF2,CU2)"
125,DU,BB_Bot_Prev,bb_bot_prev,NUMERIC,cross_sheet_lookup,drv_td,0,"=_xlfn.XLOOKUP($M2&$B2,TD!$D:$D,TD!$L:$L,"""")"
126,DV,BB_Top_Prev,bb_top_prev,NUMERIC,cross_sheet_lookup,drv_td,0,"=_xlfn.XLOOKUP($M2&$B2,TD!$D:$D,TD!$P:$P,"""")"
127,DW,BB BRR%,bb_brr,TEXT,conditional,,,"=IF(_xlfn.IFNA(DU2,"""")=0,"""",(D2-DU2)*100/(DV2-DU2))"
128,DX,RR_Bottom,rr_bottom,NUMERIC,cross_sheet_lookup,hist_rr,0,"=_xlfn.XLOOKUP(B2,RR!F:F,RR!H:H,0)"
129,DY,RR_Top,rr_top,NUMERIC,cross_sheet_lookup,hist_rr,0,"=_xlfn.XLOOKUP(B2,RR!F:F,RR!I:I,0)"
130,DZ,RR BRR%,rr_brr,TEXT,conditional,,,"=IF(_xlfn.IFNA(DX2,"""")=0,"""",(D2-DX2)*100/(DY2-DX2))"
131,EA,ETF_Bottom,etf_bottom,TEXT,cross_sheet_lookup,drv_etf,,"=_xlfn.XLOOKUP(U2&B2,etf!A:A,etf!E:E,"""")"
132,EB,ETF_Top,etf_top,TEXT,cross_sheet_lookup,drv_etf,,"=_xlfn.XLOOKUP(U2&B2,etf!A:A,etf!F:F,"""")"
133,EC,RR_Bottom,rr_bottom,NUMERIC,array_formula,,0,<openpyxl.worksheet.formula.ArrayFormula object at 0x73cc0da809a0>
134,ED,RR_Top,rr_top,NUMERIC,array_formula,,0,<openpyxl.worksheet.formula.ArrayFormula object at 0x73cc0da80a00>
135,EE,BRR%,brr,TEXT,conditional,,,"=IF(_xlfn.IFNA(EC2,"""")=0,"""",(D2-EC2)*100/(ED2-EC2))"
136,EF,Prev Close,prev_close,NUMERIC,passthrough,,95.76,=CN2
137,EG,Open,open,NUMERIC,passthrough,,91.685,=CQ2
138,EH,High,high,NUMERIC,passthrough,,96.51,=CR2
139,EI,Low,low,NUMERIC,passthrough,,91.02,=CS2
140,EJ,Open,open,NUMERIC,passthrough,,91.685,=DP2
141,EK,High,high,NUMERIC,passthrough,,96.51,=DQ2
142,EL,Low,low,NUMERIC,passthrough,,91.02,=DR2
143,EM,Chg SD,chg_sd,NUMERIC,passthrough,,1.0694444444444444,=CA2
144,EN,Price Direction,price_direction,NUMERIC,array_formula,,2,<openpyxl.worksheet.formula.ArrayFormula object at 0x73cc0da81120>
145,EO,High TRR,high_trr,NUMERIC,conditional,,-22.34027777777778,"=(ED2-IF(EH2>EK2,EH2,EK2))/AC2"
146,EP,Low LRR,low_lrr,NUMERIC,conditional,,21.069444444444443,"=(IF(EI2<EL2,EI2,EL2)-EC2)/AC2"
147,EQ,Trnd TRR,trnd_trr,NUMERIC,arithmetic,,-20.18287037037037,=(ED2-AE2)/AC2
148,ER,Trd LRR,trd_lrr,NUMERIC,arithmetic,,-17.828703703703702,=(EC2-AF2)/AC2
149,ES,Sd TRR,sd_trr,NUMERIC,arithmetic,,22.34027777777778,=(DQ2-ED2)/AC2
150,ET,Sd MRR,sd_mrr,NUMERIC,arithmetic,,22.166666666666668,=(DM2-((ED2+EC2)/2))/AC2
151,EU,Sd LRR,sd_lrr,NUMERIC,arithmetic,,21.069444444444443,=(DR2-EC2)/AC2
152,EV,BB_Bot_15d,bb_bot_15d,NUMERIC,cross_sheet_lookup,drv_td,0,"=_xlfn.XLOOKUP($M2&$B2,TD!$D:$D,TD!$I:$I,"""")"
153,EW,BB_Bot_7d,bb_bot_7d,NUMERIC,cross_sheet_lookup,drv_td,0,"=_xlfn.XLOOKUP($M2&$B2,TD!$D:$D,TD!$J:$J,"""")"
154,EX,BB_Bot_3d,bb_bot_3d,NUMERIC,cross_sheet_lookup,drv_td,0,"=_xlfn.XLOOKUP($M2&$B2,TD!$D:$D,TD!$K:$K,"""")"
155,EY,BB_Bot_Slope,bb_bot_slope,NUMERIC,conditional,,0,"=IF(AND(DU2>EW2,EW2>EV2,(DU2-EV2)>=AC2),1,IF(AND(DU2<EW2,EW2<EV2,(EV2-DU2)>=AC2),-1,0))"
156,EZ,BB_Top_15d,bb_top_15d,NUMERIC,cross_sheet_lookup,drv_td,0,"=_xlfn.XLOOKUP($M2&$B2,TD!$D:$D,TD!$M:$M,"""")"
157,FA,BB_Top_7d,bb_top_7d,NUMERIC,cross_sheet_lookup,drv_td,0,"=_xlfn.XLOOKUP($M2&$B2,TD!$D:$D,TD!$N:$N,"""")"
158,FB,BB_Top_3d,bb_top_3d,NUMERIC,cross_sheet_lookup,drv_td,0,"=_xlfn.XLOOKUP($M2&$B2,TD!$D:$D,TD!$O:$O,"""")"
159,FC,BB_Tot_Slope,bb_tot_slope,NUMERIC,conditional,,0,"=IF(AND(DV2>FA2,FA2>EZ2,(DV2-EZ2)>=AC2),1,IF(AND(DV2<FA2,FA2<EZ2,(EZ2-DV2)>=AC2),-1,0))"
160,FD,BB_Slope,bb_slope,NUMERIC,array_formula,,0,<openpyxl.worksheet.formula.ArrayFormula object at 0x73cc0da81840>
161,FE,BB Bull,bb_bull,NUMERIC,array_formula,,0,<openpyxl.worksheet.formula.ArrayFormula object at 0x73cc0da818a0>
162,FF,A_VolumeSpike,a_volumespike,NUMERIC,cross_sheet_lookup,drv_tw,-200443.44,"=_xlfn.XLOOKUP($N2&$B2,TW!$D:$D,TW!$AQ:$AQ,"""")"
163,FG,VolumeSpike,volumespike,NUMERIC,arithmetic,,200443.44,"=ABS(_xlfn.NUMBERVALUE(SUBSTITUTE(FF2,""NaN"",0)))"
164,FH,VS Spike,vs_spike,NUMERIC,arithmetic,,0200443.44,"=RIGHT(""0000000000"" & FG2 & REPT(""0"",9-LEN(FG2)),10)"
165,FI,VS Volume Spike,vs_volume_spike,NUMERIC,arithmetic,,2,"=_xlfn.NUMBERVALUE(LEFT(FH2,2))"
166,FJ,VS Price Change,vs_price_change,NUMERIC,arithmetic,,4,"=_xlfn.NUMBERVALUE(MID(FH2,3,3))"
167,FK,VS Price Change SD,vs_price_change_sd,NUMERIC,arithmetic,,-0.8866666666666668,"=SIGN(SUBSTITUTE(FF2,""NaN"",0)) * FJ2/(AD2*100)"
168,FL,VS Volatility,vs_volatility,NUMERIC,arithmetic,,43,"=_xlfn.NUMBERVALUE(MID(FH2,6,2))"
169,FM,VS Days,vs_days,NUMERIC,arithmetic,,44,"=_xlfn.NUMBERVALUE(RIGHT(FH2,2))"
170,FN,D_Vlt_Caution,d_vlt_caution,TEXT,cross_sheet_lookup,drv_td,IVPXtrm,"=_xlfn.XLOOKUP($M2&$B2,TD!$D:$D,TD!$AL:$AL,"""")"
171,FO,D_Vlt_RuleCode,d_vlt_rulecode,TEXT,cross_sheet_lookup,drv_td,,"=_xlfn.XLOOKUP($M2&$B2,TD!$D:$D,TD!$AK:$AK,"""")"
172,FP,D_Vlt_RuleDesc,d_vlt_ruledesc,TEXT,cross_sheet_lookup,ref_param,,"=_xlfn.XLOOKUP(FO2,Parm!$BS$14:$BS$23,Parm!$BT$14:$BT$23,"""")"
173,FQ,D_Vlt_RuleAction,d_vlt_ruleaction,TEXT,cross_sheet_lookup,ref_param,,"=_xlfn.XLOOKUP(FO2,Parm!$BS$14:$BS$23,Parm!$BU$14:$BU$23,"""")"
174,FR,IVHV,ivhv,NUMERIC,conditional,,128.26086956521738,"=IF(OR(DT2=0,CV2=0),0,DT2*100/CV2)"
175,FS,L_Vlm,l_vlm,NUMERIC,cross_sheet_lookup,drv_tl,6815835,"=_xlfn.XLOOKUP($O2&$B2,TL!$D:$D,TL!$G:$G,"""")"
176,FT,W_Vlm,w_vlm,NUMERIC,cross_sheet_lookup,drv_tw,6815835,"=_xlfn.XLOOKUP($N2&$B2,TW!$D:$D,TW!$K:$K,"""")"
177,FU,Volume,volume,NUMERIC,cross_sheet_simple,(scalar from drv_dash),6815835,"=IF(Dash!$AB$25=""Y"",FS2,FT2)"
178,FV,VolumeRateOfChange,volumerateofchange,NUMERIC,cross_sheet_lookup,drv_tw,38.55,"=_xlfn.XLOOKUP($N2&$B2,TW!$D:$D,TW!$AT:$AT,"""")"
179,FW,W_Avg Vlm (10day),w_avg_vlm_10day,NUMERIC,cross_sheet_lookup,drv_tw,4431087.34,"=_xlfn.XLOOKUP($N2&$B2,TW!$D:$D,TW!$L:$L,"""")"
180,FX,Vlm 10  Factor,vlm_10_factor,NUMERIC,conditional,,0.5381856589628857,"=IF(OR(FU2=0,FU2="""",FW2=0,FW2=""""),0,(FU2-FW2)/FW2)"
181,FY,Vlm 10 day %,vlm_10_day,NUMERIC,arithmetic,,53.818565896288575,=100*FX2
182,FZ,W_Avg Vlm (3m),w_avg_vlm_3m,NUMERIC,cross_sheet_lookup,drv_tw,4379189.87,"=_xlfn.XLOOKUP($N2&$B2,TW!$D:$D,TW!$M:$M,"""")"
183,GA,Vlm 3 M Factor,vlm_3_m_factor,NUMERIC,conditional,,0.5564145886188762,"=IF(OR(FU2=0,FU2="""",FZ2=0,FZ2=""""),0,(FU2-FZ2)/FZ2)"
184,GB,Vlm 3m %,vlm_3m,NUMERIC,arithmetic,,55.641458861887614,=GA2*100
185,GC,Vlm Score,vlm_score,NUMERIC,array_formula,,2,<openpyxl.worksheet.formula.ArrayFormula object at 0x73cc0da82200>
186,GD,Vlm Desc,vlm_desc,TEXT,cross_sheet_lookup,ref_param,>avg+Accl,"=_xlfn.XLOOKUP(GC2,Parm!$BP$2:$BP$7,Parm!$BQ$2:$BQ$7,""Unknown"")"
187,GE,W_Vlm_RuleCode,w_vlm_rulecode,TEXT,cross_sheet_lookup,drv_tw,,"=_xlfn.XLOOKUP($N2&$B2,TW!$D:$D,TW!$U:$U,"""")"
188,GF,Vlm_RuleDesc,vlm_ruledesc,TEXT,cross_sheet_lookup,ref_param,,"=_xlfn.XLOOKUP(GE2,Parm!$BS$2:$BS$11,Parm!$BT$2:$BT$11,"""")"
189,GG,Vlm_Action,vlm_action,TEXT,cross_sheet_lookup,ref_param,,"=_xlfn.XLOOKUP(GE2,Parm!$BS$2:$BS$11,Parm!$BU$2:$BU$11,"""")"
190,GH,Volatility regime,volatility_regime,NUMERIC,array_formula,,1,<openpyxl.worksheet.formula.ArrayFormula object at 0x73cc0da82260>
191,GI,Volatility regime,volatility_regime,TEXT,cross_sheet_lookup,ref_param,Norm vlt,"=_xlfn.XLOOKUP(GH2,Parm!$BP$28:$BP$32,Parm!$BQ$28:$BQ$32,"""")"
192,GJ,Price zone,price_zone,NUMERIC,array_formula,,1,<openpyxl.worksheet.formula.ArrayFormula object at 0x73cc0da822c0>
193,GK,Price zone,price_zone,TEXT,cross_sheet_lookup,ref_param,Mild up day,"=_xlfn.XLOOKUP(GJ2,Parm!$BP$8:$BP$15,Parm!$BQ$8:$BQ$15,"""")"
194,GL,Trend context,trend_context,NUMERIC,array_formula,,1,<openpyxl.worksheet.formula.ArrayFormula object at 0x73cc0da82320>
195,GM,Trend context,trend_context,TEXT,cross_sheet_lookup,ref_param,PuBk in up tn,"=_xlfn.XLOOKUP(GL2,Parm!$BP$16:$BP$21,Parm!$BQ$16:$BQ$21,"""")"
196,GN,Momentum,momentum,NUMERIC,array_formula,,0,<openpyxl.worksheet.formula.ArrayFormula object at 0x73cc0da82380>
197,GO,Momentum,momentum,TEXT,cross_sheet_lookup,ref_param,Stbl vs yday,"=_xlfn.XLOOKUP(GN2,Parm!$BP$22:$BP$27,Parm!$BQ$22:$BQ$27,"""")"
198,GP,Long Trend Total,long_trend_total,NUMERIC,arithmetic,,10,=SIGN(BV2)*1+SIGN(BT2)*2+SIGN(BR2)*3+SIGN(BP2)*4
199,GQ,Long Trend Score,long_trend_score,NUMERIC,array_formula,,2,<openpyxl.worksheet.formula.ArrayFormula object at 0x73cc0da824a0>
200,GR,Long Trend Descr,long_trend_descr,TEXT,cross_sheet_lookup,ref_param,Strng bull,"=_xlfn.XLOOKUP(GQ2,Parm!$BP$33:$BP$38,Parm!$BQ$33:$BQ$38,"""")"
201,GS,ST Signal Scenario,st_signal_scenario,NUMERIC,array_formula,,14,<openpyxl.worksheet.formula.ArrayFormula object at 0x73cc0da82500>
202,GT,ST_Signal Score,st_signal_score,NUMERIC,cross_sheet_lookup,ref_param,0,"=_xlfn.XLOOKUP(GS2,Parm!$CI$2:$CI$15,Parm!$CK$2:$CK$15,"""")"
203,GU,ST_Signal Desc,st_signal_desc,TEXT,cross_sheet_lookup,ref_param, ,"=_xlfn.XLOOKUP(GS2,Parm!$CI$2:$CI$15,Parm!$CJ$2:$CJ$15,"""")"
204,GV,Final Signal Scenario,final_signal_scenario,NUMERIC,array_formula,,0,<openpyxl.worksheet.formula.ArrayFormula object at 0x73cc0da82560>
205,GW,Final_Signal,final_signal,NUMERIC,cross_sheet_lookup,ref_param,0,"=_xlfn.XLOOKUP(GV2,Parm!$CM$2:$CM$13,Parm!$CN$2:$CN$13,"""")"
206,GX,Beta,beta,NUMERIC,cross_sheet_lookup,hist_to,1.5,"=_xlfn.XLOOKUP($P2&$B2,TO!$D:$D,TO!K:K,"""")"
207,GY,Market Cap,market_cap,NUMERIC,cross_sheet_lookup,hist_to,26765000000,"=_xlfn.XLOOKUP($P2&$B2,TO!$D:$D,TO!G:G,"""")"
208,GZ,Long-term Debt to Capital - Current (LTM),long_term_debt_to_capital_current_ltm,NUMERIC,cross_sheet_lookup,hist_to,0.3112,"=_xlfn.XLOOKUP($P2&$B2,TO!$D:$D,TO!M:M,"""")"
209,HA,Price / Earnings Ratio - Current,price_earnings_ratio_current,NUMERIC,cross_sheet_lookup,hist_to,14.896,"=_xlfn.XLOOKUP($P2&$B2,TO!$D:$D,TO!N:N,"""")"
210,HB,Price / Book Value Ratio - Current,price_book_value_ratio_current,NUMERIC,cross_sheet_lookup,hist_to,2.775,"=_xlfn.XLOOKUP($P2&$B2,TO!$D:$D,TO!O:O,"""")"
211,HC,Return on Equity (ROE) - Current (LTM),return_on_equity_roe_current_ltm,NUMERIC,cross_sheet_lookup,hist_to,20.275,"=_xlfn.XLOOKUP($P2&$B2,TO!$D:$D,TO!P:P,"""")"
212,HD,EPS,eps,NUMERIC,cross_sheet_lookup,hist_to,6.18,"=_xlfn.XLOOKUP($P2&$B2,TO!$D:$D,TO!Q:Q,"""")"
213,HE,Div. Yield - Current,div_yield_current,TEXT,cross_sheet_lookup,hist_to,<empty>,"=_xlfn.XLOOKUP($P2&$B2,TO!$D:$D,TO!R:R,"""")"
214,HF,Sector,sector,TEXT,cross_sheet_lookup,hist_to,Information Technology,"=_xlfn.XLOOKUP($P2&$B2,TO!$D:$D,TO!S:S,"""")"
215,HG,Free Cash Flow Per Share - Current (LTM),free_cash_flow_per_share_current_ltm,NUMERIC,cross_sheet_lookup,hist_to,6.4,"=_xlfn.XLOOKUP($P2&$B2,TO!$D:$D,TO!T:T,"""")"
216,HH,Asset Class,asset_class,TEXT,cross_sheet_lookup,ref_sector,Equities,"=_xlfn.XLOOKUP(C2,Sctr!A$2:A$1000,Sctr!I$2:I$1000,"""")"
217,HI,Sctr!Sector,sctr_sector,TEXT,cross_sheet_lookup,ref_sector,Information Technology,"=_xlfn.XLOOKUP(C2,Sctr!A$2:A$1000,Sctr!K$2:K$1000,"""")"
218,HJ,Sector,sector,TEXT,conditional,,Information Technology,"=IF(HF2=0,HI2,HF2)"
219,HK,Sub Asset Class,sub_asset_class,TEXT,cross_sheet_lookup,ref_sector,Software/Tech,"=_xlfn.XLOOKUP(C2,Sctr!A:A,Sctr!J:J,"""")"
220,HL,Industry,industry,TEXT,cross_sheet_lookup,ref_sector,Software,"=_xlfn.XLOOKUP(C2,Sctr!A:A,Sctr!C:C,"""")"
221,HM,Growth - Sector Based,growth_sector_based,TEXT,array_formula,,Secular,<openpyxl.worksheet.formula.ArrayFormula object at 0x73cc0da82680>
222,HN,Growth - Econ Based,growth_econ_based,TEXT,array_formula,,Cyclical,<openpyxl.worksheet.formula.ArrayFormula object at 0x73cc0da826e0>
223,HO,Growth,growth,TEXT,conditional,,N/A,"=IF(HM2=HN2,HM2,""N/A"")"
224,HP,Scale,scale,TEXT,array_formula,,Size,<openpyxl.worksheet.formula.ArrayFormula object at 0x73cc0da82800>
225,HQ,Solvency,solvency,TEXT,array_formula,,Low Leverage,<openpyxl.worksheet.formula.ArrayFormula object at 0x73cc0da82860>
226,HR,Value?,value,TEXT,array_formula,,Value,<openpyxl.worksheet.formula.ArrayFormula object at 0x73cc0da828c0>
227,HS,Quality?,quality,TEXT,array_formula,,Quality,<openpyxl.worksheet.formula.ArrayFormula object at 0x73cc0da82920>
228,HT,Dividend?,dividend,TEXT,array_formula,,N/A,<openpyxl.worksheet.formula.ArrayFormula object at 0x73cc0da82980>
229,HU,Momentum Score,momentum_score,NUMERIC,arithmetic,,4.282976825441305,=0.15*BQ2 + 0.2*BS2 + 0.2*BU2 + 0.2*BW2 + 0.15*BY2 + 5*((D2-CF2)/CF2) + 5*((D2-CG2)/CG2)
230,HV,Momentum,momentum,TEXT,conditional,,Momentum,"=IF(HU2>2.2,""Momentum"",""N/A"")"
231,HW,Sensitivity,sensitivity,TEXT,array_formula,,High Beta,<openpyxl.worksheet.formula.ArrayFormula object at 0x73cc0da82b60>
232,HX,Growth - M OL,growth_m_ol,NUMERIC,cross_sheet_lookup,ref_quad_outlook,0,"=_xlfn.XLOOKUP(HO2,HQuad!$B$24:$B$39,HQuad!$J$24:$J$39,"""")"
233,HY,Scale - M OL,scale_m_ol,NUMERIC,cross_sheet_lookup,ref_quad_outlook,0,"=_xlfn.XLOOKUP(HP2,HQuad!$B$24:$B$39,HQuad!$J$24:$J$39,"""")"
234,HZ,Solvency - M OL,solvency_m_ol,NUMERIC,cross_sheet_lookup,ref_quad_outlook,0,"=_xlfn.XLOOKUP(HQ2,HQuad!$B$24:$B$39,HQuad!$J$24:$J$39,"""")"
235,IA,Value? - M OL,value_m_ol,NUMERIC,cross_sheet_lookup,ref_quad_outlook,-3,"=_xlfn.XLOOKUP(HR2,HQuad!$B$24:$B$39,HQuad!$J$24:$J$39,"""")"
236,IB,Quality? - M OL,quality_m_ol,NUMERIC,cross_sheet_lookup,ref_quad_outlook,3,"=_xlfn.XLOOKUP(HS2,HQuad!$B$24:$B$39,HQuad!$J$24:$J$39,"""")"
237,IC,Dividend? - M OL,dividend_m_ol,NUMERIC,cross_sheet_lookup,ref_quad_outlook,0,"=_xlfn.XLOOKUP(HT2,HQuad!$B$24:$B$39,HQuad!$J$24:$J$39,"""")"
238,ID,Momentum - M OL,momentum_m_ol,NUMERIC,cross_sheet_lookup,ref_quad_outlook,3,"=_xlfn.XLOOKUP(HV2,HQuad!$B$24:$B$39,HQuad!$J$24:$J$39,0)"
239,IE,Sensitivity - M OL,sensitivity_m_ol,NUMERIC,cross_sheet_lookup,ref_quad_outlook,0,"=_xlfn.XLOOKUP(HW2,HQuad!$B$24:$B$39,HQuad!$J$24:$J$39,"""")"
240,IF,Asset Class - M OL,asset_class_m_ol,NUMERIC,cross_sheet_lookup,ref_quad_outlook,0,"=_xlfn.XLOOKUP(HH2,HQuad!$B$2:$B$9,HQuad!$J$2:$J$9,"""")"
241,IG,Equity Sector - M OL,equity_sector_m_ol,NUMERIC,cross_sheet_lookup,ref_quad_outlook,3,"=IF(HH2=""Equities"",_xlfn.XLOOKUP(HJ2,HQuad!$B$10:$B$23,HQuad!$J$10:$J$23,""""),IF2)"
242,IH,M+ves - Equity Style,m_ves_equity_style,NUMERIC,aggregate,,2,"=COUNTIF(HX2:IE2,"">0"")"
243,II,M-ves  - Equity Style,m_ves_equity_style,NUMERIC,aggregate,,1,"=COUNTIF(HX2:IE2,""<0"")"
244,IJ,Growth - Q OL,growth_q_ol,NUMERIC,cross_sheet_lookup,ref_quad_outlook,0,"=_xlfn.XLOOKUP(HO2,HQuad!$B$24:$B$39,HQuad!$L$24:$L$39,"""")"
245,IK,Scale - Q OL,scale_q_ol,NUMERIC,cross_sheet_lookup,ref_quad_outlook,0,"=_xlfn.XLOOKUP(HP2,HQuad!$B$24:$B$39,HQuad!$L$24:$L$39,"""")"
246,IL,Solvency - Q OL,solvency_q_ol,NUMERIC,cross_sheet_lookup,ref_quad_outlook,0,"=_xlfn.XLOOKUP(HQ2,HQuad!$B$24:$B$39,HQuad!$L$24:$L$39,"""")"
247,IM,Value? - Q OL,value_q_ol,NUMERIC,cross_sheet_lookup,ref_quad_outlook,-3,"=_xlfn.XLOOKUP(HR2,HQuad!$B$24:$B$39,HQuad!$L$24:$L$39,"""")"
248,IN,Quality? - Q OL,quality_q_ol,NUMERIC,cross_sheet_lookup,ref_quad_outlook,0,"=_xlfn.XLOOKUP(HS2,HQuad!$B$24:$B$39,HQuad!$L$24:$L$39,"""")"
249,IO,Dividend? - Q OL,dividend_q_ol,NUMERIC,cross_sheet_lookup,ref_quad_outlook,0,"=_xlfn.XLOOKUP(HT2,HQuad!$B$24:$B$39,HQuad!$L$24:$L$39,"""")"
250,IP,Momentum - Q OL,momentum_q_ol,NUMERIC,cross_sheet_lookup,ref_quad_outlook,3,"=_xlfn.XLOOKUP(HV2,HQuad!$B$24:$B$39,HQuad!$L$24:$L$39,0)"
251,IQ,Sensitivity - Q OL,sensitivity_q_ol,NUMERIC,cross_sheet_lookup,ref_quad_outlook,3,"=_xlfn.XLOOKUP(HW2,HQuad!$B$24:$B$39,HQuad!$L$24:$L$39,"""")"
252,IR,Asset Class - Q OL,asset_class_q_ol,NUMERIC,cross_sheet_lookup,ref_quad_outlook,3,"=_xlfn.XLOOKUP(HH2,HQuad!$B$2:$B$9,HQuad!$L$2:$L$9,"""")"
253,IS,Equity Sector - Q OL,equity_sector_q_ol,NUMERIC,cross_sheet_lookup,ref_quad_outlook,3,"=IF(HH2=""Equities"",_xlfn.XLOOKUP(HJ2,HQuad!$B$10:$B$23,HQuad!$L$10:$L$23,""""),IR2)"
254,IT,Q+ves - Equity Style,q_ves_equity_style,NUMERIC,aggregate,,2,"=COUNTIF(IJ2:IQ2,"">0"")"
255,IU,Q-ves  - Equity Style,q_ves_equity_style,NUMERIC,aggregate,,1,"=COUNTIF(IJ2:IQ2,""<0"")"
256,IV,SP500 Volatility,sp500_volatility,NUMERIC,cross_sheet_lookup,"ref_sector,(scalar from drv_dash)",0,"=IF(_xlfn.XLOOKUP(C2,Sctr!A:A,Sctr!D:D,"""")=""Y"",Dash!$S$2,0)"
257,IW,Nasdaq Volatility,nasdaq_volatility,TEXT,cross_sheet_lookup,"ref_sector,(scalar from drv_dash)",,"=IF(_xlfn.XLOOKUP(C2,Sctr!A:A,Sctr!E:E,"""")=""Y"",Dash!$S$5,0)"
258,IX,Dow Volatility,dow_volatility,NUMERIC,cross_sheet_lookup,"ref_sector,(scalar from drv_dash)",0,"=IF(_xlfn.XLOOKUP(C2,Sctr!A:A,Sctr!F:F,"""")=""Y"",Dash!$S$9,0)"
259,IY,RusSell Volatility,russell_volatility,NUMERIC,cross_sheet_lookup,"ref_sector,(scalar from drv_dash)",0,"=IF(_xlfn.XLOOKUP(C2,Sctr!A:A,Sctr!G:G,"""")=""Y"",Dash!$S$4,0)"
260,IZ,FCF,fcf,NUMERIC,cross_sheet_lookup,drv_tw,6.4,"=_xlfn.XLOOKUP($N2&$B2,TW!$D:$D,TW!$G:$G,"""")"
261,JA,Ticker,ticker,TEXT,passthrough,,ZM,=C2
262,JB,EarningsDays,earningsdays,NUMERIC,cross_sheet_lookup,drv_tw,16,"=_xlfn.XLOOKUP($N2&$B2,TW!$D:$D,TW!$X:$X,"""")"
263,JC,Short Ratio,short_ratio,NUMERIC,cross_sheet_lookup,hist_y,1.7,"=_xlfn.XLOOKUP($R2&$C2,Y!$D:$D,Y!$Q:$Q,"""")"
264,JD,Float,float,TEXT,cross_sheet_lookup,hist_y,260.232M,"=_xlfn.XLOOKUP($R2&$C2,Y!$D:$D,Y!$R:$R,"""")"
265,JE,Shares Out,shares_out,TEXT,cross_sheet_lookup,hist_y,265.97M,"=_xlfn.XLOOKUP($R2&$C2,Y!$D:$D,Y!$S:$S,"""")"
266,JF,Begin,begin,TEXT,static_input,,,
267,JG,MACDH Direction,macdh_direction,NUMERIC,conditional,,1,"=IF(CK2=0,-1,SIGN(CK2))"
268,JH,MACD Direction,macd_direction,NUMERIC,conditional,,1,"=IF(CI2=0,-1,SIGN(CI2))"
269,JI,BB Direction,bb_direction,NUMERIC,passthrough,,-1,=AN2
270,JJ,BB Threshold,bb_threshold,NUMERIC,conditional,,0,"=IF(AX2=1,AW2,0)"
271,JK,BBThresh CO Days,bbthresh_co_days,NUMERIC,array_formula,,3,<openpyxl.worksheet.formula.ArrayFormula object at 0x73cc0da83280>
272,JL,BBThresh_CO_Days2,bbthresh_co_days2,NUMERIC,array_formula,,3,<openpyxl.worksheet.formula.ArrayFormula object at 0x73cc0da832e0>
273,JM,Trade Cross Over,trade_cross_over,NUMERIC,array_formula,,0,<openpyxl.worksheet.formula.ArrayFormula object at 0x73cc0da83340>
274,JN,Trade-Rule,trade_rule,NUMERIC,array_formula,,2,<openpyxl.worksheet.formula.ArrayFormula object at 0x73cc0da833a0>
275,JO,!Trade Rule,trade_rule,NUMERIC,arithmetic,,-2,=(-1)*JN2
276,JP,Trend Cross Over,trend_cross_over,NUMERIC,array_formula,,0,<openpyxl.worksheet.formula.ArrayFormula object at 0x73cc0da834c0>
277,JQ,Trend-Rule,trend_rule,NUMERIC,array_formula,,1,<openpyxl.worksheet.formula.ArrayFormula object at 0x73cc0da83520>
278,JR,!Trend Rule,trend_rule,NUMERIC,arithmetic,,-1,=(-1)*JQ2
279,JS,Trend Trade Dep Rule,trend_trade_dep_rule,NUMERIC,conditional,,2,"=IF(AE2<=AF2,JQ2,JN2)"
280,JT,TrTn Relation,trtn_relation,NUMERIC,conditional,,-1,"=IF(AE2<=AF2,1,-1)"
281,JU,!TrTn Relation,trtn_relation,NUMERIC,arithmetic,,1,=(-1)*JT2
282,JV,Trade Trend SD Rule,trade_trend_sd_rule,NUMERIC,array_formula,,-1,<openpyxl.worksheet.formula.ArrayFormula object at 0x73cc0da83880>
283,JW,BRR% Rule,brr_rule,NUMERIC,array_formula,,1,<openpyxl.worksheet.formula.ArrayFormula object at 0x73cc0da838e0>
284,JX,BRR% LRR,brr_lrr,NUMERIC,array_formula,,1,<openpyxl.worksheet.formula.ArrayFormula object at 0x73cc0da83940>
285,JY,BRR% R2,brr_r2,NUMERIC,array_formula,,1,<openpyxl.worksheet.formula.ArrayFormula object at 0x73cc0da839a0>
286,JZ,BRR% LRR2,brr_lrr2,NUMERIC,array_formula,,1,<openpyxl.worksheet.formula.ArrayFormula object at 0x73cc0da83a00>
287,KA,BRR% TRR,brr_trr,NUMERIC,array_formula,,3,<openpyxl.worksheet.formula.ArrayFormula object at 0x73cc0da83a60>
288,KB,BRR% Puts,brr_puts,NUMERIC,array_formula,,-3,<openpyxl.worksheet.formula.ArrayFormula object at 0x73cc0da83ac0>
289,KC,BRR% TRR Puts,brr_trr_puts,NUMERIC,array_formula,,-3,<openpyxl.worksheet.formula.ArrayFormula object at 0x73cc0da83b20>
290,KD,BRR% Dir,brr_dir,NUMERIC,array_formula,,1,<openpyxl.worksheet.formula.ArrayFormula object at 0x73cc0da83b80>
291,KE,High TRR,high_trr,NUMERIC,array_formula,,1,<openpyxl.worksheet.formula.ArrayFormula object at 0x73cc0da83be0>
292,KF,Low LRR,low_lrr,NUMERIC,array_formula,,1,<openpyxl.worksheet.formula.ArrayFormula object at 0x73cc0da83c40>
293,KG,Trend below TRR,trend_below_trr,NUMERIC,conditional,,-1,"=IF(EQ2<0,-1,0)"
294,KH,LRR above Trade,lrr_above_trade,NUMERIC,conditional,,0,"=IF(ER2>0,1,0)"
295,KI,TRR_Idx,trr_idx,NUMERIC,array_formula,,1,<openpyxl.worksheet.formula.ArrayFormula object at 0x73cc0da83e20>
296,KJ,MRR_Idx,mrr_idx,NUMERIC,array_formula,,1,<openpyxl.worksheet.formula.ArrayFormula object at 0x73cc0da83e80>
297,KK,LRR_Idx,lrr_idx,NUMERIC,array_formula,,1,<openpyxl.worksheet.formula.ArrayFormula object at 0x73cc0da83ee0>
298,KL,HVAbsolute,hvabsolute,NUMERIC,array_formula,,1,<openpyxl.worksheet.formula.ArrayFormula object at 0x73cc0da83f40>
299,KM,IVAbsolute,ivabsolute,NUMERIC,array_formula,,1,<openpyxl.worksheet.formula.ArrayFormula object at 0x73cc0da83fa0>
300,KN,IVPercentile,ivpercentile,NUMERIC,array_formula,,1,<openpyxl.worksheet.formula.ArrayFormula object at 0x73cc0dab0040>
301,KO,IVPercentile Puts,ivpercentile_puts,NUMERIC,array_formula,,-3,<openpyxl.worksheet.formula.ArrayFormula object at 0x73cc0dab00a0>
302,KP,HVPercentile,hvpercentile,NUMERIC,array_formula,,1,<openpyxl.worksheet.formula.ArrayFormula object at 0x73cc0dab0100>
303,KQ,HVPercentile Puts,hvpercentile_puts,NUMERIC,array_formula,,-2,<openpyxl.worksheet.formula.ArrayFormula object at 0x73cc0dab0160>
304,KR,IVHV,ivhv,NUMERIC,array_formula,,1,<openpyxl.worksheet.formula.ArrayFormula object at 0x73cc0dab01c0>
305,KS,IVHV Puts,ivhv_puts,NUMERIC,array_formula,,-3,<openpyxl.worksheet.formula.ArrayFormula object at 0x73cc0dab0220>
306,KT,IVRule,ivrule,NUMERIC,array_formula,,1,<openpyxl.worksheet.formula.ArrayFormula object at 0x73cc0dab0280>
307,KU,RSI Rule,rsi_rule,NUMERIC,array_formula,,2,<openpyxl.worksheet.formula.ArrayFormula object at 0x73cc0dab02e0>
308,KV,RSI Top,rsi_top,NUMERIC,array_formula,,2,<openpyxl.worksheet.formula.ArrayFormula object at 0x73cc0dab0340>
309,KW,RSI Puts,rsi_puts,NUMERIC,array_formula,,-2,<openpyxl.worksheet.formula.ArrayFormula object at 0x73cc0dab03a0>
310,KX,3m-Low-Rule,c_3m_low_rule,NUMERIC,array_formula,,3,<openpyxl.worksheet.formula.ArrayFormula object at 0x73cc0dab0400>
311,KY,3m-Low-Days Rule,c_3m_low_days_rule,NUMERIC,array_formula,,3,<openpyxl.worksheet.formula.ArrayFormula object at 0x73cc0dab0460>
312,KZ,3mn-High-Rule,c_3mn_high_rule,NUMERIC,array_formula,,-3,<openpyxl.worksheet.formula.ArrayFormula object at 0x73cc0dab04c0>
313,LA,3mn-High-Days Rule,c_3mn_high_days_rule,NUMERIC,array_formula,,1,<openpyxl.worksheet.formula.ArrayFormula object at 0x73cc0dab0520>
314,LB,3m-Long,c_3m_long,NUMERIC,array_formula,,2,<openpyxl.worksheet.formula.ArrayFormula object at 0x73cc0dab0580>
315,LC,Perf3mn SD Rule,perf3mn_sd_rule,NUMERIC,array_formula,,1,<openpyxl.worksheet.formula.ArrayFormula object at 0x73cc0dab05e0>
316,LD,Perf2M SD Rule,perf2m_sd_rule,NUMERIC,array_formula,,2,<openpyxl.worksheet.formula.ArrayFormula object at 0x73cc0dab0640>
317,LE,Perf3WK SD Rule,perf3wk_sd_rule,NUMERIC,array_formula,,3,<openpyxl.worksheet.formula.ArrayFormula object at 0x73cc0dab06a0>
318,LF,Perf2WK SD Rule,perf2wk_sd_rule,NUMERIC,array_formula,,2,<openpyxl.worksheet.formula.ArrayFormula object at 0x73cc0dab0700>
319,LG,Perf3D SD Rule,perf3d_sd_rule,NUMERIC,array_formula,,2,<openpyxl.worksheet.formula.ArrayFormula object at 0x73cc0dab0760>
320,LH,Perf1D SD Rule,perf1d_sd_rule,NUMERIC,array_formula,,2,<openpyxl.worksheet.formula.ArrayFormula object at 0x73cc0dab07c0>
321,LI,!Perf1D_sd,perf1d_sd,NUMERIC,arithmetic,,-2,=(-1)*LH2
322,LJ,Perf3D_sd_1off,perf3d_sd_1off,NUMERIC,array_formula,,3,<openpyxl.worksheet.formula.ArrayFormula object at 0x73cc0dab08e0>
323,LK,Perf SD Rule,perf_sd_rule,NUMERIC,array_formula,,1,<openpyxl.worksheet.formula.ArrayFormula object at 0x73cc0dab0940>
324,LL,!Perf SD Rule,perf_sd_rule,NUMERIC,arithmetic,,-1,=(-1)*LK2
325,LM,!Perf3D Rule,perf3d_rule,NUMERIC,arithmetic,,-2,=(-1)*LG2
326,LN,BBHighLow_SD Rule,bbhighlow_sd_rule,NUMERIC,array_formula,,-1,<openpyxl.worksheet.formula.ArrayFormula object at 0x73cc0dab0b20>
327,LO,BBHighLow Days Rule,bbhighlow_days_rule,NUMERIC,array_formula,,1,<openpyxl.worksheet.formula.ArrayFormula object at 0x73cc0dab0b80>
328,LP,BBStreak Rule,bbstreak_rule,NUMERIC,array_formula,,3,<openpyxl.worksheet.formula.ArrayFormula object at 0x73cc0dab0be0>
329,LQ,BBStreakRule1,bbstreakrule1,NUMERIC,array_formula,,1,<openpyxl.worksheet.formula.ArrayFormula object at 0x73cc0dab0c40>
330,LR,BBStreak Rule2,bbstreak_rule2,NUMERIC,array_formula,,-3,<openpyxl.worksheet.formula.ArrayFormula object at 0x73cc0dab0ca0>
331,LS,BBStreak Days Rule,bbstreak_days_rule,NUMERIC,array_formula,,3,<openpyxl.worksheet.formula.ArrayFormula object at 0x73cc0dab0d00>
332,LT,BBStreak Days Rule2,bbstreak_days_rule2,NUMERIC,array_formula,,1,<openpyxl.worksheet.formula.ArrayFormula object at 0x73cc0dab0d60>
333,LU,BBStreak Days Rule3,bbstreak_days_rule3,NUMERIC,array_formula,,3,<openpyxl.worksheet.formula.ArrayFormula object at 0x73cc0dab0dc0>
334,LV,BBStreak Days Rule4,bbstreak_days_rule4,NUMERIC,array_formula,,1,<openpyxl.worksheet.formula.ArrayFormula object at 0x73cc0dab0e20>
335,LW,BB Bull Rule,bb_bull_rule,NUMERIC,array_formula,,3,<openpyxl.worksheet.formula.ArrayFormula object at 0x73cc0dab0e80>
336,LX,BB Bull Puts,bb_bull_puts,NUMERIC,arithmetic,,-3,=(-1)*LW2
337,LY,BBHighDays,bbhighdays,NUMERIC,array_formula,,1,<openpyxl.worksheet.formula.ArrayFormula object at 0x73cc0dab0fa0>
338,LZ,BBLowDays,bblowdays,NUMERIC,array_formula,,3,<openpyxl.worksheet.formula.ArrayFormula object at 0x73cc0dab1000>
339,MA,MACD Rule,macd_rule,NUMERIC,array_formula,,3,<openpyxl.worksheet.formula.ArrayFormula object at 0x73cc0dab1060>
340,MB,MACDH Rule,macdh_rule,NUMERIC,array_formula,,2,<openpyxl.worksheet.formula.ArrayFormula object at 0x73cc0dab10c0>
341,MC,MACD and H Rule,macd_and_h_rule,NUMERIC,arithmetic,,2,=INT((MA2+MB2)/2)
342,MD,MACD_BRR Puts,macd_brr_puts,NUMERIC,array_formula,,-3,<openpyxl.worksheet.formula.ArrayFormula object at 0x73cc0dab11e0>
343,ME,MACDH_BRR Puts,macdh_brr_puts,NUMERIC,array_formula,,-2,<openpyxl.worksheet.formula.ArrayFormula object at 0x73cc0dab1240>
344,MF,MACD and H Rule Puts,macd_and_h_rule_puts,NUMERIC,arithmetic,,-3,=INT((MD2+ME2)/2)
345,MG,MACDH Days,macdh_days,NUMERIC,array_formula,,1,<openpyxl.worksheet.formula.ArrayFormula object at 0x73cc0dab1360>
346,MH,MACDH Days2,macdh_days2,NUMERIC,array_formula,,3,<openpyxl.worksheet.formula.ArrayFormula object at 0x73cc0dab13c0>
347,MI,Overbought,overbought,NUMERIC,array_formula,,0,<openpyxl.worksheet.formula.ArrayFormula object at 0x73cc0dab1420>
348,MJ,!Overbought,overbought,NUMERIC,arithmetic,,0,=(-1)*MI2
349,MK,3mn Outlook,c_3mn_outlook,NUMERIC,array_formula,,2,<openpyxl.worksheet.formula.ArrayFormula object at 0x73cc0dab1540>
350,ML,3mn Outlook Days,c_3mn_outlook_days,NUMERIC,array_formula,,3,<openpyxl.worksheet.formula.ArrayFormula object at 0x73cc0dab15a0>
351,MM,3wk Outlook,c_3wk_outlook,NUMERIC,array_formula,,3,<openpyxl.worksheet.formula.ArrayFormula object at 0x73cc0dab1600>
352,MN,3wk Outlook Days,c_3wk_outlook_days,NUMERIC,array_formula,,3,<openpyxl.worksheet.formula.ArrayFormula object at 0x73cc0dab1660>
353,MO,!3wk ol,c_3wk_ol,NUMERIC,arithmetic,,-3,=(-1)*MM2
354,MP,!3wk ol days,c_3wk_ol_days,NUMERIC,arithmetic,,-3,=(-1)*MN2
355,MQ,BULL,bull,NUMERIC,array_formula,,0,<openpyxl.worksheet.formula.ArrayFormula object at 0x73cc0dab1840>
356,MR,!BULL,bull,NUMERIC,arithmetic,,0,=(-1)*MQ2
357,MS,PerfOrBull,perforbull,NUMERIC,array_formula,,0,<openpyxl.worksheet.formula.ArrayFormula object at 0x73cc0dab1960>
358,MT,!PerfOrBull,perforbull,NUMERIC,arithmetic,,0,=(-1)*MS2
359,MU,50-DMA-Rule,c_50_dma_rule,NUMERIC,array_formula,,2,<openpyxl.worksheet.formula.ArrayFormula object at 0x73cc0dab1a80>
360,MV,50-DMA-Crossover,c_50_dma_crossover,NUMERIC,array_formula,,0,<openpyxl.worksheet.formula.ArrayFormula object at 0x73cc0dab1ae0>
361,MW,200-DMA-Rule,c_200_dma_rule,NUMERIC,array_formula,,2,<openpyxl.worksheet.formula.ArrayFormula object at 0x73cc0dab1b40>
362,MX,200-DMA-Crossover,c_200_dma_crossover,NUMERIC,array_formula,,0,<openpyxl.worksheet.formula.ArrayFormula object at 0x73cc0dab1ba0>
363,MY,52-Wk Low Rule,c_52_wk_low_rule,NUMERIC,array_formula,,3,<openpyxl.worksheet.formula.ArrayFormula object at 0x73cc0dab1c00>
364,MZ,52-Wk High Rule,c_52_wk_high_rule,NUMERIC,array_formula,,-1,<openpyxl.worksheet.formula.ArrayFormula object at 0x73cc0dab1c60>
365,NA,BRRTrade,brrtrade,NUMERIC,conditional,,0,"=IF(ABS(DX2-AF2)<=AC2*0.5,1,0)"
366,NB,TRRTrade,trrtrade,NUMERIC,conditional,,0,"=IF(ABS(DY2-AF2)<=AC2*0.5,-1,0)"
367,NC,Up Resistance,up_resistance,NUMERIC,conditional,,0,"=IF(AND((EH2+0.05*AC2)>CG2,D2<CG2),-0.5,0)+IF(AND((EH2+0.05*AC2)>CH2,D2<CH2),-0.5,0)"
368,ND,Down Resistance,down_resistance,NUMERIC,conditional,,0.5,"=IF(AND((EI2+0.05*AC2)<BA2,D2>BA2),1,0)+IF(AND((EI2+0.05*AC2)>CG2,D2>CG2),0.5,0)+IF(AND((EI2+0.05*AC2)<CH2,D2>CH2),0.5,0)"
369,NE,Earnings,earnings,NUMERIC,array_formula,,1,<openpyxl.worksheet.formula.ArrayFormula object at 0x73cc0dab1fc0>
370,NF,VS Price,vs_price,NUMERIC,array_formula,,-1,<openpyxl.worksheet.formula.ArrayFormula object at 0x73cc0dab2020>
371,NG,VS Volume Spike,vs_volume_spike,NUMERIC,array_formula,,2,<openpyxl.worksheet.formula.ArrayFormula object at 0x73cc0dab2080>
372,NH,VS Volatility,vs_volatility,NUMERIC,array_formula,,2,<openpyxl.worksheet.formula.ArrayFormula object at 0x73cc0dab20e0>
373,NI,VS Days,vs_days,NUMERIC,array_formula,,1,<openpyxl.worksheet.formula.ArrayFormula object at 0x73cc0dab2140>
374,NJ,VS LT Outlook Rule,vs_lt_outlook_rule,NUMERIC,array_formula,,0,<openpyxl.worksheet.formula.ArrayFormula object at 0x73cc0dab21a0>
375,NK,Current Price SD Rule,current_price_sd_rule,NUMERIC,array_formula,,2,<openpyxl.worksheet.formula.ArrayFormula object at 0x73cc0dab2200>
376,NL,Current Volume Rule,current_volume_rule,NUMERIC,array_formula,,1,<openpyxl.worksheet.formula.ArrayFormula object at 0x73cc0dab2260>
377,NM,Current Volatility Rule,current_volatility_rule,NUMERIC,array_formula,,2,<openpyxl.worksheet.formula.ArrayFormula object at 0x73cc0dab22c0>
378,NN,Short Term Oulook (If LT Bullish),short_term_oulook_if_lt_bullish,NUMERIC,array_formula,,0,<openpyxl.worksheet.formula.ArrayFormula object at 0x73cc0dab2320>
379,NO,Short Term Oulook (If LT Bearish),short_term_oulook_if_lt_bearish,NUMERIC,array_formula,,0,<openpyxl.worksheet.formula.ArrayFormula object at 0x73cc0dab2380>
380,NP,End,end,TEXT,static_input,,,
381,NQ,899-SA-Trend-Breaks,c_899_sa_trend_breaks,NUMERIC,array_formula,,40,<openpyxl.worksheet.formula.ArrayFormula object at 0x73cc0dab23e0>
382,NR,898-SA-Streak-VeryBad,c_898_sa_streak_verybad,NUMERIC,array_formula,,50,<openpyxl.worksheet.formula.ArrayFormula object at 0x73cc0dab2440>
383,NS,897-SW-Vlm-Spike-Price-Dn,c_897_sw_vlm_spike_price_dn,NUMERIC,array_formula,,10,<openpyxl.worksheet.formula.ArrayFormula object at 0x73cc0dab24a0>
384,NT,896-SA-TRbelowTN-Trade-Breaks,c_896_sa_trbelowtn_trade_breaks,NUMERIC,array_formula,,30,<openpyxl.worksheet.formula.ArrayFormula object at 0x73cc0dab2500>
385,NU,895-SA-!TN!TD!Bull-TRR-Rev,c_895_sa_tn_td_bull_trr_rev,NUMERIC,array_formula,,40,<openpyxl.worksheet.formula.ArrayFormula object at 0x73cc0dab2560>
386,NV,894-SA-!Bull-TN-TRR,c_894_sa_bull_tn_trr,NUMERIC,array_formula,,10,<openpyxl.worksheet.formula.ArrayFormula object at 0x73cc0dab25c0>
387,NW,893-SA-TRR-blw-TN,c_893_sa_trr_blw_tn,NUMERIC,array_formula,,20,<openpyxl.worksheet.formula.ArrayFormula object at 0x73cc0dab2620>
388,NX,889-STM-OverBought,c_889_stm_overbought,NUMERIC,array_formula,,30,<openpyxl.worksheet.formula.ArrayFormula object at 0x73cc0dab2680>
389,NY,888-STM-!Bull-BBTh-Crossover-RSI-IVHV,c_888_stm_bull_bbth_crossover_rsi_ivhv,NUMERIC,array_formula,,30,<openpyxl.worksheet.formula.ArrayFormula object at 0x73cc0dab26e0>
390,NZ,887-STM-!Bull--BBTh-Crossover-RSI-IV,c_887_stm_bull_bbth_crossover_rsi_iv,NUMERIC,array_formula,,30,<openpyxl.worksheet.formula.ArrayFormula object at 0x73cc0dab2740>
391,OA,859-SS-Bull-BBTh-Crossover-RSI-IVHV,c_859_ss_bull_bbth_crossover_rsi_ivhv,NUMERIC,array_formula,,40,<openpyxl.worksheet.formula.ArrayFormula object at 0x73cc0dab27a0>
392,OB,858-SS-Bull-BBTh-Crossover-RSI-IV,c_858_ss_bull_bbth_crossover_rsi_iv,NUMERIC,array_formula,,40,<openpyxl.worksheet.formula.ArrayFormula object at 0x73cc0dab2800>
393,OC,857-SS-BBTh-Crossover-RSIOnly,c_857_ss_bbth_crossover_rsionly,NUMERIC,array_formula,,20,<openpyxl.worksheet.formula.ArrayFormula object at 0x73cc0dab2860>
394,OD,798-STM-!Bull-TRR-Rev,c_798_stm_bull_trr_rev,NUMERIC,array_formula,,40,<openpyxl.worksheet.formula.ArrayFormula object at 0x73cc0dab28c0>
395,OE,796-SW-!Bull-BBTh-Crossover,c_796_sw_bull_bbth_crossover,NUMERIC,array_formula,,20,<openpyxl.worksheet.formula.ArrayFormula object at 0x73cc0dab2920>
396,OF,793-STM-!TD!Bull-TRR-Rev,c_793_stm_td_bull_trr_rev,NUMERIC,array_formula,,30,<openpyxl.worksheet.formula.ArrayFormula object at 0x73cc0dab2980>
397,OG,792-STM-Bull-TN-TD-TRR-RSI-IV,c_792_stm_bull_tn_td_trr_rsi_iv,NUMERIC,array_formula,,20,<openpyxl.worksheet.formula.ArrayFormula object at 0x73cc0dab29e0>
398,OH,791-STM-!Bull-HighAbvTRR,c_791_stm_bull_highabvtrr,NUMERIC,array_formula,,0,<openpyxl.worksheet.formula.ArrayFormula object at 0x73cc0dab2a40>
399,OI,789-SS-!Bull-OverBought,c_789_ss_bull_overbought,NUMERIC,array_formula,,20,<openpyxl.worksheet.formula.ArrayFormula object at 0x73cc0dab2aa0>
400,OJ,788-SS-!Bull-TN-TD-TRR,c_788_ss_bull_tn_td_trr,NUMERIC,array_formula,,0,<openpyxl.worksheet.formula.ArrayFormula object at 0x73cc0dab2b00>
401,OK,787-SS-Bull-TRR-Rev,c_787_ss_bull_trr_rev,NUMERIC,array_formula,,50,<openpyxl.worksheet.formula.ArrayFormula object at 0x73cc0dab2b60>
402,OL,786-SS-Bull-OverBought,c_786_ss_bull_overbought,NUMERIC,array_formula,,40,<openpyxl.worksheet.formula.ArrayFormula object at 0x73cc0dab2bc0>
403,OM,785-SS-Trade-Breaks,c_785_ss_trade_breaks,NUMERIC,array_formula,,50,<openpyxl.worksheet.formula.ArrayFormula object at 0x73cc0dab2c20>
404,ON,784-SS-Streak-GoingBad,c_784_ss_streak_goingbad,NUMERIC,array_formula,,50,<openpyxl.worksheet.formula.ArrayFormula object at 0x73cc0dab2c80>
405,OO,783-SW-Vol-Spke-Price-Dn-Past,c_783_sw_vol_spke_price_dn_past,NUMERIC,array_formula,,10,<openpyxl.worksheet.formula.ArrayFormula object at 0x73cc0dab2ce0>
406,OP,782-SS-3mnHigh,c_782_ss_3mnhigh,NUMERIC,array_formula,,10,<openpyxl.worksheet.formula.ArrayFormula object at 0x73cc0dab2d40>
407,OQ,781-SS-TRR-CloseToTrade,c_781_ss_trr_closetotrade,NUMERIC,array_formula,,10,<openpyxl.worksheet.formula.ArrayFormula object at 0x73cc0dab2da0>
408,OR,699-SW-Resistance,c_699_sw_resistance,NUMERIC,array_formula,,10,<openpyxl.worksheet.formula.ArrayFormula object at 0x73cc0dab2e00>
409,OS,698-SS-Bull-HighAbvTRR,c_698_ss_bull_highabvtrr,NUMERIC,array_formula,,10,<openpyxl.worksheet.formula.ArrayFormula object at 0x73cc0dab2e60>
410,OT,697-STM-Earnings-Date,c_697_stm_earnings_date,NUMERIC,array_formula,,10,<openpyxl.worksheet.formula.ArrayFormula object at 0x73cc0dab2ec0>
411,OU,449-B-TN-TD-LRR-UP-MACD,c_449_b_tn_td_lrr_up_macd,NUMERIC,array_formula,,31,<openpyxl.worksheet.formula.ArrayFormula object at 0x73cc0dab2f20>
412,OV,448-BS-TN-TD-LRR,c_448_bs_tn_td_lrr,NUMERIC,array_formula,,30,<openpyxl.worksheet.formula.ArrayFormula object at 0x73cc0dab2f80>
413,OW,399-B-TN-TD-LRR-UP-MACD,c_399_b_tn_td_lrr_up_macd,NUMERIC,array_formula,,31,<openpyxl.worksheet.formula.ArrayFormula object at 0x73cc0dab2fe0>
414,OX,398-B-TN-TD-LRR-UP-DAY,c_398_b_tn_td_lrr_up_day,NUMERIC,array_formula,,21,<openpyxl.worksheet.formula.ArrayFormula object at 0x73cc0dab3040>
415,OY,397-B-TN-TD-LRR,c_397_b_tn_td_lrr,NUMERIC,array_formula,,31,<openpyxl.worksheet.formula.ArrayFormula object at 0x73cc0dab30a0>
416,OZ,396-BS-LRR-CloseToTrade,c_396_bs_lrr_closetotrade,NUMERIC,array_formula,,30,<openpyxl.worksheet.formula.ArrayFormula object at 0x73cc0dab3100>
417,PA,395-BS-TN-TD-LRR,c_395_bs_tn_td_lrr,NUMERIC,array_formula,,20,<openpyxl.worksheet.formula.ArrayFormula object at 0x73cc0dab3160>
418,PB,394-BS-TN-LRR,c_394_bs_tn_lrr,NUMERIC,array_formula,,30,<openpyxl.worksheet.formula.ArrayFormula object at 0x73cc0dab31c0>
419,PC,299-BS-BB-Streak-HiHi-TN-TD,c_299_bs_bb_streak_hihi_tn_td,NUMERIC,array_formula,,11,<openpyxl.worksheet.formula.ArrayFormula object at 0x73cc0dab3220>
420,PD,298-BS-BB-HL-HiHi-TN-TD,c_298_bs_bb_hl_hihi_tn_td,NUMERIC,array_formula,,31,<openpyxl.worksheet.formula.ArrayFormula object at 0x73cc0dab3280>
421,PE,279-BS-BB-Streak-HiHi,c_279_bs_bb_streak_hihi,NUMERIC,array_formula,,1,<openpyxl.worksheet.formula.ArrayFormula object at 0x73cc0dab32e0>
422,PF,278-BS-BB-HL-HiHi,c_278_bs_bb_hl_hihi,NUMERIC,array_formula,,21,<openpyxl.worksheet.formula.ArrayFormula object at 0x73cc0dab3340>
423,PG,277-BS-VS-LT,c_277_bs_vs_lt,NUMERIC,array_formula,,21,<openpyxl.worksheet.formula.ArrayFormula object at 0x73cc0dab33a0>
424,PH,269-BS-Bull,c_269_bs_bull,NUMERIC,array_formula,,41,<openpyxl.worksheet.formula.ArrayFormula object at 0x73cc0dab3400>
425,PI,268-BS-3M-HiHi,c_268_bs_3m_hihi,NUMERIC,array_formula,,11,<openpyxl.worksheet.formula.ArrayFormula object at 0x73cc0dab3460>
426,PJ,267-BS-Trade-CO,c_267_bs_trade_co,NUMERIC,array_formula,,31,<openpyxl.worksheet.formula.ArrayFormula object at 0x73cc0dab34c0>
427,PK,199-BS-TN-LRR-MACD-UP-DAY,c_199_bs_tn_lrr_macd_up_day,NUMERIC,array_formula,,41,<openpyxl.worksheet.formula.ArrayFormula object at 0x73cc0dab3520>
428,PL,198-BS-TN-LRR-UP-MACD,c_198_bs_tn_lrr_up_macd,NUMERIC,array_formula,,41,<openpyxl.worksheet.formula.ArrayFormula object at 0x73cc0dab3580>
429,PM,197-BS-TN-LRR-UP-DAY,c_197_bs_tn_lrr_up_day,NUMERIC,array_formula,,51,<openpyxl.worksheet.formula.ArrayFormula object at 0x73cc0dab35e0>
430,PN,196-BS-TN-LRR,c_196_bs_tn_lrr,NUMERIC,array_formula,,31,<openpyxl.worksheet.formula.ArrayFormula object at 0x73cc0dab3640>
431,PO,189-BR-BB-LoHi,c_189_br_bb_lohi,NUMERIC,array_formula,,61,<openpyxl.worksheet.formula.ArrayFormula object at 0x73cc0dab36a0>
432,PP,188-BR-TNabvTD-UP-MACD-DAY,c_188_br_tnabvtd_up_macd_day,NUMERIC,array_formula,,31,<openpyxl.worksheet.formula.ArrayFormula object at 0x73cc0dab3700>
433,PQ,187-BR-NoTN-NoTD-UP-MACD-DAY,c_187_br_notn_notd_up_macd_day,NUMERIC,array_formula,,51,<openpyxl.worksheet.formula.ArrayFormula object at 0x73cc0dab3760>
434,PR,186-BR-Trend-CO,c_186_br_trend_co,NUMERIC,array_formula,,32,<openpyxl.worksheet.formula.ArrayFormula object at 0x73cc0dab37c0>
435,PS,99-BS-Min,c_99_bs_min,NUMERIC,array_formula,,31,<openpyxl.worksheet.formula.ArrayFormula object at 0x73cc0dab3820>
436,PT,98-BW-TD-LRR-RSI,c_98_bw_td_lrr_rsi,NUMERIC,array_formula,,60,<openpyxl.worksheet.formula.ArrayFormula object at 0x73cc0dab3880>
437,PU,97-BW-TD-RSI-IV,c_97_bw_td_rsi_iv,NUMERIC,array_formula,,60,<openpyxl.worksheet.formula.ArrayFormula object at 0x73cc0dab38e0>
438,PV,96-BW-RSI-IVHV-Min,c_96_bw_rsi_ivhv_min,NUMERIC,array_formula,,70,<openpyxl.worksheet.formula.ArrayFormula object at 0x73cc0dab3940>
439,PW,95-BW-LowBelwLRR,c_95_bw_lowbelwlrr,NUMERIC,array_formula,,30,<openpyxl.worksheet.formula.ArrayFormula object at 0x73cc0dab39a0>
440,PX,94-BW-UP-MACD,c_94_bw_up_macd,NUMERIC,array_formula,,33,<openpyxl.worksheet.formula.ArrayFormula object at 0x73cc0dab3a00>
441,PY,93-BW-LRRabvTD,c_93_bw_lrrabvtd,NUMERIC,array_formula,,20,<openpyxl.worksheet.formula.ArrayFormula object at 0x73cc0dab3a60>
442,PZ,92-BS-RSI-MACD-Vlme-IVHV-IVBRR,c_92_bs_rsi_macd_vlme_ivhv_ivbrr,NUMERIC,array_formula,,0,<openpyxl.worksheet.formula.ArrayFormula object at 0x73cc0dab3ac0>
443,QA,92-BS-RSI-MACD-Vlme-IVHV-IVBRR,c_92_bs_rsi_macd_vlme_ivhv_ivbrr,NUMERIC,array_formula,,10,<openpyxl.worksheet.formula.ArrayFormula object at 0x73cc0dab3b20>
444,QB,92-BS-RSI-MACD-Vlme-IVHV-IVBRR,c_92_bs_rsi_macd_vlme_ivhv_ivbrr,NUMERIC,array_formula,,0,<openpyxl.worksheet.formula.ArrayFormula object at 0x73cc0dab3b80>
445,QC,52-BS-BRR,c_52_bs_brr,NUMERIC,array_formula,,10,<openpyxl.worksheet.formula.ArrayFormula object at 0x73cc0dab3be0>
446,QD,51-BS-TRADE-TREND,c_51_bs_trade_trend,NUMERIC,array_formula,,0,<openpyxl.worksheet.formula.ArrayFormula object at 0x73cc0dab3c40>
447,QE,Tn Td Rule,tn_td_rule,NUMERIC,array_formula,,4,<openpyxl.worksheet.formula.ArrayFormula object at 0x73cc0dab3ca0>
448,QF,Tn Td Rule Action,tn_td_rule_action,NUMERIC,cross_sheet_lookup,ref_param,10,"=_xlfn.XLOOKUP(QE2,Parm!$BS$26:$BS$31,Parm!$BV$26:$BV$31)"
449,QG,Tn Td Rule Desc,tn_td_rule_desc,TEXT,cross_sheet_lookup,ref_param,Bull,"=_xlfn.XLOOKUP(QE2,Parm!$BS$26:$BS$31,Parm!$BT$26:$BT$31)"
450,QH,A_BB_Bot_Slope,a_bb_bot_slope,NUMERIC,cross_sheet_lookup,drv_td,6.8,"=_xlfn.XLOOKUP($M2&$B2,TD!$D:$D,TD!$BI:$BI,"""")"
451,QI,A_BB_Top_Slope,a_bb_top_slope,NUMERIC,cross_sheet_lookup,drv_td,9.2,"=_xlfn.XLOOKUP($M2&$B2,TD!$D:$D,TD!$BH:$BH,"""")"
452,QJ,BBRngStrkRule,bbrngstrkrule,NUMERIC,array_formula,,4,<openpyxl.worksheet.formula.ArrayFormula object at 0x73cc0dab3d00>
453,QK,BBRngStrkRule Action,bbrngstrkrule_action,NUMERIC,cross_sheet_lookup,ref_param,10,"=_xlfn.XLOOKUP(QJ2,Parm!$BS$51:$BS$59,Parm!$BV$51:$BV$59,"""")"
454,QL,BBRngStrkRule Desc,bbrngstrkrule_desc,TEXT,cross_sheet_lookup,ref_param,Bull,"=_xlfn.XLOOKUP(QJ2,Parm!$BS$51:$BS$59,Parm!$BT$51:$BT$59,"""")"
455,QM,BullRiskRng-Action,bullriskrng_action,TEXT,array_formula,,,<openpyxl.worksheet.formula.ArrayFormula object at 0x73cc0dab3d60>
456,QN,!BullRiskRng-Action,bullriskrng_action,NUMERIC,array_formula,,-1,<openpyxl.worksheet.formula.ArrayFormula object at 0x73cc0dab3dc0>
457,QO,RiskRng Longs Action,riskrng_longs_action,TEXT,cross_sheet_lookup,ref_param,,"=IF(QJ2>=2,_xlfn.XLOOKUP(QM2,Parm!$BS$34:$BS$40,Parm!$BV$34:$BV$40,""""),IF(QJ2>=0,_xlfn.XLOOKUP(QN2,Parm!$BS$43:$BS$48,Parm!$BV$43:$BV$48,""""),""""))"
458,QP,RRBullBear,rrbullbear,TEXT,cross_sheet_simple,,,"=IF(QQ2="""","""",IF(QJ2>=2,""B"",IF(QJ2>=0,""!B"","""")))"
459,QQ,RRDesc,rrdesc,TEXT,cross_sheet_lookup,ref_param,,"=IF(QJ2>=2,_xlfn.XLOOKUP(QM2,Parm!$BS$34:$BS$40,Parm!$BT$34:$BT$40,""""),IF(QJ2>=0,_xlfn.XLOOKUP(QN2,Parm!$BS$43:$BS$48,Parm!$BT$43:$BT$48,""""),""""))"
460,QR,Td Tn BB Risk Range Rule Action,td_tn_bb_risk_range_rule_action,TEXT,array_formula,,,<openpyxl.worksheet.formula.ArrayFormula object at 0x73cc0dab3ee0>
461,QS,Td Tn BB Risk Range Rule Action,td_tn_bb_risk_range_rule_action,TEXT,cross_sheet_lookup,ref_param,,"=_xlfn.XLOOKUP(QR2,Parm!$AO$2:$AO$21,Parm!$AQ$2:$AQ$21,"""")"
462,QT,Td Tn BB Risk Range Rule Action Seq,td_tn_bb_risk_range_rule_action_seq,TEXT,cross_sheet_lookup,ref_param,,"=_xlfn.XLOOKUP(QR2,Parm!$AO$2:$AO$21,Parm!$AR$2:$AR$21,"""")"
463,QU,PS Rk,ps_rk,TEXT,cross_sheet_lookup,drv_ps,,"=_xlfn.XLOOKUP(B2,ps!A:A,ps!Z:Z,"""")"
464,QV,PS Outlook,ps_outlook,TEXT,array_formula,,,<openpyxl.worksheet.formula.ArrayFormula object at 0x73cc0dab3f40>
465,QW,PSRk Chg,psrk_chg,TEXT,cross_sheet_lookup,drv_ps,,"=_xlfn.XLOOKUP(B2,ps!A:A,ps!AA:AA,"""")"
466,QX,ETF,etf,TEXT,cross_sheet_lookup,"hist_etfchg,drv_etf",,"=_xlfn.XLOOKUP(B2,etfchg!C:C,etfchg!F:F,_xlfn.XLOOKUP(U2&B2,etf!A:A,etf!G:G,""""))"
467,QY,II,ii,TEXT,cross_sheet_lookup,drv_ii,,"=_xlfn.XLOOKUP(T2&B2,II!A:A,II!E:E,"""")"
468,QZ,II Chg,ii_chg,TEXT,cross_sheet_lookup,unknown:IIchg,,"=_xlfn.XLOOKUP(B2,IIchg!C:C,IIchg!E:E,"""")"
469,RA,II Final,ii_final,TEXT,conditional,,,"=IF(QZ2<>"""",QZ2,QY2)"
470,RB,CAll,call,TEXT,cross_sheet_lookup,drv_call,,"=_xlfn.XLOOKUP(B2,call!H:H,call!I:I,"""")"
471,RC,CAll Modifier,call_modifier,TEXT,cross_sheet_lookup,drv_call,,"=_xlfn.XLOOKUP(B2,call!H:H,call!J:J,"""")"
472,RD,RR,rr,TEXT,cross_sheet_lookup,hist_rr,,"=_xlfn.XLOOKUP(B2,RR!F:F,RR!J:J,"""")"
473,RE,Sg Rk,sg_rk,TEXT,cross_sheet_lookup,drv_ssl,,"=_xlfn.XLOOKUP(B2,ssL!C:C,ssL!D:D,"""")"
474,RF,KM,km,TEXT,cross_sheet_lookup,drv_ssl,,"=_xlfn.XLOOKUP(B2,ssL!C:C,ssL!E:E,"""")"
475,RG,SgRk Chg,sgrk_chg,TEXT,cross_sheet_lookup,drv_sss,,"=_xlfn.XLOOKUP(B2,sss!B:B,sss!Q:Q,"""")"
476,RH,Sg Strength,sg_strength,TEXT,cross_sheet_lookup,drv_ssl,,"=_xlfn.XLOOKUP(B2,ssL!C:C,ssL!F:F,"""")"
477,RI,SgS Chg,sgs_chg,TEXT,cross_sheet_lookup,drv_sss,,"=_xlfn.XLOOKUP(B2,sss!B:B,sss!U:U,"""")"
478,RJ,Sig OL,sig_ol,TEXT,array_formula,,,<openpyxl.worksheet.formula.ArrayFormula object at 0x73cc0dacc0a0>
479,RK,Sig Rating,sig_rating,NUMERIC,conditional,,0,"=_xlfn.NUMBERVALUE(IF(AND(_xlfn.NUMBERVALUE(RA2)=0,_xlfn.NUMBERVALUE(RB2)=0,_xlfn.NUMBERVALUE(RD2)=0,_xlfn.NUMBERVALUE(QX2)=0,_xlfn.NUMBERVALUE(QU2)=0,_xlfn.NUMBERVALUE(RE2)=0),""0"",IF(OR(_xlfn.NUMBERV"
480,RL,HE Outlook,he_outlook,TEXT,array_formula,,,<openpyxl.worksheet.formula.ArrayFormula object at 0x73cc0dacc1c0>
481,RM,SSS Entry,sss_entry,TEXT,cross_sheet_lookup,drv_sss,,"=_xlfn.XLOOKUP(B2,sss!V:V,sss!X:X,"""")"
482,RN,PS Date,ps_date,TEXT,cross_sheet_lookup,drv_ps,,"=_xlfn.XLOOKUP(B2,ps!AB:AB,ps!AG:AG,"""")"
483,RO,ETF Date,etf_date,TEXT,cross_sheet_lookup,"hist_etfchg,drv_etf",,"=_xlfn.XLOOKUP(B2,etfchg!C:C,etfchg!E:E,_xlfn.XLOOKUP(B2,etf!I:I,etf!N:N,""""))"
484,RP,II Date,ii_date,TEXT,cross_sheet_lookup,drv_ii,,"=_xlfn.XLOOKUP(B2,II!G:G,II!L:L,"""")"
485,RQ,CAll Date,call_date,TEXT,cross_sheet_lookup,drv_call,,"=_xlfn.XLOOKUP(B2,call!H:H,call!C:C,"""")"
486,RR,RR Date,rr_date,TEXT,cross_sheet_lookup,hist_rr,,"=_xlfn.XLOOKUP(B2,RR!F:F,RR!D:D,"""")"
487,RS,PS Entry,ps_entry,TEXT,cross_sheet_lookup,drv_ps,,"=_xlfn.XLOOKUP(B2,ps!AB:AB,ps!AD:AD,"""")"
488,RT,ETF Entry,etf_entry,TEXT,cross_sheet_lookup,"hist_etfchg,drv_etf",,"=_xlfn.XLOOKUP(B2,etfchg!C:C,etfchg!D:D,_xlfn.XLOOKUP(B2,etf!I:I,etf!K:K,""""))"
489,RU,II Entry,ii_entry,TEXT,cross_sheet_lookup,drv_ii,,"=_xlfn.XLOOKUP(B2,II!G:G,II!I:I,"""")"
490,RV,CAll Entry,call_entry,TEXT,cross_sheet_lookup,drv_call,,"=_xlfn.XLOOKUP(B2,call!H:H,call!L:L,"""")"
491,RW,RR Entry,rr_entry,TEXT,cross_sheet_lookup,hist_rr,,"=_xlfn.XLOOKUP(B2,RR!F:F,RR!O:O,"""")"
492,RX,HE Entry,he_entry,TEXT,lookup_local,,,"=_xlfn.SINGLE(_xlfn.IFNA(_xlfn.XLOOKUP(MAX(RN2:RR2), RN2:RR2, RS2:RW2),""""))"
493,RY,SSS Date,sss_date,TEXT,cross_sheet_lookup,drv_sss,,"=_xlfn.XLOOKUP(B2,sss!V:V,sss!AA:AA,"""")"
494,RZ,SS Entry Only,ss_entry_only,TEXT,conditional,,,"=IF(RX2="""",RM2,"""")"
495,SA,HE Entry,he_entry,TEXT,conditional,,,"=IF(RZ2="""",RX2,IF(_xlfn.NUMBERVALUE(RX2)<>0,MIN(RX2,RZ2),RZ2))"
496,SB,PS Cont,ps_cont,TEXT,cross_sheet_lookup,drv_ps,,"=_xlfn.XLOOKUP(B2,ps!AB:AB,ps!AF:AF,"""")"
497,SC,ETF Cont,etf_cont,TEXT,cross_sheet_lookup,"hist_etfchg,drv_etf",,"=_xlfn.XLOOKUP(B2,etfchg!C:C,etfchg!D:D,_xlfn.XLOOKUP(B2,etf!I:I,etf!M:M,""""))"
498,SD,II Cont,ii_cont,TEXT,cross_sheet_lookup,drv_ii,,"=_xlfn.XLOOKUP(B2,II!G:G,II!K:K,"""")"
499,SE,CAll Cont,call_cont,TEXT,cross_sheet_lookup,drv_call,,"=_xlfn.XLOOKUP(B2,call!H:H,call!N:N,"""")"
500,SF,RR Cont,rr_cont,TEXT,cross_sheet_lookup,hist_rr,,"=_xlfn.XLOOKUP(B2,RR!F:F,RR!Q:Q,"""")"
501,SG,HE Cont,he_cont,TEXT,lookup_local,,,"=_xlfn.IFNA(_xlfn.XLOOKUP(MAX(RN2:RR2), RN2:RR2, SB2:SF2),"""")"
502,SH,SS Entry Only,ss_entry_only,TEXT,conditional,,,"=IF(RX2="""","""",RM2)"
503,SI,SSS Cont,sss_cont,TEXT,cross_sheet_lookup,drv_sss,,"=_xlfn.XLOOKUP(B2,sss!V:V,sss!Z:Z,"""")"
504,SJ,Trig Matched Rule1,trig_matched_rule1,NUMERIC,array_formula,,-9,<openpyxl.worksheet.formula.ArrayFormula object at 0x73cc0dacc5e0>
505,SK,Trig M Rule2,trig_m_rule2,NUMERIC,array_formula,,-8,<openpyxl.worksheet.formula.ArrayFormula object at 0x73cc0dacc640>
506,SL,Trig M Rule3,trig_m_rule3,TEXT,array_formula,,,<openpyxl.worksheet.formula.ArrayFormula object at 0x73cc0dacc6a0>
507,SM,Trig M Rule4,trig_m_rule4,TEXT,array_formula,,,<openpyxl.worksheet.formula.ArrayFormula object at 0x73cc0dacc700>
508,SN,Trig M Rule5,trig_m_rule5,TEXT,array_formula,,,<openpyxl.worksheet.formula.ArrayFormula object at 0x73cc0dacc760>
509,SO,Trig M Rule6,trig_m_rule6,TEXT,array_formula,,,<openpyxl.worksheet.formula.ArrayFormula object at 0x73cc0dacc7c0>
510,SP,Trig M Rule7,trig_m_rule7,TEXT,array_formula,,,<openpyxl.worksheet.formula.ArrayFormula object at 0x73cc0dacc820>
511,SQ,Trig M Rule8,trig_m_rule8,TEXT,array_formula,,,<openpyxl.worksheet.formula.ArrayFormula object at 0x73cc0dacc880>
512,SR,Trig M Rule9,trig_m_rule9,TEXT,array_formula,,,<openpyxl.worksheet.formula.ArrayFormula object at 0x73cc0dacc8e0>
513,SS,Trig M Rule10,trig_m_rule10,TEXT,array_formula,,,<openpyxl.worksheet.formula.ArrayFormula object at 0x73cc0dacc940>
514,ST,Trig M Rule11,trig_m_rule11,TEXT,array_formula,,,<openpyxl.worksheet.formula.ArrayFormula object at 0x73cc0dacc9a0>
515,SU,Blanks,blanks,NUMERIC,arithmetic,,9,=COUNTBLANK(SJ2:ST2)
516,SV,Negatives,negatives,NUMERIC,conditional,,2,"=IF(SU2=11,"""",COUNTIF(SJ2:ST2,""<0""))"
517,SW,Positives,positives,NUMERIC,conditional,,0,"=IF(SU2=11,"""",COUNTIF(SJ2:ST2,"">0""))"
518,SX,Neg Rank,neg_rank,NUMERIC,conditional,,-9,"=IF(_xlfn.NUMBERVALUE(SV2)>0,MIN(SJ2:ST2),"""")"
519,SY,Pos Rank,pos_rank,TEXT,conditional,,,"=IF(_xlfn.NUMBERVALUE(SW2)>0,MAX(SJ2:ST2),"""")"
520,SZ,Trig Rule,trig_rule,NUMERIC,array_formula,,-9,<openpyxl.worksheet.formula.ArrayFormula object at 0x73cc0daccdc0>
521,TA,HE Entry,he_entry,TEXT,passthrough,,,=SA2
522,TB,HE Cont,he_cont,TEXT,passthrough,,,=SG2
523,TC,SS Entry,ss_entry,TEXT,passthrough,,,=SH2
524,TD,SS Cont,ss_cont,TEXT,passthrough,,,=SI2
525,TE,Trig,trig,NUMERIC,passthrough,,-9,=SZ2
526,TF,Blanks,blanks,NUMERIC,arithmetic,,4,=COUNTBLANK(TA2:TE2)
527,TG,Negatives,negatives,NUMERIC,conditional,,1,"=IF(TF2=5,"""",COUNTIF(TA2:TE2,""<0""))"
528,TH,Positives,positives,NUMERIC,conditional,,0,"=IF(TF2=5,"""",COUNTIF(TA2:TE2,"">0""))"
529,TI,Neg Rank,neg_rank,NUMERIC,conditional,,-9,"=IF(_xlfn.NUMBERVALUE(TG2)>0,MIN(TA2:TE2),"""")"
530,TJ,Pos Rank,pos_rank,TEXT,conditional,,,"=IF(_xlfn.NUMBERVALUE(TH2)>0,MAX(TA2:TE2),"""")"
531,TK,Entry,entry,NUMERIC,array_formula,,-9,<openpyxl.worksheet.formula.ArrayFormula object at 0x73cc0dacd5a0>
532,TL,HE Cont,he_cont,TEXT,passthrough,,,=SG2
533,TM,SS Cont,ss_cont,TEXT,passthrough,,,=SI2
534,TN,Trig,trig,NUMERIC,passthrough,,-9,=SZ2
535,TO,Blanks,blanks,NUMERIC,arithmetic,,2,=COUNTBLANK(TL2:TN2)
536,TP,Negatives,negatives,NUMERIC,conditional,,1,"=IF(TO2=3,"""",COUNTIF(TL2:TN2,""<0""))"
537,TQ,Positives,positives,NUMERIC,conditional,,0,"=IF(TO2=3,"""",COUNTIF(TL2:TN2,"">0""))"
538,TR,Neg Rank,neg_rank,NUMERIC,conditional,,-9,"=IF(_xlfn.NUMBERVALUE(TP2)>0,MIN(TL2:TN2),"""")"
539,TS,Pos Rank,pos_rank,TEXT,conditional,,,"=IF(_xlfn.NUMBERVALUE(TQ2)>0,MAX(TL2:TN2),"""")"
540,TT,Cont,cont,NUMERIC,array_formula,,-9,<openpyxl.worksheet.formula.ArrayFormula object at 0x73cc0dacdc00>
541,TU,OverAll,overall,NUMERIC,conditional,,-9,"=IF(UI2=0,TK2,TT2)"
542,TV,OverAll Group,overall_group,TEXT,static_input,,,
543,TW,Action Type,action_type,TEXT,cross_sheet_lookup,ref_param,S,"=_xlfn.XLOOKUP(TU2,Parm!$AO$2:$AO$25,Parm!$AS$2:$AS$25,"""")"
544,TX,^L1,l1,NUMERIC,array_formula,,99,<openpyxl.worksheet.formula.ArrayFormula object at 0x73cc0dacdd20>
545,TY,^L2,l2,NUMERIC,array_formula,,0,<openpyxl.worksheet.formula.ArrayFormula object at 0x73cc0dacdd80>
546,TZ,^L3,l3,NUMERIC,conditional,,791,"=IF(XG2="""",0,_xlfn.NUMBERVALUE(_xlfn.TEXTBEFORE(XG2, ""-"")))"
547,UA,#Actionable,actionable,NUMERIC,conditional,,0,"=IF(AND(TX2<=0,TY2<3),1,0)"
548,UB,Index,index,TEXT,conditional,,N,"=IF(OR(LEFT(C2,1)=""^"",ISNUMBER(FIND(""="", C2)),ISNUMBER(FIND(""-"", C2))),""Y"",""N"")"
549,UC,Neg Outlook,neg_outlook,TEXT,conditional,,,"=IF(_xlfn.NUMBERVALUE(RS2)<0,""P,"","""") & IF(_xlfn.NUMBERVALUE(RT2)<0,""E,"","""") & IF(_xlfn.NUMBERVALUE(RU2)<0,""I,"","""") & IF(_xlfn.NUMBERVALUE(RV2)<0,""C,"","""") & IF(_xlfn.NUMBERVALUE(RW2)<0,""R,"","""") & IF(_"
550,UD,Pos Outlook,pos_outlook,TEXT,conditional,,,"=IF(_xlfn.NUMBERVALUE(RS2)>0,""P,"","""") & IF(_xlfn.NUMBERVALUE(RT2)>0,""E,"","""") & IF(_xlfn.NUMBERVALUE(RU2)>0,""I,"","""") & IF(_xlfn.NUMBERVALUE(RV2)>0,""C,"","""") & IF(_xlfn.NUMBERVALUE(RW2)>0,""R,"","""") & IF(_"
551,UE,Fidelity,fidelity,NUMERIC,cross_sheet_lookup,hist_f,0,"=_xlfn.XLOOKUP(W2&C2,F!A:A,F!G:G,0)"
552,UF,CS,cs,NUMERIC,cross_sheet_lookup,hist_cs,0,"=_xlfn.XLOOKUP(X2&C2,CS!A:A,CS!G:G,0)"
553,UG,Stocks$,stocks,NUMERIC,aggregate,,0,=SUM(UE2:UF2)
554,UH,RH,rh,TEXT,static_input,,,
555,UI,Long$,long,NUMERIC,conditional,,0,"=IF(OR(UE2<>"""",UF2<>""""), UG2+IF(UH2>0,UH2,0), 0)"
556,UJ,Short$,short,NUMERIC,conditional,,0,"=IF(UH2<0,ABS(UH2),0)"
557,UK,My,my,TEXT,cross_sheet_lookup,unknown:My,,"=_xlfn.XLOOKUP(C2,My!A:A,My!B:B,"""")"
558,UL,Amt Type,amt_type,TEXT,array_formula,,Other,<openpyxl.worksheet.formula.ArrayFormula object at 0x73cc0dace3e0>
559,UM,Unit$,unit,NUMERIC,cross_sheet_lookup,ref_param,500,"=IF(UL2<>"""",_xlfn.XLOOKUP(UL2,Parm!$AF$2:$AF$24,Parm!$AK$2:$AK$24,0),0)"
560,UN,Min$,min,NUMERIC,cross_sheet_lookup,ref_param,500,"=IF(UL2<>"""",_xlfn.XLOOKUP(UL2,Parm!$AF$2:$AF$24,Parm!$AI$2:$AI$24,0),0)"
561,UO,Max$,max,NUMERIC,cross_sheet_lookup,ref_param,1000,"=IF(UL2<>"""",_xlfn.XLOOKUP(UL2,Parm!$AF$2:$AF$24,Parm!$AJ$2:$AJ$24,0),0)"
562,UP,TnTdMax$,tntdmax,NUMERIC,array_formula,,1000,<openpyxl.worksheet.formula.ArrayFormula object at 0x73cc0dace440>
563,UQ,Remaining,remaining,NUMERIC,arithmetic,,1000,=UP2-_xlfn.NUMBERVALUE(UG2)
564,UR,Final Action,final_action,TEXT,cross_sheet_lookup,ref_param,STM,"=_xlfn.XLOOKUP(TU2,Parm!$AO$1:$AO$25,Parm!$AQ$1:$AQ$25,IF(AND(TU2>=0,UQ2<0),""SO"",""""))"
565,US,Amount,amount,TEXT,array_formula,,,<openpyxl.worksheet.formula.ArrayFormula object at 0x73cc0dace560>
566,UT,Amount,amount,TEXT,conditional,,,"=IF(OR(US2="""",AND(UG2>UM2,US2<UM2,US2<UN2,US2>0,US2<1000)),"""",US2)"
567,UU,Final Action,final_action,TEXT,passthrough,,,=QS2
568,UV,Amount,amount,TEXT,array_formula,,,<openpyxl.worksheet.formula.ArrayFormula object at 0x73cc0dace740>
569,UW,Amount,amount,TEXT,conditional,,,"=IF(OR(UV2="""",AND(UG2>UM2,UV2<UM2,UV2<UN2,UV2>0,UV2<1000)),"""",UV2)"
570,UX,PVV Rule,pvv_rule,TEXT,array_formula,,,<openpyxl.worksheet.formula.ArrayFormula object at 0x73cc0dace860>
571,UY,#Tickers to include,tickers_to_include,NUMERIC,array_formula,,0,<openpyxl.worksheet.formula.ArrayFormula object at 0x73cc0dace8c0>
572,UZ,#Act,act,NUMERIC,passthrough,,0,=UA2
573,VA,#F1 Seq,f1_seq,NUMERIC,conditional,,0,"=IF(OR(AND(QR2<0,UG2=0),QT2=""""),0,QT2)"
574,VB,#Fidelity,fidelity,NUMERIC,conditional,,0,"=IF(UE2>0,1,0)"
575,VC,#CS,cs,NUMERIC,conditional,,0,"=IF(UF2>0,1,0)"
576,VD,^Sell,sell,NUMERIC,passthrough,,99,=TX2
577,VE,^Buy,buy,NUMERIC,passthrough,,0,=TY2
578,VF,OA Group,oa_group,NUMERIC,passthrough,,0,=TV2
579,VG,^L3,l3,NUMERIC,passthrough,,791,=TZ2
580,VH,My,my,TEXT,passthrough,,,=UK2
581,VI,Fidelity,fidelity,NUMERIC,passthrough,,0,=UE2
582,VJ,CS,cs,NUMERIC,passthrough,,0,=UF2
583,VK,Remaining,remaining,NUMERIC,passthrough,,1000,=UQ2
584,VL,PVV Rule,pvv_rule,TEXT,passthrough,,,=UX2
585,VM,Tn Stdv,tn_stdv,NUMERIC,passthrough,,1.9837962962962978,=AG2
586,VN,Td Stdv,td_stdv,NUMERIC,passthrough,,4.337962962962965,=AH2
587,VO,Tn Td Stdv Diff,tn_td_stdv_diff,NUMERIC,passthrough,,-2.354166666666667,=AI2
588,VP,HE Outlook,he_outlook,TEXT,passthrough,,,=RL2
589,VQ,Tr Td Outlook,tr_td_outlook,NUMERIC,passthrough,,4,=QE2
590,VR,BRR%,brr,TEXT,passthrough,,,=EE2
591,VS,Sector Ticker,sector_ticker,TEXT,cross_sheet_lookup,ref_quad_outlook,XLK,"=IF(OR(HH2<>""Equities"",HJ2=""""),"""",_xlfn.XLOOKUP(HJ2,HQuad!B:B,HQuad!C:C,""""))"
592,VT,HE OL - Sector,he_ol_sector,TEXT,lookup_local,,,"=_xlfn.XLOOKUP(VS2,B:B,VP:VP,"""")"
593,VU,Tn Td Rule,tn_td_rule,TEXT,lookup_local,,,"=_xlfn.XLOOKUP(VS2,B:B,VQ:VQ,"""")"
594,VV,BRR% - Sector,brr_sector,TEXT,lookup_local,,,"=_xlfn.XLOOKUP(VS2,B:B,VR:VR,"""")"
595,VW,Asset Class - M OL,asset_class_m_ol,NUMERIC,passthrough,,0,=IF2
596,VX,Equity Sector - M OL,equity_sector_m_ol,NUMERIC,passthrough,,3,=IG2
597,VY,M+ves - Equity Style,m_ves_equity_style,NUMERIC,passthrough,,2,=IH2
598,VZ,M-ves  - Equity Style,m_ves_equity_style,NUMERIC,passthrough,,1,=II2
599,WA,Asset Class - Q OL,asset_class_q_ol,NUMERIC,passthrough,,3,=IR2
600,WB,Equity Sector - Q OL,equity_sector_q_ol,NUMERIC,passthrough,,3,=IS2
601,WC,Q+ves - Equity Style,q_ves_equity_style,NUMERIC,passthrough,,2,=IT2
602,WD,Q-ves  - Equity Style,q_ves_equity_style,NUMERIC,passthrough,,1,=IU2
603,WE,ST_Signal Desc,st_signal_desc,TEXT,passthrough,, ,=GU2
604,WF,ST_Signal Action,st_signal_action,NUMERIC,passthrough,,0,=GW2
605,WG,D_Vlt_Caution,d_vlt_caution,TEXT,passthrough,,IVPXtrm,=FN2
606,WH,D_Vlt_RuleDesc,d_vlt_ruledesc,TEXT,passthrough,,,=FO2
607,WI,Vlm_RuleDesc,vlm_ruledesc,TEXT,passthrough,,,=GF2
608,WJ,Vlm_RuleAction,vlm_ruleaction,TEXT,passthrough,,,=GG2
609,WK,Vlm Desc,vlm_desc,TEXT,passthrough,,>avg+Accl,=GD2
610,WL,Volatility regime,volatility_regime,TEXT,passthrough,,Norm vlt,=GI2
611,WM,Tn Td Rule Desc,tn_td_rule_desc,TEXT,passthrough,,Bull,=QG2
612,WN,BBRngStrkRule Desc,bbrngstrkrule_desc,TEXT,passthrough,,Bull,=QL2
613,WO,RRBullBear,rrbullbear,TEXT,passthrough,,,=QP2
614,WP,RRDesc,rrdesc,TEXT,passthrough,,,=QQ2
615,WQ,Opposite Outlook,opposite_outlook,TEXT,conditional,,,"=IF(WW2="""","""",IF(ISNUMBER(SEARCH(""Sell"",UR2)),IF(UD2="""","""",""+"" & UD2),IF(UC2="""","""",""-"" & UC2)))"
616,WR,Outlook,outlook,TEXT,conditional,,,"=IF(WW2="""","""",IF(ISNUMBER(SEARCH(""Sell"",UR2)),IF(UC2="""","""",""-"" & UC2),IF(UD2="""","""",""+"" & UD2)))"
617,WS,Portfolio,portfolio,NUMERIC,passthrough,,0,=UI2
618,WT,Ticker,ticker,TEXT,passthrough,,ZM,=B2
619,WU,Td Tn BB Risk Range Rule Action,td_tn_bb_risk_range_rule_action,TEXT,passthrough,,,=QS2
620,WV,Amount,amount,TEXT,passthrough,,,=UW2
621,WW,Final Action,final_action,TEXT,passthrough,,STM,=UR2
622,WX,Amount,amount,TEXT,passthrough,,,=UT2
623,WY,HE Entry,he_entry,TEXT,cross_sheet_lookup,ref_param,,"=IF(TA2=0,"""",_xlfn.XLOOKUP(TA2,Parm!$AO$1:$AO$20,Parm!$AQ$1:$AQ$20,""""))"
624,WZ,HE Cont,he_cont,TEXT,cross_sheet_lookup,ref_param,,"=IF(TB2=0,"""",_xlfn.XLOOKUP(TB2,Parm!$AO$1:$AO$20,Parm!$AQ$1:$AQ$20,""""))"
625,XA,SS Entry,ss_entry,TEXT,cross_sheet_lookup,ref_param,,"=IF(TC2=0,"""",_xlfn.XLOOKUP(TC2,Parm!$AO$1:$AO$20,Parm!$AQ$1:$AQ$20,""""))"
626,XB,SS Cont,ss_cont,TEXT,cross_sheet_lookup,ref_param,,"=IF(TD2=0,"""",_xlfn.XLOOKUP(TD2,Parm!$AO$1:$AO$20,Parm!$AQ$1:$AQ$20,""""))"
627,XC,Trig,trig,TEXT,cross_sheet_lookup,ref_param,STM,"=IF(TE2=0,"""",_xlfn.XLOOKUP(TE2,Parm!$AO$1:$AO$20,Parm!$AQ$1:$AQ$20,""""))"
628,XD,Entry,entry,TEXT,cross_sheet_lookup,ref_param,STM,"=IF(TK2=0,"""",_xlfn.XLOOKUP(TK2,Parm!$AO$1:$AO$20,Parm!$AQ$1:$AQ$20,""""))"
629,XE,Cont,cont,TEXT,cross_sheet_lookup,ref_param,STM,"=IF(TT2=0,"""",_xlfn.XLOOKUP(TT2,Parm!$AO$1:$AO$20,Parm!$AQ$1:$AQ$20,""""))"
630,XF,OverAll,overall,TEXT,cross_sheet_lookup,ref_param,STM,"=IF(TU2=0,"""",_xlfn.XLOOKUP(TU2,Parm!$AO$1:$AO$20,Parm!$AQ$1:$AQ$20,""""))"
631,XG,Matched Rule1,matched_rule1,TEXT,array_formula,,791-STM-!Bull-HighAbvTRR,<openpyxl.worksheet.formula.ArrayFormula object at 0x73cc0daf8ca0>
632,XH,M Rule2,m_rule2,TEXT,arithmetic,,788-SS-!Bull-TN-TD-TRR,=
633,XI,M Rule3,m_rule3,TEXT,static_input,,,
634,XJ,M Rule4,m_rule4,TEXT,static_input,,,
635,XK,M Rule5,m_rule5,TEXT,static_input,,,
636,XL,M Rule6,m_rule6,TEXT,static_input,,,
637,XM,M Rule7,m_rule7,TEXT,static_input,,,
638,XN,M Rule8,m_rule8,TEXT,static_input,,,
639,XO,M Rule9,m_rule9,TEXT,static_input,,,
640,XP,M Rule10,m_rule10,TEXT,static_input,,,
641,XQ,M Rule11,m_rule11,TEXT,static_input,,,
