col_idx,col_letter,header,drv2_table,drv_cat_table,color_block_id,header_color,first_source_sheet,formula
1,A,Key,drv2_ma_thin,drv_cat_identity,1,theme:9,,=M2&B2
2,B,Symbol,drv2_ma_thin,drv_cat_identity,2,theme:2,,ZM
3,C,Y Symbol,drv2_ma_thin,drv_cat_identity,2,theme:2,,ZM
4,D,Close,drv2_ma_thin,drv_cat_price,2,theme:2,,"=IF(S2=""Y"",F2,CN2)"
5,E,Company Name,drv2_y,drv_cat_identity,3,FFF6FCD0,Y,"=_xlfn.XLOOKUP($R2&$C2,Y!$D2:$D57061,Y!$J2:$J57061,"""")"
6,F,Last,drv2_ma_thin,drv_cat_price,4,theme:4,,=DM2
7,G,Last Net Chng,drv2_ma_thin,drv_cat_price,4,theme:4,,=DN2
8,H,Last %Change,drv2_ma_thin,drv_cat_price,4,theme:4,,=DO2
9,I,High,drv2_ma_thin,drv_cat_price,4,theme:4,,=DQ2
10,J,Low,drv2_ma_thin,drv_cat_price,4,theme:4,,=DR2
11,K,RR LRR,drv2_ma_thin,drv_cat_risk_range,5,theme:2,,=EC2
12,L,RR TRR,drv2_ma_thin,drv_cat_risk_range,5,theme:2,,=ED2
13,M,TOS Daily Export Date,(scalar_dash),drv_cat_identity,5,theme:2,Dash,"=IF(B2="""","""",Dash!$AB$19)"
14,N,TOS Weekly Export Date,(scalar_dash),drv_cat_identity,5,theme:2,Dash,"=IF(B2="""","""",Dash!$AB$18)"
15,O,TOS Latest Export Date,(scalar_dash),drv_cat_identity,5,theme:2,Dash,"=IF(B2="""","""",Dash!$AB$21)"
16,P,TOS Other Export Date,(scalar_dash),drv_cat_identity,5,theme:2,Dash,"=IF(C2="""","""",Dash!$AB$20)"
17,Q,Y Mkt Close Export,(scalar_dash),drv_cat_price,5,theme:2,Dash,"=IF(B2="""","""",Dash!$AB$22)"
18,R,Y Latest Exp Date,(scalar_dash),drv_cat_misc,5,theme:2,Dash,"=IF(B2="""","""",Dash!$AB$23)"
19,S,Use Latest,(scalar_dash),drv_cat_misc,5,theme:2,Dash,"=IF(B2="""","""",Dash!$AB$6)"
20,T,II Date,drv2_ii,drv_cat_ii,5,theme:2,II,"=_xlfn.MAXIFS(II!C393:C10392,II!C393:C10392,""<="" & M2)"
21,U,ETF Date,drv2_etf,drv_cat_etf,5,theme:2,etf,"=_xlfn.MAXIFS(etf!C2:C9205,etf!C2:C9205,""<="" & M2)"
22,V,SSH Date,drv2_ssh,drv_cat_signal_strength,5,theme:2,ssH,"=_xlfn.MAXIFS(ssH!B2:B5535,ssH!B2:B5535,""<="" &M2)"
23,W,FH Date,drv2_holdings,drv_cat_misc,5,theme:2,F,"=_xlfn.MAXIFS(F!D2:D5542,F!D2:D5542,""<="" & Dash!$AB$15)"
24,X,CS Date,drv2_holdings,drv_cat_holdings,5,theme:2,CS,"=_xlfn.MAXIFS(CS!D2:D3247,CS!D2:D3247,""<="" & Dash!$AB$15)"
25,Y,RR Date,drv2_rr,drv_cat_risk_range,5,theme:2,RR,"=_xlfn.MAXIFS(RR!D2:D2586,RR!D2:D2586,""<="" &M2)"
26,Z,Sort Symbol,drv2_ma_thin,drv_cat_identity,5,theme:2,,854
27,AA,StandardDeviation,drv2_tw,drv_cat_price,5,theme:2,TW,"=_xlfn.XLOOKUP(N2&B2,TW!$D:$D,TW!$AF:$AF,"""")"
28,AB,Median SD,drv2_ma_thin,drv_cat_price,5,theme:2,,<openpyxl.worksheet.formula.ArrayFormula object at 0x77fa7f1452d0>
29,AC,SDorMedian,drv2_ma_thin,drv_cat_price,5,theme:2,,"=MIN(AA2,AB2)"
30,AD,SD%,drv2_ma_thin,drv_cat_price,5,theme:2,,=(AC2/D2)
31,AE,A_TrendValue,drv2_td,drv_cat_trend_trade,5,theme:2,TD,"=_xlfn.XLOOKUP($M2&$B2,TD!$D:$D,TD!$AY:$AY,"""")"
32,AF,A_TradeValue,drv2_td,drv_cat_trend_trade,5,theme:2,TD,"=_xlfn.XLOOKUP($M2&$B2,TD!$D:$D,TD!$AZ:$AZ,"""")"
33,AG,Trend_sd,drv2_ma_thin,drv_cat_trend_trade,5,theme:2,,"=IF(D2=AE2,0.1,(D2-AE2)/AC2)"
34,AH,Trade_sd,drv2_ma_thin,drv_cat_trend_trade,5,theme:2,,=(D2-AF2)/AC2
35,AI,Trade_Trend_Sd,drv2_ma_thin,drv_cat_trend_trade,5,theme:2,,=(AF2-AE2)/AC2
36,AJ,A_BBHighLow,drv2_td,drv_cat_bollinger,5,theme:2,TD,"=_xlfn.XLOOKUP(M2&B2,TD!$D:$D,TD!$BD:$BD,"""")"
37,AK,BBHighLow_A,drv2_ma_thin,drv_cat_bollinger,5,theme:2,,=TRUNC(AJ2)
38,AL,BBHighLow,drv2_ma_thin,drv_cat_bollinger,5,theme:2,,=AK2/100
39,AM,BBHighLowDays,drv2_ma_thin,drv_cat_bollinger,5,theme:2,,"=ABS(ROUND(100*(AJ2-AK2),0))"
40,AN,BB_Direction1,drv2_ma_thin,drv_cat_bollinger,5,theme:2,,<openpyxl.worksheet.formula.ArrayFormula object at 0x77fa7f145930>
41,AO,BBHighLow_SD,drv2_ma_thin,drv_cat_bollinger,5,theme:2,,=(D2-ABS(AL2))/ AC2
42,AP,A_BBHighLowDays,drv2_td,drv_cat_bollinger,5,theme:2,TD,"=_xlfn.XLOOKUP($M2&$B2,TD!$D:$D,TD!$BE:$BE,"""")"
43,AQ,BBHighDays,drv2_ma_thin,drv_cat_bollinger,5,theme:2,,=TRUNC(AP2)
44,AR,BBLowDays,drv2_ma_thin,drv_cat_bollinger,5,theme:2,,=ABS(100*(AP2-AQ2))
45,AS,A_BB_Streak,drv2_td,drv_cat_bollinger,5,theme:2,TD,"=_xlfn.XLOOKUP($M2&$B2,TD!$D:$D,TD!$BC:$BC,"""")"
46,AT,BB_Streak_1,drv2_ma_thin,drv_cat_bollinger,5,theme:2,,=TRUNC(AS2)
47,AU,BB_Streak_2,drv2_ma_thin,drv_cat_bollinger,5,theme:2,,=AT2-AY2*1000
48,AV,BB_Streak_cur,drv2_ma_thin,drv_cat_bollinger,5,theme:2,,=ABS(TRUNC(AU2/100))
49,AW,BB_Threshold_Crossover,drv2_ma_thin,drv_cat_bollinger,5,theme:2,,"=IF(AV2=1,-1,1)"
50,AX,BBThresh_CO_Days,drv2_ma_thin,drv_cat_bollinger,5,theme:2,,"=_xlfn.NUMBERVALUE(RIGHT(AU2,2))"
51,AY,BB_Streak,drv2_ma_thin,drv_cat_bollinger,5,theme:2,,=TRUNC(AT2/1000)
52,AZ,BB_Streak_Days,drv2_ma_thin,drv_cat_bollinger,5,theme:2,,"=ROUND((ABS(AS2)-ABS(AT2))*100,0)"
53,BA,A_3mnLow,drv2_tw,drv_cat_price,5,theme:2,TW,"=_xlfn.XLOOKUP($N2&$B2,TW!$D:$D,TW!$AY:$AY,"""")"
54,BB,3mnLow_sd,drv2_ma_thin,drv_cat_price,5,theme:2,,=(D2-BA2)/AC2
55,BC,3mnLowDays,drv2_ma_thin,drv_cat_price,5,theme:2,,"=IF(AND(BA2<1,BA2>-1),100*BA2,100*MOD(BA2,TRUNC(BA2)))"
56,BD,A_3mnHigh,drv2_tw,drv_cat_price,5,theme:2,TW,"=_xlfn.XLOOKUP($N2&$B2,TW!$D:$D,TW!$AX:$AX,"""")"
57,BE,3mnHigh_sd,drv2_ma_thin,drv_cat_price,5,theme:2,,=(D2-BD2)/AC2
58,BF,3mnHighDays,drv2_ma_thin,drv_cat_price,5,theme:2,,"=IF(BD2<1,0,100*MOD(BD2,TRUNC(BD2)))"
59,BG,3mn_min_BRR%,drv2_ma_thin,drv_cat_misc,5,theme:2,,"=IF(D2<BD2,(D2-BA2)*100/(BD2-BA2),0)"
60,BH,A_3mnHighLow,drv2_tw,drv_cat_price,5,theme:2,TW,"=_xlfn.XLOOKUP($N2&$B2,TW!$D:$D,TW!$AZ:$AZ,"""")"
61,BI,3mnHighLow,drv2_ma_thin,drv_cat_price,5,theme:2,,=ABS(BH2)
62,BJ,3mn_stk_outlook_sd,drv2_ma_thin,drv_cat_holdings,5,theme:2,,=(D2-BI2)/AC2
63,BK,3mnHighLowDays,drv2_ma_thin,drv_cat_price,5,theme:2,,"=-100*IFERROR(MOD(BH2,TRUNC(BH2)),0)"
64,BL,A_3wkHighLow,drv2_tw,drv_cat_price,5,theme:2,TW,"=_xlfn.XLOOKUP($N2&$B2,TW!$D:$D,TW!$BA:$BA,"""")"
65,BM,3wkHighLow,drv2_ma_thin,drv_cat_price,5,theme:2,,=ABS(BL2)
66,BN,3w_stk_outlook_sd,drv2_ma_thin,drv_cat_holdings,5,theme:2,,=(D2-BM2)/AC2
67,BO,3wkHighLowDays,drv2_ma_thin,drv_cat_price,5,theme:2,,"=IFERROR(-100*MOD(BL2,TRUNC(BL2)),0)"
68,BP,Perf3M,drv2_ma_thin,drv_cat_perf_extremes,5,theme:2,,=100*(D2-AE2)/AE2
69,BQ,Perf3M_sd,drv2_ma_thin,drv_cat_perf_extremes,5,theme:2,,=(D2-AE2)/AC2
70,BR,A_Perf2M,drv2_tw,drv_cat_perf_extremes,5,theme:2,TW,"=_xlfn.XLOOKUP($N2&$B2,TW!$D:$D,TW!$AU:$AU,"""")"
71,BS,Perf2M_sd,drv2_ma_thin,drv_cat_perf_extremes,5,theme:2,,=BR2/(AD2*100)
72,BT,Perf3W,drv2_ma_thin,drv_cat_perf_extremes,5,theme:2,,=100*(D2-AF2)/AF2
73,BU,Perf3W_sd,drv2_ma_thin,drv_cat_perf_extremes,5,theme:2,,=(D2-AF2)/AC2
74,BV,A_Perf2Wk,drv2_tw,drv_cat_perf_extremes,5,theme:2,TW,"=_xlfn.XLOOKUP($N2&$B2,TW!$D:$D,TW!$AV:$AV,"""")"
75,BW,Perf2Wk_sd,drv2_ma_thin,drv_cat_perf_extremes,5,theme:2,,=BV2/(AD2*100)
76,BX,A_Perf3D,drv2_tw,drv_cat_perf_extremes,5,theme:2,TW,"=_xlfn.XLOOKUP($N2&$B2,TW!$D:$D,TW!$AW:$AW,"""")"
77,BY,Perf3D_sd,drv2_ma_thin,drv_cat_perf_extremes,5,theme:2,,=BX2/($AD2*100)
78,BZ,Perf3D_Value,drv2_ma_thin,drv_cat_perf_extremes,5,theme:2,,=(100*D2)/(100+BX2)
79,CA,Perf1D_sd,drv2_ma_thin,drv_cat_perf_extremes,6,theme:4,,=G2/AC2
80,CB,Perf,drv2_ma_thin,drv_cat_perf_extremes,7,FFEAF4E4,,<openpyxl.worksheet.formula.ArrayFormula object at 0x77fa7f147010>
81,CC,52Low,drv2_tw,drv_cat_perf_extremes,8,theme:2,TW,"=_xlfn.XLOOKUP($N2&$B2,TW!$D:$D,TW!$AI:$AI,"""")"
82,CD,52High,drv2_tw,drv_cat_perf_extremes,8,theme:2,TW,"=_xlfn.XLOOKUP($N2&$B2,TW!$D:$D,TW!$AH:$AH,"""")"
83,CE,52-Wk High %,drv2_ma_thin,drv_cat_perf_extremes,8,theme:2,,"=IF((CD2-CC2)=0,0, (CD2-D2)*100/(CD2-CC2))"
84,CF,20 DMA,drv2_tw,drv_cat_moving_avg,8,theme:2,TW,"=_xlfn.XLOOKUP($N2&$B2,TW!$D:$D,TW!$H:$H,"""")"
85,CG,50 DMA,drv2_tw,drv_cat_moving_avg,8,theme:2,TW,"=_xlfn.XLOOKUP($N2&$B2,TW!$D:$D,TW!$I:$I,"""")"
86,CH,200 DMA,drv2_tw,drv_cat_moving_avg,8,theme:2,TW,"=_xlfn.XLOOKUP($N2&$B2,TW!$D:$D,TW!$J:$J,"""")"
87,CI,A_MACD_BRR,drv2_tw,drv_cat_macd,8,theme:2,TW,"=_xlfn.XLOOKUP($N2&$B2,TW!$D:$D,TW!$V:$V,"""")"
88,CJ,MACD_BRR,drv2_ma_thin,drv_cat_macd,8,theme:2,,=ABS(CI2)
89,CK,A_MACDH_D_BRR,drv2_tw,drv_cat_macd,8,theme:2,TW,"=_xlfn.XLOOKUP($N2&$B2,TW!$D:$D,TW!$W:$W,"""")"
90,CL,MACDH_BRR,drv2_ma_thin,drv_cat_macd,8,theme:2,,=ABS(CK2)
91,CM,A_MACDays_Streak,drv2_tw,drv_cat_macd,8,theme:2,TW,"=_xlfn.XLOOKUP($N2&$B2,TW!$D:$D,TW!$AM:$AM,"""")"
92,CN,D_Last,drv2_td,drv_cat_price,9,theme:5,TD,"=_xlfn.XLOOKUP($M2&$B2,TD!$D:$D,TD!$AP:$AP,"""")"
93,CO,D_%Change,drv2_td,drv_cat_price,9,theme:5,TD,"=_xlfn.XLOOKUP($M2&$B2,TD!$D:$D,TD!$AR:$AR,"""")"
94,CP,D_Net Chng,drv2_td,drv_cat_price,9,theme:5,TD,"=_xlfn.XLOOKUP($M2&$B2,TD!$D:$D,TD!$AQ:$AQ,"""")"
95,CQ,D_Open,drv2_td,drv_cat_price,9,theme:5,TD,"=_xlfn.XLOOKUP($M2&$B2,TD!$D:$D,TD!$AS:$AS,"""")"
96,CR,D_High,drv2_td,drv_cat_price,9,theme:5,TD,"=_xlfn.XLOOKUP($M2&$B2,TD!$D:$D,TD!$AT:$AT,"""")"
97,CS,D_Low,drv2_td,drv_cat_price,9,theme:5,TD,"=_xlfn.XLOOKUP($M2&$B2,TD!$D:$D,TD!$AU:$AU,"""")"
98,CT,D_RSI,drv2_td,drv_cat_rsi,9,theme:5,TD,"=_xlfn.XLOOKUP($M2&$B2,TD!$D:$D,TD!$T:$T,"""")"
99,CU,D_IV,drv2_td,drv_cat_misc,9,theme:5,TD,"=_xlfn.XLOOKUP($M2&$B2,TD!$D:$D,TD!$AB:$AB,"""")"
100,CV,D_HV,drv2_td,drv_cat_misc,9,theme:5,TD,"=_xlfn.XLOOKUP($M2&$B2,TD!$D:$D,TD!$X:$X,"""")"
101,CW,HVPercentile,drv2_td,drv_cat_ivhv,9,theme:5,TD,"=_xlfn.XLOOKUP($M2&$B2,TD!$D:$D,TD!$R:$R,"""")"
102,CX,IVPercentile,drv2_td,drv_cat_ivhv,9,theme:5,TD,"=_xlfn.XLOOKUP($M2&$B2,TD!$D:$D,TD!$Q:$Q,"""")"
103,CY,L_Last,drv2_tl,drv_cat_price,10,theme:3,TL,"=_xlfn.XLOOKUP($O2&$B2,TL!$D:$D,TL!$L:$L,"""")"
104,CZ,L_Net Chng,drv2_tl,drv_cat_price,10,theme:3,TL,"=_xlfn.XLOOKUP($O2&$B2,TL!$D:$D,TL!$M:$M,"""")"
105,DA,L_%Change,drv2_tl,drv_cat_price,10,theme:3,TL,"=_xlfn.XLOOKUP($O2&$B2,TL!$D:$D,TL!$N:$N,"""")"
106,DB,L_Open,drv2_tl,drv_cat_price,10,theme:3,TL,"=_xlfn.XLOOKUP($O2&$B2,TL!$D:$D,TL!$O:$O,"""")"
107,DC,L_High,drv2_tl,drv_cat_price,10,theme:3,TL,"=_xlfn.XLOOKUP($O2&$B2,TL!$D:$D,TL!$P:$P,"""")"
108,DD,L_Low,drv2_tl,drv_cat_price,10,theme:3,TL,"=_xlfn.XLOOKUP($O2&$B2,TL!$D:$D,TL!$Q:$Q,"""")"
109,DE,L_RSI,drv2_tl,drv_cat_rsi,10,theme:3,TL,"=_xlfn.XLOOKUP($O2&$B2,TL!$D:$D,TL!$S:$S,"""")"
110,DF,L_ImpVolatility,drv2_tl,drv_cat_misc,10,theme:3,TL,"=_xlfn.XLOOKUP($O2&$B2,TL!$D:$D,TL!$H:$H,"""")"
111,DG,Y_Last Price,drv2_y,drv_cat_price,11,FFF6FCD0,Y,"=_xlfn.XLOOKUP($R2&$C2,Y!$D:$D,Y!$K:$K,"""")"
112,DH,Y_Change,drv2_y,drv_cat_misc,11,FFF6FCD0,Y,"=_xlfn.XLOOKUP($R2&$C2,Y!$D:$D,Y!$L:$L,"""")"
113,DI,Y_Change(%),drv2_y,drv_cat_misc,11,FFF6FCD0,Y,"=_xlfn.XLOOKUP($R2&$C2,Y!$D:$D,Y!$M:$M,"""")"
114,DJ,Y_Open,drv2_y,drv_cat_price,11,FFF6FCD0,Y,"=_xlfn.XLOOKUP($R2&$C2,Y!$D:$D,Y!$N:$N,"""")"
115,DK,Y_High,drv2_y,drv_cat_price,11,FFF6FCD0,Y,"=_xlfn.XLOOKUP($R2&$C2,Y!$D:$D,Y!$O:$O,"""")"
116,DL,Y_Low,drv2_y,drv_cat_price,11,FFF6FCD0,Y,"=_xlfn.XLOOKUP($R2&$C2,Y!$D:$D,Y!$P:$P,"""")"
117,DM,Last,(scalar_dash),drv_cat_price,12,theme:4,Dash,"=IF(Dash!$AB$24=""Y"",MA!DG2,MA!CY2)"
118,DN,Net Chng,(scalar_dash),drv_cat_price,12,theme:4,Dash,"=IF(Dash!$AB$24=""Y"",MA!DH2,MA!CZ2)"
119,DO,%Change,(scalar_dash),drv_cat_price,12,theme:4,Dash,"=IF(Dash!$AB$24=""Y"",MA!DI2,MA!DA2)"
120,DP,Open,(scalar_dash),drv_cat_price,12,theme:4,Dash,"=IF(Dash!$AB$24=""Y"",MA!DJ2,MA!DB2)"
121,DQ,High,(scalar_dash),drv_cat_price,12,theme:4,Dash,"=IF(Dash!$AB$24=""Y"",MA!DK2,MA!DC2)"
122,DR,Low,(scalar_dash),drv_cat_price,12,theme:4,Dash,"=IF(Dash!$AB$24=""Y"",MA!DL2,MA!DD2)"
123,DS,RSI,(scalar_dash),drv_cat_rsi,12,theme:4,Dash,"=IF(Dash!$AB$24=""Y"",DE2,CT2)"
124,DT,ImpVolatility,(scalar_dash),drv_cat_misc,12,theme:4,Dash,"=IF(Dash!$AB$24=""Y"",DF2,CU2)"
125,DU,BB_Bot_Prev,drv2_td,drv_cat_bollinger,13,FFCCCC00,TD,"=_xlfn.XLOOKUP($M2&$B2,TD!$D:$D,TD!$L:$L,"""")"
126,DV,BB_Top_Prev,drv2_td,drv_cat_bollinger,13,FFCCCC00,TD,"=_xlfn.XLOOKUP($M2&$B2,TD!$D:$D,TD!$P:$P,"""")"
127,DW,BB BRR%,drv2_ma_thin,drv_cat_bollinger,13,FFCCCC00,,"=IF(_xlfn.IFNA(DU2,"""")=0,"""",(D2-DU2)*100/(DV2-DU2))"
128,DX,RR_Bottom,drv2_rr,drv_cat_risk_range,14,FFA0FEE1,RR,"=_xlfn.XLOOKUP(B2,RR!F:F,RR!H:H,0)"
129,DY,RR_Top,drv2_rr,drv_cat_risk_range,14,FFA0FEE1,RR,"=_xlfn.XLOOKUP(B2,RR!F:F,RR!I:I,0)"
130,DZ,RR BRR%,drv2_ma_thin,drv_cat_risk_range,14,FFA0FEE1,,"=IF(_xlfn.IFNA(DX2,"""")=0,"""",(D2-DX2)*100/(DY2-DX2))"
131,EA,ETF_Bottom,drv2_etf,drv_cat_etf,14,FFA0FEE1,etf,"=_xlfn.XLOOKUP(U2&B2,etf!A:A,etf!E:E,"""")"
132,EB,ETF_Top,drv2_etf,drv_cat_etf,14,FFA0FEE1,etf,"=_xlfn.XLOOKUP(U2&B2,etf!A:A,etf!F:F,"""")"
133,EC,RR_Bottom,drv2_ma_thin,drv_cat_risk_range,15,theme:5,,<openpyxl.worksheet.formula.ArrayFormula object at 0x77fa7f147430>
134,ED,RR_Top,drv2_ma_thin,drv_cat_risk_range,15,theme:5,,<openpyxl.worksheet.formula.ArrayFormula object at 0x77fa7f147490>
135,EE,BRR%,drv2_ma_thin,drv_cat_risk_range,15,theme:5,,"=IF(_xlfn.IFNA(EC2,"""")=0,"""",(D2-EC2)*100/(ED2-EC2))"
136,EF,Prev Close,drv2_ma_thin,drv_cat_price,16,theme:3,,=CN2
137,EG,Open,drv2_ma_thin,drv_cat_price,16,theme:3,,=CQ2
138,EH,High,drv2_ma_thin,drv_cat_price,16,theme:3,,=CR2
139,EI,Low,drv2_ma_thin,drv_cat_price,16,theme:3,,=CS2
140,EJ,Open,drv2_ma_thin,drv_cat_price,17,theme:4,,=DP2
141,EK,High,drv2_ma_thin,drv_cat_price,17,theme:4,,=DQ2
142,EL,Low,drv2_ma_thin,drv_cat_price,17,theme:4,,=DR2
143,EM,Chg SD,drv2_ma_thin,drv_cat_misc,18,FFEAF4E4,,=CA2
144,EN,Price Direction,drv2_ma_thin,drv_cat_misc,18,FFEAF4E4,,<openpyxl.worksheet.formula.ArrayFormula object at 0x77fa7f147bb0>
145,EO,High TRR,drv2_ma_thin,drv_cat_price,19,theme:5,,"=(ED2-IF(EH2>EK2,EH2,EK2))/AC2"
146,EP,Low LRR,drv2_ma_thin,drv_cat_price,19,theme:5,,"=(IF(EI2<EL2,EI2,EL2)-EC2)/AC2"
147,EQ,Trnd TRR,drv2_ma_thin,drv_cat_misc,19,theme:5,,=(ED2-AE2)/AC2
148,ER,Trd LRR,drv2_ma_thin,drv_cat_misc,19,theme:5,,=(EC2-AF2)/AC2
149,ES,Sd TRR,drv2_ma_thin,drv_cat_misc,19,theme:5,,=(DQ2-ED2)/AC2
150,ET,Sd MRR,drv2_ma_thin,drv_cat_misc,19,theme:5,,=(DM2-((ED2+EC2)/2))/AC2
151,EU,Sd LRR,drv2_ma_thin,drv_cat_misc,19,theme:5,,=(DR2-EC2)/AC2
152,EV,BB_Bot_15d,drv2_td,drv_cat_bollinger,20,theme:7,TD,"=_xlfn.XLOOKUP($M2&$B2,TD!$D:$D,TD!$I:$I,"""")"
153,EW,BB_Bot_7d,drv2_td,drv_cat_bollinger,20,theme:7,TD,"=_xlfn.XLOOKUP($M2&$B2,TD!$D:$D,TD!$J:$J,"""")"
154,EX,BB_Bot_3d,drv2_td,drv_cat_bollinger,20,theme:7,TD,"=_xlfn.XLOOKUP($M2&$B2,TD!$D:$D,TD!$K:$K,"""")"
155,EY,BB_Bot_Slope,drv2_ma_thin,drv_cat_bollinger,20,theme:7,,"=IF(AND(DU2>EW2,EW2>EV2,(DU2-EV2)>=AC2),1,IF(AND(DU2<EW2,EW2<EV2,(EV2-DU2)>=AC2),-1,0))"
156,EZ,BB_Top_15d,drv2_td,drv_cat_bollinger,20,theme:7,TD,"=_xlfn.XLOOKUP($M2&$B2,TD!$D:$D,TD!$M:$M,"""")"
157,FA,BB_Top_7d,drv2_td,drv_cat_bollinger,20,theme:7,TD,"=_xlfn.XLOOKUP($M2&$B2,TD!$D:$D,TD!$N:$N,"""")"
158,FB,BB_Top_3d,drv2_td,drv_cat_bollinger,20,theme:7,TD,"=_xlfn.XLOOKUP($M2&$B2,TD!$D:$D,TD!$O:$O,"""")"
159,FC,BB_Tot_Slope,drv2_ma_thin,drv_cat_bollinger,20,theme:7,,"=IF(AND(DV2>FA2,FA2>EZ2,(DV2-EZ2)>=AC2),1,IF(AND(DV2<FA2,FA2<EZ2,(EZ2-DV2)>=AC2),-1,0))"
160,FD,BB_Slope,drv2_ma_thin,drv_cat_bollinger,20,theme:7,,<openpyxl.worksheet.formula.ArrayFormula object at 0x77fa7f04c310>
161,FE,BB Bull,drv2_ma_thin,drv_cat_bollinger,21,FFCCCC00,,<openpyxl.worksheet.formula.ArrayFormula object at 0x77fa7f04c370>
162,FF,A_VolumeSpike,drv2_tw,drv_cat_volume,22,theme:2,TW,"=_xlfn.XLOOKUP($N2&$B2,TW!$D:$D,TW!$AQ:$AQ,"""")"
163,FG,VolumeSpike,drv2_ma_thin,drv_cat_volume,22,theme:2,,"=ABS(_xlfn.NUMBERVALUE(SUBSTITUTE(FF2,""NaN"",0)))"
164,FH,VS Spike,drv2_ma_thin,drv_cat_volume,22,theme:2,,"=RIGHT(""0000000000"" & FG2 & REPT(""0"",9-LEN(FG2)),10)"
165,FI,VS Volume Spike,drv2_ma_thin,drv_cat_volume,23,FFFFCCCC,,"=_xlfn.NUMBERVALUE(LEFT(FH2,2))"
166,FJ,VS Price Change,drv2_ma_thin,drv_cat_volume,23,FFFFCCCC,,"=_xlfn.NUMBERVALUE(MID(FH2,3,3))"
167,FK,VS Price Change SD,drv2_ma_thin,drv_cat_volume,23,FFFFCCCC,,"=SIGN(SUBSTITUTE(FF2,""NaN"",0)) * FJ2/(AD2*100)"
168,FL,VS Volatility,drv2_ma_thin,drv_cat_sector_rollup,23,FFFFCCCC,,"=_xlfn.NUMBERVALUE(MID(FH2,6,2))"
169,FM,VS Days,drv2_ma_thin,drv_cat_sector_rollup,23,FFFFCCCC,,"=_xlfn.NUMBERVALUE(RIGHT(FH2,2))"
170,FN,D_Vlt_Caution,drv2_td,drv_cat_misc,24,FFFF8B8B,TD,"=_xlfn.XLOOKUP($M2&$B2,TD!$D:$D,TD!$AL:$AL,"""")"
171,FO,D_Vlt_RuleCode,drv2_td,drv_cat_misc,24,FFFF8B8B,TD,"=_xlfn.XLOOKUP($M2&$B2,TD!$D:$D,TD!$AK:$AK,"""")"
172,FP,D_Vlt_RuleDesc,(ref_param),drv_cat_misc,24,FFFF8B8B,Parm,"=_xlfn.XLOOKUP(FO2,Parm!$BS$14:$BS$23,Parm!$BT$14:$BT$23,"""")"
173,FQ,D_Vlt_RuleAction,(ref_param),drv_cat_misc,24,FFFF8B8B,Parm,"=_xlfn.XLOOKUP(FO2,Parm!$BS$14:$BS$23,Parm!$BU$14:$BU$23,"""")"
174,FR,IVHV,drv2_ma_thin,drv_cat_ivhv,24,FFFF8B8B,,"=IF(OR(DT2=0,CV2=0),0,DT2*100/CV2)"
175,FS,L_Vlm,drv2_tl,drv_cat_volume,25,theme:3,TL,"=_xlfn.XLOOKUP($O2&$B2,TL!$D:$D,TL!$G:$G,"""")"
176,FT,W_Vlm,drv2_tw,drv_cat_volume,26,theme:2,TW,"=_xlfn.XLOOKUP($N2&$B2,TW!$D:$D,TW!$K:$K,"""")"
177,FU,Volume,(scalar_dash),drv_cat_volume,27,theme:3,Dash,"=IF(Dash!$AB$25=""Y"",FS2,FT2)"
178,FV,VolumeRateOfChange,drv2_tw,drv_cat_volume,27,theme:3,TW,"=_xlfn.XLOOKUP($N2&$B2,TW!$D:$D,TW!$AT:$AT,"""")"
179,FW,W_Avg Vlm (10day),drv2_tw,drv_cat_volume,27,theme:3,TW,"=_xlfn.XLOOKUP($N2&$B2,TW!$D:$D,TW!$L:$L,"""")"
180,FX,Vlm 10  Factor,drv2_ma_thin,drv_cat_volume,27,theme:3,,"=IF(OR(FU2=0,FU2="""",FW2=0,FW2=""""),0,(FU2-FW2)/FW2)"
181,FY,Vlm 10 day %,drv2_ma_thin,drv_cat_volume,27,theme:3,,=100*FX2
182,FZ,W_Avg Vlm (3m),drv2_tw,drv_cat_volume,27,theme:3,TW,"=_xlfn.XLOOKUP($N2&$B2,TW!$D:$D,TW!$M:$M,"""")"
183,GA,Vlm 3 M Factor,drv2_ma_thin,drv_cat_volume,27,theme:3,,"=IF(OR(FU2=0,FU2="""",FZ2=0,FZ2=""""),0,(FU2-FZ2)/FZ2)"
184,GB,Vlm 3m %,drv2_ma_thin,drv_cat_volume,27,theme:3,,=GA2*100
185,GC,Vlm Score,drv2_ma_thin,drv_cat_volume,28,FFFFCC99,,<openpyxl.worksheet.formula.ArrayFormula object at 0x77fa7f04ccd0>
186,GD,Vlm Desc,(ref_param),drv_cat_volume,28,FFFFCC99,Parm,"=_xlfn.XLOOKUP(GC2,Parm!$BP$2:$BP$7,Parm!$BQ$2:$BQ$7,""Unknown"")"
187,GE,W_Vlm_RuleCode,drv2_tw,drv_cat_volume,29,FFCCFFCC,TW,"=_xlfn.XLOOKUP($N2&$B2,TW!$D:$D,TW!$U:$U,"""")"
188,GF,Vlm_RuleDesc,(ref_param),drv_cat_volume,29,FFCCFFCC,Parm,"=_xlfn.XLOOKUP(GE2,Parm!$BS$2:$BS$11,Parm!$BT$2:$BT$11,"""")"
189,GG,Vlm_Action,(ref_param),drv_cat_volume,29,FFCCFFCC,Parm,"=_xlfn.XLOOKUP(GE2,Parm!$BS$2:$BS$11,Parm!$BU$2:$BU$11,"""")"
190,GH,Volatility regime,drv2_ma_thin,drv_cat_volatility_regime,30,FFFFCCCC,,<openpyxl.worksheet.formula.ArrayFormula object at 0x77fa7f04cd30>
191,GI,Volatility regime,(ref_param),drv_cat_volatility_regime,30,FFFFCCCC,Parm,"=_xlfn.XLOOKUP(GH2,Parm!$BP$28:$BP$32,Parm!$BQ$28:$BQ$32,"""")"
192,GJ,Price zone,drv2_ma_thin,drv_cat_volatility_regime,30,FFFFCCCC,,<openpyxl.worksheet.formula.ArrayFormula object at 0x77fa7f04cd90>
193,GK,Price zone,(ref_param),drv_cat_volatility_regime,30,FFFFCCCC,Parm,"=_xlfn.XLOOKUP(GJ2,Parm!$BP$8:$BP$15,Parm!$BQ$8:$BQ$15,"""")"
194,GL,Trend context,drv2_ma_thin,drv_cat_holdings,30,FFFFCCCC,,<openpyxl.worksheet.formula.ArrayFormula object at 0x77fa7f04cdf0>
195,GM,Trend context,(ref_param),drv_cat_holdings,30,FFFFCCCC,Parm,"=_xlfn.XLOOKUP(GL2,Parm!$BP$16:$BP$21,Parm!$BQ$16:$BQ$21,"""")"
196,GN,Momentum,drv2_ma_thin,drv_cat_quad_outlook,30,FFFFCCCC,,<openpyxl.worksheet.formula.ArrayFormula object at 0x77fa7f04ce50>
197,GO,Momentum,(ref_param),drv_cat_quad_outlook,30,FFFFCCCC,Parm,"=_xlfn.XLOOKUP(GN2,Parm!$BP$22:$BP$27,Parm!$BQ$22:$BQ$27,"""")"
198,GP,Long Trend Total,drv2_ma_thin,drv_cat_trend_trade,30,FFFFCCCC,,=SIGN(BV2)*1+SIGN(BT2)*2+SIGN(BR2)*3+SIGN(BP2)*4
199,GQ,Long Trend Score,drv2_ma_thin,drv_cat_trend_trade,30,FFFFCCCC,,<openpyxl.worksheet.formula.ArrayFormula object at 0x77fa7f04cf70>
200,GR,Long Trend Descr,(ref_param),drv_cat_trend_trade,30,FFFFCCCC,Parm,"=_xlfn.XLOOKUP(GQ2,Parm!$BP$33:$BP$38,Parm!$BQ$33:$BQ$38,"""")"
201,GS,ST Signal Scenario,drv2_ma_thin,drv_cat_misc,30,FFFFCCCC,,<openpyxl.worksheet.formula.ArrayFormula object at 0x77fa7f04cfd0>
202,GT,ST_Signal Score,(ref_param),drv_cat_misc,30,FFFFCCCC,Parm,"=_xlfn.XLOOKUP(GS2,Parm!$CI$2:$CI$15,Parm!$CK$2:$CK$15,"""")"
203,GU,ST_Signal Desc,(ref_param),drv_cat_misc,30,FFFFCCCC,Parm,"=_xlfn.XLOOKUP(GS2,Parm!$CI$2:$CI$15,Parm!$CJ$2:$CJ$15,"""")"
204,GV,Final Signal Scenario,drv2_ma_thin,drv_cat_misc,30,FFFFCCCC,,<openpyxl.worksheet.formula.ArrayFormula object at 0x77fa7f04d030>
205,GW,Final_Signal,(ref_param),drv_cat_misc,30,FFFFCCCC,Parm,"=_xlfn.XLOOKUP(GV2,Parm!$CM$2:$CM$13,Parm!$CN$2:$CN$13,"""")"
206,GX,Beta,drv2_to,drv_cat_fundamentals,31,theme:2,TO,"=_xlfn.XLOOKUP($P2&$B2,TO!$D:$D,TO!K:K,"""")"
207,GY,Market Cap,drv2_to,drv_cat_fundamentals,31,theme:2,TO,"=_xlfn.XLOOKUP($P2&$B2,TO!$D:$D,TO!G:G,"""")"
208,GZ,Long-term Debt to Capital - Current (LTM),drv2_to,drv_cat_fundamentals,31,theme:2,TO,"=_xlfn.XLOOKUP($P2&$B2,TO!$D:$D,TO!M:M,"""")"
209,HA,Price / Earnings Ratio - Current,drv2_to,drv_cat_earnings,31,theme:2,TO,"=_xlfn.XLOOKUP($P2&$B2,TO!$D:$D,TO!N:N,"""")"
210,HB,Price / Book Value Ratio - Current,drv2_to,drv_cat_misc,31,theme:2,TO,"=_xlfn.XLOOKUP($P2&$B2,TO!$D:$D,TO!O:O,"""")"
211,HC,Return on Equity (ROE) - Current (LTM),drv2_to,drv_cat_fundamentals,31,theme:2,TO,"=_xlfn.XLOOKUP($P2&$B2,TO!$D:$D,TO!P:P,"""")"
212,HD,EPS,drv2_to,drv_cat_misc,31,theme:2,TO,"=_xlfn.XLOOKUP($P2&$B2,TO!$D:$D,TO!Q:Q,"""")"
213,HE,Div. Yield - Current,drv2_to,drv_cat_fundamentals,31,theme:2,TO,"=_xlfn.XLOOKUP($P2&$B2,TO!$D:$D,TO!R:R,"""")"
214,HF,Sector,drv2_to,drv_cat_sector_rollup,31,theme:2,TO,"=_xlfn.XLOOKUP($P2&$B2,TO!$D:$D,TO!S:S,"""")"
215,HG,Free Cash Flow Per Share - Current (LTM),drv2_to,drv_cat_price,31,theme:2,TO,"=_xlfn.XLOOKUP($P2&$B2,TO!$D:$D,TO!T:T,"""")"
216,HH,Asset Class,(ref_sector),drv_cat_quad_outlook,31,theme:2,Sctr,"=_xlfn.XLOOKUP(C2,Sctr!A$2:A$1000,Sctr!I$2:I$1000,"""")"
217,HI,Sctr!Sector,(ref_sector),drv_cat_sector_rollup,31,theme:2,Sctr,"=_xlfn.XLOOKUP(C2,Sctr!A$2:A$1000,Sctr!K$2:K$1000,"""")"
218,HJ,Sector,drv2_ma_thin,drv_cat_sector_rollup,31,theme:2,,"=IF(HF2=0,HI2,HF2)"
219,HK,Sub Asset Class,(ref_sector),drv_cat_quad_outlook,31,theme:2,Sctr,"=_xlfn.XLOOKUP(C2,Sctr!A:A,Sctr!J:J,"""")"
220,HL,Industry,(ref_sector),drv_cat_misc,31,theme:2,Sctr,"=_xlfn.XLOOKUP(C2,Sctr!A:A,Sctr!C:C,"""")"
221,HM,Growth - Sector Based,drv2_ma_thin,drv_cat_quad_outlook,31,theme:2,,<openpyxl.worksheet.formula.ArrayFormula object at 0x77fa7f04d150>
222,HN,Growth - Econ Based,drv2_ma_thin,drv_cat_quad_outlook,31,theme:2,,<openpyxl.worksheet.formula.ArrayFormula object at 0x77fa7f04d1b0>
223,HO,Growth,drv2_ma_thin,drv_cat_quad_outlook,31,theme:2,,"=IF(HM2=HN2,HM2,""N/A"")"
224,HP,Scale,drv2_ma_thin,drv_cat_quad_outlook,31,theme:2,,<openpyxl.worksheet.formula.ArrayFormula object at 0x77fa7f04d2d0>
225,HQ,Solvency,drv2_ma_thin,drv_cat_quad_outlook,31,theme:2,,<openpyxl.worksheet.formula.ArrayFormula object at 0x77fa7f04d330>
226,HR,Value?,drv2_ma_thin,drv_cat_misc,31,theme:2,,<openpyxl.worksheet.formula.ArrayFormula object at 0x77fa7f04d390>
227,HS,Quality?,drv2_ma_thin,drv_cat_misc,31,theme:2,,<openpyxl.worksheet.formula.ArrayFormula object at 0x77fa7f04d3f0>
228,HT,Dividend?,drv2_ma_thin,drv_cat_fundamentals,31,theme:2,,<openpyxl.worksheet.formula.ArrayFormula object at 0x77fa7f04d450>
229,HU,Momentum Score,drv2_ma_thin,drv_cat_quad_outlook,31,theme:2,,=0.15*BQ2 + 0.2*BS2 + 0.2*BU2 + 0.2*BW2 + 0.15*BY2 + 5*((D2-CF2)/CF2) + 5*((D2-CG2)/CG2)
230,HV,Momentum,drv2_ma_thin,drv_cat_quad_outlook,31,theme:2,,"=IF(HU2>2.2,""Momentum"",""N/A"")"
231,HW,Sensitivity,drv2_ma_thin,drv_cat_quad_outlook,31,theme:2,,<openpyxl.worksheet.formula.ArrayFormula object at 0x77fa7f04d630>
232,HX,Growth - M OL,(ref_quad_outlook),drv_cat_quad_outlook,32,FFE1F5FF,HQuad,"=_xlfn.XLOOKUP(HO2,HQuad!$B$24:$B$39,HQuad!$J$24:$J$39,"""")"
233,HY,Scale - M OL,(ref_quad_outlook),drv_cat_quad_outlook,32,FFE1F5FF,HQuad,"=_xlfn.XLOOKUP(HP2,HQuad!$B$24:$B$39,HQuad!$J$24:$J$39,"""")"
234,HZ,Solvency - M OL,(ref_quad_outlook),drv_cat_quad_outlook,32,FFE1F5FF,HQuad,"=_xlfn.XLOOKUP(HQ2,HQuad!$B$24:$B$39,HQuad!$J$24:$J$39,"""")"
235,IA,Value? - M OL,(ref_quad_outlook),drv_cat_quad_outlook,32,FFE1F5FF,HQuad,"=_xlfn.XLOOKUP(HR2,HQuad!$B$24:$B$39,HQuad!$J$24:$J$39,"""")"
236,IB,Quality? - M OL,(ref_quad_outlook),drv_cat_quad_outlook,32,FFE1F5FF,HQuad,"=_xlfn.XLOOKUP(HS2,HQuad!$B$24:$B$39,HQuad!$J$24:$J$39,"""")"
237,IC,Dividend? - M OL,(ref_quad_outlook),drv_cat_quad_outlook,32,FFE1F5FF,HQuad,"=_xlfn.XLOOKUP(HT2,HQuad!$B$24:$B$39,HQuad!$J$24:$J$39,"""")"
238,ID,Momentum - M OL,(ref_quad_outlook),drv_cat_quad_outlook,32,FFE1F5FF,HQuad,"=_xlfn.XLOOKUP(HV2,HQuad!$B$24:$B$39,HQuad!$J$24:$J$39,0)"
239,IE,Sensitivity - M OL,(ref_quad_outlook),drv_cat_quad_outlook,32,FFE1F5FF,HQuad,"=_xlfn.XLOOKUP(HW2,HQuad!$B$24:$B$39,HQuad!$J$24:$J$39,"""")"
240,IF,Asset Class - M OL,(ref_quad_outlook),drv_cat_quad_outlook,33,FF99FFCC,HQuad,"=_xlfn.XLOOKUP(HH2,HQuad!$B$2:$B$9,HQuad!$J$2:$J$9,"""")"
241,IG,Equity Sector - M OL,(ref_quad_outlook),drv_cat_quad_outlook,34,FFFFCCCC,HQuad,"=IF(HH2=""Equities"",_xlfn.XLOOKUP(HJ2,HQuad!$B$10:$B$23,HQuad!$J$10:$J$23,""""),IF2)"
242,IH,M+ves - Equity Style,drv2_ma_thin,drv_cat_quad_outlook,35,FF66CCFF,,"=COUNTIF(HX2:IE2,"">0"")"
243,II,M-ves  - Equity Style,drv2_ma_thin,drv_cat_quad_outlook,35,FF66CCFF,,"=COUNTIF(HX2:IE2,""<0"")"
244,IJ,Growth - Q OL,(ref_quad_outlook),drv_cat_quad_outlook,36,FFE1F5FF,HQuad,"=_xlfn.XLOOKUP(HO2,HQuad!$B$24:$B$39,HQuad!$L$24:$L$39,"""")"
245,IK,Scale - Q OL,(ref_quad_outlook),drv_cat_quad_outlook,36,FFE1F5FF,HQuad,"=_xlfn.XLOOKUP(HP2,HQuad!$B$24:$B$39,HQuad!$L$24:$L$39,"""")"
246,IL,Solvency - Q OL,(ref_quad_outlook),drv_cat_quad_outlook,36,FFE1F5FF,HQuad,"=_xlfn.XLOOKUP(HQ2,HQuad!$B$24:$B$39,HQuad!$L$24:$L$39,"""")"
247,IM,Value? - Q OL,(ref_quad_outlook),drv_cat_quad_outlook,36,FFE1F5FF,HQuad,"=_xlfn.XLOOKUP(HR2,HQuad!$B$24:$B$39,HQuad!$L$24:$L$39,"""")"
248,IN,Quality? - Q OL,(ref_quad_outlook),drv_cat_quad_outlook,36,FFE1F5FF,HQuad,"=_xlfn.XLOOKUP(HS2,HQuad!$B$24:$B$39,HQuad!$L$24:$L$39,"""")"
249,IO,Dividend? - Q OL,(ref_quad_outlook),drv_cat_quad_outlook,36,FFE1F5FF,HQuad,"=_xlfn.XLOOKUP(HT2,HQuad!$B$24:$B$39,HQuad!$L$24:$L$39,"""")"
250,IP,Momentum - Q OL,(ref_quad_outlook),drv_cat_quad_outlook,36,FFE1F5FF,HQuad,"=_xlfn.XLOOKUP(HV2,HQuad!$B$24:$B$39,HQuad!$L$24:$L$39,0)"
251,IQ,Sensitivity - Q OL,(ref_quad_outlook),drv_cat_quad_outlook,36,FFE1F5FF,HQuad,"=_xlfn.XLOOKUP(HW2,HQuad!$B$24:$B$39,HQuad!$L$24:$L$39,"""")"
252,IR,Asset Class - Q OL,(ref_quad_outlook),drv_cat_quad_outlook,37,FF99FFCC,HQuad,"=_xlfn.XLOOKUP(HH2,HQuad!$B$2:$B$9,HQuad!$L$2:$L$9,"""")"
253,IS,Equity Sector - Q OL,(ref_quad_outlook),drv_cat_quad_outlook,38,FFFFCCCC,HQuad,"=IF(HH2=""Equities"",_xlfn.XLOOKUP(HJ2,HQuad!$B$10:$B$23,HQuad!$L$10:$L$23,""""),IR2)"
254,IT,Q+ves - Equity Style,drv2_ma_thin,drv_cat_quad_outlook,39,FF66CCFF,,"=COUNTIF(IJ2:IQ2,"">0"")"
255,IU,Q-ves  - Equity Style,drv2_ma_thin,drv_cat_quad_outlook,39,FF66CCFF,,"=COUNTIF(IJ2:IQ2,""<0"")"
256,IV,SP500 Volatility,(ref_sector),drv_cat_index_volatility,40,theme:2,Sctr,"=IF(_xlfn.XLOOKUP(C2,Sctr!A:A,Sctr!D:D,"""")=""Y"",Dash!$S$2,0)"
257,IW,Nasdaq Volatility,(ref_sector),drv_cat_index_volatility,40,theme:2,Sctr,"=IF(_xlfn.XLOOKUP(C2,Sctr!A:A,Sctr!E:E,"""")=""Y"",Dash!$S$5,0)"
258,IX,Dow Volatility,(ref_sector),drv_cat_index_volatility,40,theme:2,Sctr,"=IF(_xlfn.XLOOKUP(C2,Sctr!A:A,Sctr!F:F,"""")=""Y"",Dash!$S$9,0)"
259,IY,RusSell Volatility,(ref_sector),drv_cat_index_volatility,40,theme:2,Sctr,"=IF(_xlfn.XLOOKUP(C2,Sctr!A:A,Sctr!G:G,"""")=""Y"",Dash!$S$4,0)"
260,IZ,FCF,drv2_tw,drv_cat_misc,40,theme:2,TW,"=_xlfn.XLOOKUP($N2&$B2,TW!$D:$D,TW!$G:$G,"""")"
261,JA,Ticker,drv2_ma_thin,drv_cat_identity,41,theme:3,,=C2
262,JB,EarningsDays,drv2_tw,drv_cat_earnings,42,theme:2,TW,"=_xlfn.XLOOKUP($N2&$B2,TW!$D:$D,TW!$X:$X,"""")"
263,JC,Short Ratio,drv2_y,drv_cat_fundamentals,43,FFF6FCD0,Y,"=_xlfn.XLOOKUP($R2&$C2,Y!$D:$D,Y!$Q:$Q,"""")"
264,JD,Float,drv2_y,drv_cat_fundamentals,43,FFF6FCD0,Y,"=_xlfn.XLOOKUP($R2&$C2,Y!$D:$D,Y!$R:$R,"""")"
265,JE,Shares Out,drv2_y,drv_cat_fundamentals,43,FFF6FCD0,Y,"=_xlfn.XLOOKUP($R2&$C2,Y!$D:$D,Y!$S:$S,"""")"
266,JF,Begin,drv2_ma_thin,drv_cat_separator,44,theme:9,,
267,JG,MACDH Direction,drv2_ma_thin,drv_cat_atomic_input,45,theme:4,,"=IF(CK2=0,-1,SIGN(CK2))"
268,JH,MACD Direction,drv2_ma_thin,drv_cat_atomic_input,45,theme:4,,"=IF(CI2=0,-1,SIGN(CI2))"
269,JI,BB Direction,drv2_ma_thin,drv_cat_atomic_input,45,theme:4,,=AN2
270,JJ,BB Threshold,drv2_ma_thin,drv_cat_atomic_input,45,theme:4,,"=IF(AX2=1,AW2,0)"
271,JK,BBThresh CO Days,drv2_ma_thin,drv_cat_atomic_input,45,theme:4,,<openpyxl.worksheet.formula.ArrayFormula object at 0x77fa7f04dd50>
272,JL,BBThresh_CO_Days2,drv2_ma_thin,drv_cat_atomic_input,45,theme:4,,<openpyxl.worksheet.formula.ArrayFormula object at 0x77fa7f04ddb0>
273,JM,Trade Cross Over,drv2_ma_thin,drv_cat_atomic_input,45,theme:4,,<openpyxl.worksheet.formula.ArrayFormula object at 0x77fa7f04de10>
274,JN,Trade-Rule,drv2_ma_thin,drv_cat_atomic_input,45,theme:4,,<openpyxl.worksheet.formula.ArrayFormula object at 0x77fa7f04de70>
275,JO,!Trade Rule,drv2_ma_thin,drv_cat_atomic_input,46,theme:5,,=(-1)*JN2
276,JP,Trend Cross Over,drv2_ma_thin,drv_cat_atomic_input,47,theme:4,,<openpyxl.worksheet.formula.ArrayFormula object at 0x77fa7f04df90>
277,JQ,Trend-Rule,drv2_ma_thin,drv_cat_atomic_input,47,theme:4,,<openpyxl.worksheet.formula.ArrayFormula object at 0x77fa7f04dff0>
278,JR,!Trend Rule,drv2_ma_thin,drv_cat_atomic_input,48,theme:5,,=(-1)*JQ2
279,JS,Trend Trade Dep Rule,drv2_ma_thin,drv_cat_atomic_input,48,theme:5,,"=IF(AE2<=AF2,JQ2,JN2)"
280,JT,TrTn Relation,drv2_ma_thin,drv_cat_atomic_input,48,theme:5,,"=IF(AE2<=AF2,1,-1)"
281,JU,!TrTn Relation,drv2_ma_thin,drv_cat_atomic_input,48,theme:5,,=(-1)*JT2
282,JV,Trade Trend SD Rule,drv2_ma_thin,drv_cat_atomic_input,48,theme:5,,<openpyxl.worksheet.formula.ArrayFormula object at 0x77fa7f04e350>
283,JW,BRR% Rule,drv2_ma_thin,drv_cat_atomic_input,49,theme:4,,<openpyxl.worksheet.formula.ArrayFormula object at 0x77fa7f04e3b0>
284,JX,BRR% LRR,drv2_ma_thin,drv_cat_atomic_input,49,theme:4,,<openpyxl.worksheet.formula.ArrayFormula object at 0x77fa7f04e410>
285,JY,BRR% R2,drv2_ma_thin,drv_cat_atomic_input,49,theme:4,,<openpyxl.worksheet.formula.ArrayFormula object at 0x77fa7f04e470>
286,JZ,BRR% LRR2,drv2_ma_thin,drv_cat_atomic_input,49,theme:4,,<openpyxl.worksheet.formula.ArrayFormula object at 0x77fa7f04e4d0>
287,KA,BRR% TRR,drv2_ma_thin,drv_cat_atomic_input,49,theme:4,,<openpyxl.worksheet.formula.ArrayFormula object at 0x77fa7f04e530>
288,KB,BRR% Puts,drv2_ma_thin,drv_cat_atomic_input,49,theme:4,,<openpyxl.worksheet.formula.ArrayFormula object at 0x77fa7f04e590>
289,KC,BRR% TRR Puts,drv2_ma_thin,drv_cat_atomic_input,49,theme:4,,<openpyxl.worksheet.formula.ArrayFormula object at 0x77fa7f04e5f0>
290,KD,BRR% Dir,drv2_ma_thin,drv_cat_atomic_input,50,theme:5,,<openpyxl.worksheet.formula.ArrayFormula object at 0x77fa7f04e650>
291,KE,High TRR,drv2_ma_thin,drv_cat_atomic_input,51,FFE9F4D6,,<openpyxl.worksheet.formula.ArrayFormula object at 0x77fa7f04e6b0>
292,KF,Low LRR,drv2_ma_thin,drv_cat_atomic_input,51,FFE9F4D6,,<openpyxl.worksheet.formula.ArrayFormula object at 0x77fa7f04e710>
293,KG,Trend below TRR,drv2_ma_thin,drv_cat_atomic_input,52,theme:5,,"=IF(EQ2<0,-1,0)"
294,KH,LRR above Trade,drv2_ma_thin,drv_cat_atomic_input,53,FFE9F4D6,,"=IF(ER2>0,1,0)"
295,KI,TRR_Idx,drv2_ma_thin,drv_cat_atomic_input,54,theme:7,,<openpyxl.worksheet.formula.ArrayFormula object at 0x77fa7f04e8f0>
296,KJ,MRR_Idx,drv2_ma_thin,drv_cat_atomic_input,54,theme:7,,<openpyxl.worksheet.formula.ArrayFormula object at 0x77fa7f04e950>
297,KK,LRR_Idx,drv2_ma_thin,drv_cat_atomic_input,54,theme:7,,<openpyxl.worksheet.formula.ArrayFormula object at 0x77fa7f04e9b0>
298,KL,HVAbsolute,drv2_ma_thin,drv_cat_atomic_input,55,theme:4,,<openpyxl.worksheet.formula.ArrayFormula object at 0x77fa7f04ea10>
299,KM,IVAbsolute,drv2_ma_thin,drv_cat_atomic_input,55,theme:4,,<openpyxl.worksheet.formula.ArrayFormula object at 0x77fa7f04ea70>
300,KN,IVPercentile,drv2_ma_thin,drv_cat_atomic_input,55,theme:4,,<openpyxl.worksheet.formula.ArrayFormula object at 0x77fa7f04ead0>
301,KO,IVPercentile Puts,drv2_ma_thin,drv_cat_atomic_input,56,theme:7,,<openpyxl.worksheet.formula.ArrayFormula object at 0x77fa7f04eb30>
302,KP,HVPercentile,drv2_ma_thin,drv_cat_atomic_input,57,theme:4,,<openpyxl.worksheet.formula.ArrayFormula object at 0x77fa7f04eb90>
303,KQ,HVPercentile Puts,drv2_ma_thin,drv_cat_atomic_input,58,theme:7,,<openpyxl.worksheet.formula.ArrayFormula object at 0x77fa7f04ebf0>
304,KR,IVHV,drv2_ma_thin,drv_cat_atomic_input,59,theme:4,,<openpyxl.worksheet.formula.ArrayFormula object at 0x77fa7f04ec50>
305,KS,IVHV Puts,drv2_ma_thin,drv_cat_atomic_input,60,theme:7,,<openpyxl.worksheet.formula.ArrayFormula object at 0x77fa7f04ecb0>
306,KT,IVRule,drv2_ma_thin,drv_cat_atomic_input,61,theme:4,,<openpyxl.worksheet.formula.ArrayFormula object at 0x77fa7f04ed10>
307,KU,RSI Rule,drv2_ma_thin,drv_cat_atomic_input,61,theme:4,,<openpyxl.worksheet.formula.ArrayFormula object at 0x77fa7f04ed70>
308,KV,RSI Top,drv2_ma_thin,drv_cat_atomic_input,61,theme:4,,<openpyxl.worksheet.formula.ArrayFormula object at 0x77fa7f04edd0>
309,KW,RSI Puts,drv2_ma_thin,drv_cat_atomic_input,62,theme:7,,<openpyxl.worksheet.formula.ArrayFormula object at 0x77fa7f04ee30>
310,KX,3m-Low-Rule,drv2_ma_thin,drv_cat_atomic_input,63,theme:4,,<openpyxl.worksheet.formula.ArrayFormula object at 0x77fa7f04ee90>
311,KY,3m-Low-Days Rule,drv2_ma_thin,drv_cat_atomic_input,63,theme:4,,<openpyxl.worksheet.formula.ArrayFormula object at 0x77fa7f04eef0>
312,KZ,3mn-High-Rule,drv2_ma_thin,drv_cat_atomic_input,63,theme:4,,<openpyxl.worksheet.formula.ArrayFormula object at 0x77fa7f04ef50>
313,LA,3mn-High-Days Rule,drv2_ma_thin,drv_cat_atomic_input,63,theme:4,,<openpyxl.worksheet.formula.ArrayFormula object at 0x77fa7f04efb0>
314,LB,3m-Long,drv2_ma_thin,drv_cat_atomic_input,64,theme:5,,<openpyxl.worksheet.formula.ArrayFormula object at 0x77fa7f04f010>
315,LC,Perf3mn SD Rule,drv2_ma_thin,drv_cat_atomic_input,65,theme:4,,<openpyxl.worksheet.formula.ArrayFormula object at 0x77fa7f04f070>
316,LD,Perf2M SD Rule,drv2_ma_thin,drv_cat_atomic_input,65,theme:4,,<openpyxl.worksheet.formula.ArrayFormula object at 0x77fa7f04f0d0>
317,LE,Perf3WK SD Rule,drv2_ma_thin,drv_cat_atomic_input,65,theme:4,,<openpyxl.worksheet.formula.ArrayFormula object at 0x77fa7f04f130>
318,LF,Perf2WK SD Rule,drv2_ma_thin,drv_cat_atomic_input,65,theme:4,,<openpyxl.worksheet.formula.ArrayFormula object at 0x77fa7f04f190>
319,LG,Perf3D SD Rule,drv2_ma_thin,drv_cat_atomic_input,65,theme:4,,<openpyxl.worksheet.formula.ArrayFormula object at 0x77fa7f04f1f0>
320,LH,Perf1D SD Rule,drv2_ma_thin,drv_cat_atomic_input,65,theme:4,,<openpyxl.worksheet.formula.ArrayFormula object at 0x77fa7f04f250>
321,LI,!Perf1D_sd,drv2_ma_thin,drv_cat_atomic_input,65,theme:4,,=(-1)*LH2
322,LJ,Perf3D_sd_1off,drv2_ma_thin,drv_cat_atomic_input,65,theme:4,,<openpyxl.worksheet.formula.ArrayFormula object at 0x77fa7f04f370>
323,LK,Perf SD Rule,drv2_ma_thin,drv_cat_atomic_input,66,theme:5,,<openpyxl.worksheet.formula.ArrayFormula object at 0x77fa7f04f3d0>
324,LL,!Perf SD Rule,drv2_ma_thin,drv_cat_atomic_input,67,theme:7,,=(-1)*LK2
325,LM,!Perf3D Rule,drv2_ma_thin,drv_cat_atomic_input,68,theme:5,,=(-1)*LG2
326,LN,BBHighLow_SD Rule,drv2_ma_thin,drv_cat_atomic_input,69,theme:4,,<openpyxl.worksheet.formula.ArrayFormula object at 0x77fa7f04f5b0>
327,LO,BBHighLow Days Rule,drv2_ma_thin,drv_cat_atomic_input,69,theme:4,,<openpyxl.worksheet.formula.ArrayFormula object at 0x77fa7f04f610>
328,LP,BBStreak Rule,drv2_ma_thin,drv_cat_atomic_input,69,theme:4,,<openpyxl.worksheet.formula.ArrayFormula object at 0x77fa7f04f670>
329,LQ,BBStreakRule1,drv2_ma_thin,drv_cat_atomic_input,69,theme:4,,<openpyxl.worksheet.formula.ArrayFormula object at 0x77fa7f04f6d0>
330,LR,BBStreak Rule2,drv2_ma_thin,drv_cat_atomic_input,69,theme:4,,<openpyxl.worksheet.formula.ArrayFormula object at 0x77fa7f04f730>
331,LS,BBStreak Days Rule,drv2_ma_thin,drv_cat_atomic_input,69,theme:4,,<openpyxl.worksheet.formula.ArrayFormula object at 0x77fa7f04f790>
332,LT,BBStreak Days Rule2,drv2_ma_thin,drv_cat_atomic_input,69,theme:4,,<openpyxl.worksheet.formula.ArrayFormula object at 0x77fa7f04f7f0>
333,LU,BBStreak Days Rule3,drv2_ma_thin,drv_cat_atomic_input,69,theme:4,,<openpyxl.worksheet.formula.ArrayFormula object at 0x77fa7f04f850>
334,LV,BBStreak Days Rule4,drv2_ma_thin,drv_cat_atomic_input,69,theme:4,,<openpyxl.worksheet.formula.ArrayFormula object at 0x77fa7f04f8b0>
335,LW,BB Bull Rule,drv2_ma_thin,drv_cat_atomic_input,70,theme:5,,<openpyxl.worksheet.formula.ArrayFormula object at 0x77fa7f04f910>
336,LX,BB Bull Puts,drv2_ma_thin,drv_cat_atomic_input,71,theme:7,,=(-1)*LW2
337,LY,BBHighDays,drv2_ma_thin,drv_cat_atomic_input,72,theme:4,,<openpyxl.worksheet.formula.ArrayFormula object at 0x77fa7f04fa30>
338,LZ,BBLowDays,drv2_ma_thin,drv_cat_atomic_input,72,theme:4,,<openpyxl.worksheet.formula.ArrayFormula object at 0x77fa7f04fa90>
339,MA,MACD Rule,drv2_ma_thin,drv_cat_atomic_input,72,theme:4,,<openpyxl.worksheet.formula.ArrayFormula object at 0x77fa7f04faf0>
340,MB,MACDH Rule,drv2_ma_thin,drv_cat_atomic_input,72,theme:4,,<openpyxl.worksheet.formula.ArrayFormula object at 0x77fa7f04fb50>
341,MC,MACD and H Rule,drv2_ma_thin,drv_cat_atomic_input,73,theme:5,,=INT((MA2+MB2)/2)
342,MD,MACD_BRR Puts,drv2_ma_thin,drv_cat_atomic_input,74,theme:7,,<openpyxl.worksheet.formula.ArrayFormula object at 0x77fa7f04fc70>
343,ME,MACDH_BRR Puts,drv2_ma_thin,drv_cat_atomic_input,74,theme:7,,<openpyxl.worksheet.formula.ArrayFormula object at 0x77fa7f04fcd0>
344,MF,MACD and H Rule Puts,drv2_ma_thin,drv_cat_atomic_input,75,theme:5,,=INT((MD2+ME2)/2)
345,MG,MACDH Days,drv2_ma_thin,drv_cat_atomic_input,76,theme:4,,<openpyxl.worksheet.formula.ArrayFormula object at 0x77fa7f04fdf0>
346,MH,MACDH Days2,drv2_ma_thin,drv_cat_atomic_input,76,theme:4,,<openpyxl.worksheet.formula.ArrayFormula object at 0x77fa7f04fe50>
347,MI,Overbought,drv2_ma_thin,drv_cat_atomic_input,77,theme:5,,<openpyxl.worksheet.formula.ArrayFormula object at 0x77fa7f04feb0>
348,MJ,!Overbought,drv2_ma_thin,drv_cat_atomic_input,77,theme:5,,=(-1)*MI2
349,MK,3mn Outlook,drv2_ma_thin,drv_cat_atomic_input,78,theme:4,,<openpyxl.worksheet.formula.ArrayFormula object at 0x77fa7f04ffd0>
350,ML,3mn Outlook Days,drv2_ma_thin,drv_cat_atomic_input,78,theme:4,,<openpyxl.worksheet.formula.ArrayFormula object at 0x77fa7f07c070>
351,MM,3wk Outlook,drv2_ma_thin,drv_cat_atomic_input,78,theme:4,,<openpyxl.worksheet.formula.ArrayFormula object at 0x77fa7f07c0d0>
352,MN,3wk Outlook Days,drv2_ma_thin,drv_cat_atomic_input,78,theme:4,,<openpyxl.worksheet.formula.ArrayFormula object at 0x77fa7f07c130>
353,MO,!3wk ol,drv2_ma_thin,drv_cat_atomic_input,79,theme:5,,=(-1)*MM2
354,MP,!3wk ol days,drv2_ma_thin,drv_cat_atomic_input,79,theme:5,,=(-1)*MN2
355,MQ,BULL,drv2_ma_thin,drv_cat_atomic_input,80,theme:7,,<openpyxl.worksheet.formula.ArrayFormula object at 0x77fa7f07c310>
356,MR,!BULL,drv2_ma_thin,drv_cat_atomic_input,81,theme:5,,=(-1)*MQ2
357,MS,PerfOrBull,drv2_ma_thin,drv_cat_atomic_input,82,theme:7,,<openpyxl.worksheet.formula.ArrayFormula object at 0x77fa7f07c430>
358,MT,!PerfOrBull,drv2_ma_thin,drv_cat_atomic_input,83,theme:5,,=(-1)*MS2
359,MU,50-DMA-Rule,drv2_ma_thin,drv_cat_atomic_input,84,theme:4,,<openpyxl.worksheet.formula.ArrayFormula object at 0x77fa7f07c550>
360,MV,50-DMA-Crossover,drv2_ma_thin,drv_cat_atomic_input,84,theme:4,,<openpyxl.worksheet.formula.ArrayFormula object at 0x77fa7f07c5b0>
361,MW,200-DMA-Rule,drv2_ma_thin,drv_cat_atomic_input,84,theme:4,,<openpyxl.worksheet.formula.ArrayFormula object at 0x77fa7f07c610>
362,MX,200-DMA-Crossover,drv2_ma_thin,drv_cat_atomic_input,84,theme:4,,<openpyxl.worksheet.formula.ArrayFormula object at 0x77fa7f07c670>
363,MY,52-Wk Low Rule,drv2_ma_thin,drv_cat_atomic_input,84,theme:4,,<openpyxl.worksheet.formula.ArrayFormula object at 0x77fa7f07c6d0>
364,MZ,52-Wk High Rule,drv2_ma_thin,drv_cat_atomic_input,84,theme:4,,<openpyxl.worksheet.formula.ArrayFormula object at 0x77fa7f07c730>
365,NA,BRRTrade,drv2_ma_thin,drv_cat_atomic_input,85,theme:5,,"=IF(ABS(DX2-AF2)<=AC2*0.5,1,0)"
366,NB,TRRTrade,drv2_ma_thin,drv_cat_atomic_input,85,theme:5,,"=IF(ABS(DY2-AF2)<=AC2*0.5,-1,0)"
367,NC,Up Resistance,drv2_ma_thin,drv_cat_atomic_input,86,theme:4,,"=IF(AND((EH2+0.05*AC2)>CG2,D2<CG2),-0.5,0)+IF(AND((EH2+0.05*AC2)>CH2,D2<CH2),-0.5,0)"
368,ND,Down Resistance,drv2_ma_thin,drv_cat_atomic_input,86,theme:4,,"=IF(AND((EI2+0.05*AC2)<BA2,D2>BA2),1,0)+IF(AND((EI2+0.05*AC2)>CG2,D2>CG2),0.5,0)+IF(AND((EI2+0.05*AC2)<CH2,D2>CH2),0.5,0)"
369,NE,Earnings,drv2_ma_thin,drv_cat_atomic_input,86,theme:4,,<openpyxl.worksheet.formula.ArrayFormula object at 0x77fa7f07ca90>
370,NF,VS Price,drv2_ma_thin,drv_cat_atomic_input,87,FFFFE5E5,,<openpyxl.worksheet.formula.ArrayFormula object at 0x77fa7f07caf0>
371,NG,VS Volume Spike,drv2_ma_thin,drv_cat_atomic_input,87,FFFFE5E5,,<openpyxl.worksheet.formula.ArrayFormula object at 0x77fa7f07cb50>
372,NH,VS Volatility,drv2_ma_thin,drv_cat_atomic_input,87,FFFFE5E5,,<openpyxl.worksheet.formula.ArrayFormula object at 0x77fa7f07cbb0>
373,NI,VS Days,drv2_ma_thin,drv_cat_atomic_input,87,FFFFE5E5,,<openpyxl.worksheet.formula.ArrayFormula object at 0x77fa7f07cc10>
374,NJ,VS LT Outlook Rule,drv2_ma_thin,drv_cat_atomic_input,88,theme:7,,<openpyxl.worksheet.formula.ArrayFormula object at 0x77fa7f07cc70>
375,NK,Current Price SD Rule,drv2_ma_thin,drv_cat_atomic_input,89,FFCCFFCC,,<openpyxl.worksheet.formula.ArrayFormula object at 0x77fa7f07ccd0>
376,NL,Current Volume Rule,drv2_ma_thin,drv_cat_atomic_input,89,FFCCFFCC,,<openpyxl.worksheet.formula.ArrayFormula object at 0x77fa7f07cd30>
377,NM,Current Volatility Rule,drv2_ma_thin,drv_cat_atomic_input,89,FFCCFFCC,,<openpyxl.worksheet.formula.ArrayFormula object at 0x77fa7f07cd90>
378,NN,Short Term Oulook (If LT Bullish),drv2_ma_thin,drv_cat_atomic_input,90,theme:7,,<openpyxl.worksheet.formula.ArrayFormula object at 0x77fa7f07cdf0>
379,NO,Short Term Oulook (If LT Bearish),drv2_ma_thin,drv_cat_atomic_input,91,theme:5,,<openpyxl.worksheet.formula.ArrayFormula object at 0x77fa7f07ce50>
380,NP,End,drv2_ma_thin,drv_cat_separator,92,theme:4,,
381,NQ,=Trig!O1,drv2_ma_thin,drv_cat_composite,93,theme:5,,<openpyxl.worksheet.formula.ArrayFormula object at 0x77fa7f07ceb0>
382,NR,=Trig!Q1,drv2_ma_thin,drv_cat_composite,93,theme:5,,<openpyxl.worksheet.formula.ArrayFormula object at 0x77fa7f07cf10>
383,NS,=Trig!S1,drv2_ma_thin,drv_cat_composite,93,theme:5,,<openpyxl.worksheet.formula.ArrayFormula object at 0x77fa7f07cf70>
384,NT,=Trig!U1,drv2_ma_thin,drv_cat_composite,93,theme:5,,<openpyxl.worksheet.formula.ArrayFormula object at 0x77fa7f07cfd0>
385,NU,=Trig!W1,drv2_ma_thin,drv_cat_composite,93,theme:5,,<openpyxl.worksheet.formula.ArrayFormula object at 0x77fa7f07d030>
386,NV,=Trig!Y1,drv2_ma_thin,drv_cat_composite,93,theme:5,,<openpyxl.worksheet.formula.ArrayFormula object at 0x77fa7f07d090>
387,NW,=Trig!AA1,drv2_ma_thin,drv_cat_composite,93,theme:5,,<openpyxl.worksheet.formula.ArrayFormula object at 0x77fa7f07d0f0>
388,NX,=Trig!AC1,drv2_ma_thin,drv_cat_composite,93,theme:5,,<openpyxl.worksheet.formula.ArrayFormula object at 0x77fa7f07d150>
389,NY,=Trig!AE1,drv2_ma_thin,drv_cat_composite,93,theme:5,,<openpyxl.worksheet.formula.ArrayFormula object at 0x77fa7f07d1b0>
390,NZ,=Trig!AG1,drv2_ma_thin,drv_cat_composite,93,theme:5,,<openpyxl.worksheet.formula.ArrayFormula object at 0x77fa7f07d210>
391,OA,=Trig!AI1,drv2_ma_thin,drv_cat_composite,93,theme:5,,<openpyxl.worksheet.formula.ArrayFormula object at 0x77fa7f07d270>
392,OB,=Trig!AK1,drv2_ma_thin,drv_cat_composite,93,theme:5,,<openpyxl.worksheet.formula.ArrayFormula object at 0x77fa7f07d2d0>
393,OC,=Trig!AM1,drv2_ma_thin,drv_cat_composite,93,theme:5,,<openpyxl.worksheet.formula.ArrayFormula object at 0x77fa7f07d330>
394,OD,=Trig!AO1,drv2_ma_thin,drv_cat_composite,93,theme:5,,<openpyxl.worksheet.formula.ArrayFormula object at 0x77fa7f07d390>
395,OE,=Trig!AQ1,drv2_ma_thin,drv_cat_composite,93,theme:5,,<openpyxl.worksheet.formula.ArrayFormula object at 0x77fa7f07d3f0>
396,OF,=Trig!AS1,drv2_ma_thin,drv_cat_composite,93,theme:5,,<openpyxl.worksheet.formula.ArrayFormula object at 0x77fa7f07d450>
397,OG,=Trig!AU1,drv2_ma_thin,drv_cat_composite,93,theme:5,,<openpyxl.worksheet.formula.ArrayFormula object at 0x77fa7f07d4b0>
398,OH,=Trig!AW1,drv2_ma_thin,drv_cat_composite,93,theme:5,,<openpyxl.worksheet.formula.ArrayFormula object at 0x77fa7f07d510>
399,OI,=Trig!AY1,drv2_ma_thin,drv_cat_composite,93,theme:5,,<openpyxl.worksheet.formula.ArrayFormula object at 0x77fa7f07d570>
400,OJ,=Trig!BA1,drv2_ma_thin,drv_cat_composite,93,theme:5,,<openpyxl.worksheet.formula.ArrayFormula object at 0x77fa7f07d5d0>
401,OK,=Trig!BC1,drv2_ma_thin,drv_cat_composite,93,theme:5,,<openpyxl.worksheet.formula.ArrayFormula object at 0x77fa7f07d630>
402,OL,=Trig!BE1,drv2_ma_thin,drv_cat_composite,93,theme:5,,<openpyxl.worksheet.formula.ArrayFormula object at 0x77fa7f07d690>
403,OM,=Trig!BG1,drv2_ma_thin,drv_cat_composite,93,theme:5,,<openpyxl.worksheet.formula.ArrayFormula object at 0x77fa7f07d6f0>
404,ON,=Trig!BI1,drv2_ma_thin,drv_cat_composite,93,theme:5,,<openpyxl.worksheet.formula.ArrayFormula object at 0x77fa7f07d750>
405,OO,=Trig!BK1,drv2_ma_thin,drv_cat_composite,93,theme:5,,<openpyxl.worksheet.formula.ArrayFormula object at 0x77fa7f07d7b0>
406,OP,=Trig!BM1,drv2_ma_thin,drv_cat_composite,93,theme:5,,<openpyxl.worksheet.formula.ArrayFormula object at 0x77fa7f07d810>
407,OQ,=Trig!BO1,drv2_ma_thin,drv_cat_composite,93,theme:5,,<openpyxl.worksheet.formula.ArrayFormula object at 0x77fa7f07d870>
408,OR,=Trig!BQ1,drv2_ma_thin,drv_cat_composite,93,theme:5,,<openpyxl.worksheet.formula.ArrayFormula object at 0x77fa7f07d8d0>
409,OS,=Trig!BS1,drv2_ma_thin,drv_cat_composite,93,theme:5,,<openpyxl.worksheet.formula.ArrayFormula object at 0x77fa7f07d930>
410,OT,=Trig!BU1,drv2_ma_thin,drv_cat_composite,93,theme:5,,<openpyxl.worksheet.formula.ArrayFormula object at 0x77fa7f07d990>
411,OU,=Trig!BW1,drv2_ma_thin,drv_cat_composite,94,theme:9,,<openpyxl.worksheet.formula.ArrayFormula object at 0x77fa7f07d9f0>
412,OV,=Trig!BY1,drv2_ma_thin,drv_cat_composite,94,theme:9,,<openpyxl.worksheet.formula.ArrayFormula object at 0x77fa7f07da50>
413,OW,=Trig!CA1,drv2_ma_thin,drv_cat_composite,94,theme:9,,<openpyxl.worksheet.formula.ArrayFormula object at 0x77fa7f07dab0>
414,OX,=Trig!CC1,drv2_ma_thin,drv_cat_composite,94,theme:9,,<openpyxl.worksheet.formula.ArrayFormula object at 0x77fa7f07db10>
415,OY,=Trig!CE1,drv2_ma_thin,drv_cat_composite,94,theme:9,,<openpyxl.worksheet.formula.ArrayFormula object at 0x77fa7f07db70>
416,OZ,=Trig!CG1,drv2_ma_thin,drv_cat_composite,94,theme:9,,<openpyxl.worksheet.formula.ArrayFormula object at 0x77fa7f07dbd0>
417,PA,=Trig!CI1,drv2_ma_thin,drv_cat_composite,94,theme:9,,<openpyxl.worksheet.formula.ArrayFormula object at 0x77fa7f07dc30>
418,PB,=Trig!CK1,drv2_ma_thin,drv_cat_composite,94,theme:9,,<openpyxl.worksheet.formula.ArrayFormula object at 0x77fa7f07dc90>
419,PC,=Trig!CM1,drv2_ma_thin,drv_cat_composite,94,theme:9,,<openpyxl.worksheet.formula.ArrayFormula object at 0x77fa7f07dcf0>
420,PD,=Trig!CO1,drv2_ma_thin,drv_cat_composite,94,theme:9,,<openpyxl.worksheet.formula.ArrayFormula object at 0x77fa7f07dd50>
421,PE,=Trig!CQ1,drv2_ma_thin,drv_cat_composite,94,theme:9,,<openpyxl.worksheet.formula.ArrayFormula object at 0x77fa7f07ddb0>
422,PF,=Trig!CS1,drv2_ma_thin,drv_cat_composite,94,theme:9,,<openpyxl.worksheet.formula.ArrayFormula object at 0x77fa7f07de10>
423,PG,=Trig!CU1,drv2_ma_thin,drv_cat_composite,94,theme:9,,<openpyxl.worksheet.formula.ArrayFormula object at 0x77fa7f07de70>
424,PH,=Trig!CW1,drv2_ma_thin,drv_cat_composite,94,theme:9,,<openpyxl.worksheet.formula.ArrayFormula object at 0x77fa7f07ded0>
425,PI,=Trig!CY1,drv2_ma_thin,drv_cat_composite,94,theme:9,,<openpyxl.worksheet.formula.ArrayFormula object at 0x77fa7f07df30>
426,PJ,=Trig!DA1,drv2_ma_thin,drv_cat_composite,94,theme:9,,<openpyxl.worksheet.formula.ArrayFormula object at 0x77fa7f07df90>
427,PK,=Trig!DC1,drv2_ma_thin,drv_cat_composite,94,theme:9,,<openpyxl.worksheet.formula.ArrayFormula object at 0x77fa7f07dff0>
428,PL,=Trig!DE1,drv2_ma_thin,drv_cat_composite,94,theme:9,,<openpyxl.worksheet.formula.ArrayFormula object at 0x77fa7f07e050>
429,PM,=Trig!DG1,drv2_ma_thin,drv_cat_composite,94,theme:9,,<openpyxl.worksheet.formula.ArrayFormula object at 0x77fa7f07e0b0>
430,PN,=Trig!DI1,drv2_ma_thin,drv_cat_composite,94,theme:9,,<openpyxl.worksheet.formula.ArrayFormula object at 0x77fa7f07e110>
431,PO,=Trig!DK1,drv2_ma_thin,drv_cat_composite,94,theme:9,,<openpyxl.worksheet.formula.ArrayFormula object at 0x77fa7f07e170>
432,PP,=Trig!DM1,drv2_ma_thin,drv_cat_composite,94,theme:9,,<openpyxl.worksheet.formula.ArrayFormula object at 0x77fa7f07e1d0>
433,PQ,=Trig!DO1,drv2_ma_thin,drv_cat_composite,94,theme:9,,<openpyxl.worksheet.formula.ArrayFormula object at 0x77fa7f07e230>
434,PR,=Trig!DQ1,drv2_ma_thin,drv_cat_composite,94,theme:9,,<openpyxl.worksheet.formula.ArrayFormula object at 0x77fa7f07e290>
435,PS,=Trig!DS1,drv2_ma_thin,drv_cat_composite,94,theme:9,,<openpyxl.worksheet.formula.ArrayFormula object at 0x77fa7f07e2f0>
436,PT,=Trig!DU1,drv2_ma_thin,drv_cat_composite,94,theme:9,,<openpyxl.worksheet.formula.ArrayFormula object at 0x77fa7f07e350>
437,PU,=Trig!DW1,drv2_ma_thin,drv_cat_composite,94,theme:9,,<openpyxl.worksheet.formula.ArrayFormula object at 0x77fa7f07e3b0>
438,PV,=Trig!DY1,drv2_ma_thin,drv_cat_composite,94,theme:9,,<openpyxl.worksheet.formula.ArrayFormula object at 0x77fa7f07e410>
439,PW,=Trig!EA1,drv2_ma_thin,drv_cat_composite,94,theme:9,,<openpyxl.worksheet.formula.ArrayFormula object at 0x77fa7f07e470>
440,PX,=Trig!EC1,drv2_ma_thin,drv_cat_composite,94,theme:9,,<openpyxl.worksheet.formula.ArrayFormula object at 0x77fa7f07e4d0>
441,PY,=Trig!EE1,drv2_ma_thin,drv_cat_composite,94,theme:9,,<openpyxl.worksheet.formula.ArrayFormula object at 0x77fa7f07e530>
442,PZ,=Trig!EG1,drv2_ma_thin,drv_cat_composite,95,theme:5,,<openpyxl.worksheet.formula.ArrayFormula object at 0x77fa7f07e590>
443,QA,=Trig!EI1,drv2_ma_thin,drv_cat_composite,95,theme:5,,<openpyxl.worksheet.formula.ArrayFormula object at 0x77fa7f07e5f0>
444,QB,=Trig!EK1,drv2_ma_thin,drv_cat_composite,95,theme:5,,<openpyxl.worksheet.formula.ArrayFormula object at 0x77fa7f07e650>
445,QC,=Trig!EM1,drv2_ma_thin,drv_cat_composite,95,theme:5,,<openpyxl.worksheet.formula.ArrayFormula object at 0x77fa7f07e6b0>
446,QD,=Trig!EO1,drv2_ma_thin,drv_cat_composite,95,theme:5,,<openpyxl.worksheet.formula.ArrayFormula object at 0x77fa7f07e710>
447,QE,Tn Td Rule,drv2_ma_thin,drv_cat_trend_trade,96,FFCCCC00,,<openpyxl.worksheet.formula.ArrayFormula object at 0x77fa7f07e770>
448,QF,Tn Td Rule Action,(ref_param),drv_cat_trend_trade,96,FFCCCC00,Parm,"=_xlfn.XLOOKUP(QE2,Parm!$BS$26:$BS$31,Parm!$BV$26:$BV$31)"
449,QG,Tn Td Rule Desc,(ref_param),drv_cat_trend_trade,96,FFCCCC00,Parm,"=_xlfn.XLOOKUP(QE2,Parm!$BS$26:$BS$31,Parm!$BT$26:$BT$31)"
450,QH,A_BB_Bot_Slope,drv2_td,drv_cat_bollinger,97,theme:7,TD,"=_xlfn.XLOOKUP($M2&$B2,TD!$D:$D,TD!$BI:$BI,"""")"
451,QI,A_BB_Top_Slope,drv2_td,drv_cat_bollinger,97,theme:7,TD,"=_xlfn.XLOOKUP($M2&$B2,TD!$D:$D,TD!$BH:$BH,"""")"
452,QJ,BBRngStrkRule,drv2_ma_thin,drv_cat_bollinger,97,theme:7,,<openpyxl.worksheet.formula.ArrayFormula object at 0x77fa7f07e7d0>
453,QK,BBRngStrkRule Action,(ref_param),drv_cat_bollinger,97,theme:7,Parm,"=_xlfn.XLOOKUP(QJ2,Parm!$BS$51:$BS$59,Parm!$BV$51:$BV$59,"""")"
454,QL,BBRngStrkRule Desc,(ref_param),drv_cat_bollinger,97,theme:7,Parm,"=_xlfn.XLOOKUP(QJ2,Parm!$BS$51:$BS$59,Parm!$BT$51:$BT$59,"""")"
455,QM,BullRiskRng-Action,drv2_ma_thin,drv_cat_risk_range,98,FFF5F571,,<openpyxl.worksheet.formula.ArrayFormula object at 0x77fa7f07e830>
456,QN,!BullRiskRng-Action,drv2_ma_thin,drv_cat_risk_range,98,FFF5F571,,<openpyxl.worksheet.formula.ArrayFormula object at 0x77fa7f07e890>
457,QO,RiskRng Longs Action,(ref_param),drv_cat_misc,98,FFF5F571,Parm,"=IF(QJ2>=2,_xlfn.XLOOKUP(QM2,Parm!$BS$34:$BS$40,Parm!$BV$34:$BV$40,""""),IF(QJ2>=0,_xlfn.XLOOKUP(QN2,Parm!$BS$43:$BS$48,Parm!$BV$43:$BV$48,""""),""""))"
458,QP,RRBullBear,drv2_ma_thin,drv_cat_misc,98,FFF5F571,,"=IF(QQ2="""","""",IF(QJ2>=2,""B"",IF(QJ2>=0,""!B"","""")))"
459,QQ,RRDesc,(ref_param),drv_cat_misc,98,FFF5F571,Parm,"=IF(QJ2>=2,_xlfn.XLOOKUP(QM2,Parm!$BS$34:$BS$40,Parm!$BT$34:$BT$40,""""),IF(QJ2>=0,_xlfn.XLOOKUP(QN2,Parm!$BS$43:$BS$48,Parm!$BT$43:$BT$48,""""),""""))"
460,QR,Td Tn BB Risk Range Rule Action,drv2_ma_thin,drv_cat_risk_range,99,FFCCFF66,,<openpyxl.worksheet.formula.ArrayFormula object at 0x77fa7f07e9b0>
461,QS,Td Tn BB Risk Range Rule Action,(ref_param),drv_cat_risk_range,99,FFCCFF66,Parm,"=_xlfn.XLOOKUP(QR2,Parm!$AO$2:$AO$21,Parm!$AQ$2:$AQ$21,"""")"
462,QT,Td Tn BB Risk Range Rule Action Seq,(ref_param),drv_cat_risk_range,99,FFCCFF66,Parm,"=_xlfn.XLOOKUP(QR2,Parm!$AO$2:$AO$21,Parm!$AR$2:$AR$21,"""")"
463,QU,PS Rk,drv2_ps,drv_cat_ps,100,FFA0FEE1,ps,"=_xlfn.XLOOKUP(B2,ps!A:A,ps!Z:Z,"""")"
464,QV,PS Outlook,drv2_ma_thin,drv_cat_holdings,100,FFA0FEE1,,<openpyxl.worksheet.formula.ArrayFormula object at 0x77fa7f07ea10>
465,QW,PSRk Chg,drv2_ps,drv_cat_ps,100,FFA0FEE1,ps,"=_xlfn.XLOOKUP(B2,ps!A:A,ps!AA:AA,"""")"
466,QX,ETF,drv2_etfchg,drv_cat_etf,100,FFA0FEE1,etfchg,"=_xlfn.XLOOKUP(B2,etfchg!C:C,etfchg!F:F,_xlfn.XLOOKUP(U2&B2,etf!A:A,etf!G:G,""""))"
467,QY,II,drv2_ii,drv_cat_misc,100,FFA0FEE1,II,"=_xlfn.XLOOKUP(T2&B2,II!A:A,II!E:E,"""")"
468,QZ,II Chg,drv2_ma_thin,drv_cat_ii,100,FFA0FEE1,IIchg,"=_xlfn.XLOOKUP(B2,IIchg!C:C,IIchg!E:E,"""")"
469,RA,II Final,drv2_ma_thin,drv_cat_ii,100,FFA0FEE1,,"=IF(QZ2<>"""",QZ2,QY2)"
470,RB,CAll,drv2_call,drv_cat_misc,100,FFA0FEE1,call,"=_xlfn.XLOOKUP(B2,call!H:H,call!I:I,"""")"
471,RC,CAll Modifier,drv2_call,drv_cat_misc,100,FFA0FEE1,call,"=_xlfn.XLOOKUP(B2,call!H:H,call!J:J,"""")"
472,RD,RR,drv2_rr,drv_cat_misc,100,FFA0FEE1,RR,"=_xlfn.XLOOKUP(B2,RR!F:F,RR!J:J,"""")"
473,RE,Sg Rk,drv2_ssl,drv_cat_misc,100,FFA0FEE1,ssL,"=_xlfn.XLOOKUP(B2,ssL!C:C,ssL!D:D,"""")"
474,RF,KM,drv2_ssl,drv_cat_misc,100,FFA0FEE1,ssL,"=_xlfn.XLOOKUP(B2,ssL!C:C,ssL!E:E,"""")"
475,RG,SgRk Chg,drv2_sss,drv_cat_misc,100,FFA0FEE1,sss,"=_xlfn.XLOOKUP(B2,sss!B:B,sss!Q:Q,"""")"
476,RH,Sg Strength,drv2_ssl,drv_cat_misc,100,FFA0FEE1,ssL,"=_xlfn.XLOOKUP(B2,ssL!C:C,ssL!F:F,"""")"
477,RI,SgS Chg,drv2_sss,drv_cat_misc,100,FFA0FEE1,sss,"=_xlfn.XLOOKUP(B2,sss!B:B,sss!U:U,"""")"
478,RJ,Sig OL,drv2_ma_thin,drv_cat_quad_outlook,100,FFA0FEE1,,<openpyxl.worksheet.formula.ArrayFormula object at 0x77fa7f07eb30>
479,RK,Sig Rating,drv2_ma_thin,drv_cat_misc,100,FFA0FEE1,,"=_xlfn.NUMBERVALUE(IF(AND(_xlfn.NUMBERVALUE(RA2)=0,_xlfn.NUMBERVALUE(RB2)=0,_xlfn.NUMBERVALUE(RD2)=0,_xlfn.NUMBERVALUE(QX2)=0,_xlfn.NUMBERVALUE(QU2)=0,_xlfn.NUM"
480,RL,HE Outlook,drv2_ma_thin,drv_cat_holdings,100,FFA0FEE1,,<openpyxl.worksheet.formula.ArrayFormula object at 0x77fa7f07ec50>
481,RM,SSS Entry,drv2_sss,drv_cat_holdings,101,FFAAC6F4,sss,"=_xlfn.XLOOKUP(B2,sss!V:V,sss!X:X,"""")"
482,RN,PS Date,drv2_ps,drv_cat_ps,101,FFAAC6F4,ps,"=_xlfn.XLOOKUP(B2,ps!AB:AB,ps!AG:AG,"""")"
483,RO,ETF Date,drv2_etfchg,drv_cat_etf,101,FFAAC6F4,etfchg,"=_xlfn.XLOOKUP(B2,etfchg!C:C,etfchg!E:E,_xlfn.XLOOKUP(B2,etf!I:I,etf!N:N,""""))"
484,RP,II Date,drv2_ii,drv_cat_ii,101,FFAAC6F4,II,"=_xlfn.XLOOKUP(B2,II!G:G,II!L:L,"""")"
485,RQ,CAll Date,drv2_call,drv_cat_misc,101,FFAAC6F4,call,"=_xlfn.XLOOKUP(B2,call!H:H,call!C:C,"""")"
486,RR,RR Date,drv2_rr,drv_cat_risk_range,101,FFAAC6F4,RR,"=_xlfn.XLOOKUP(B2,RR!F:F,RR!D:D,"""")"
487,RS,PS Entry,drv2_ps,drv_cat_holdings,101,FFAAC6F4,ps,"=_xlfn.XLOOKUP(B2,ps!AB:AB,ps!AD:AD,"""")"
488,RT,ETF Entry,drv2_etfchg,drv_cat_holdings,101,FFAAC6F4,etfchg,"=_xlfn.XLOOKUP(B2,etfchg!C:C,etfchg!D:D,_xlfn.XLOOKUP(B2,etf!I:I,etf!K:K,""""))"
489,RU,II Entry,drv2_ii,drv_cat_holdings,101,FFAAC6F4,II,"=_xlfn.XLOOKUP(B2,II!G:G,II!I:I,"""")"
490,RV,CAll Entry,drv2_call,drv_cat_holdings,101,FFAAC6F4,call,"=_xlfn.XLOOKUP(B2,call!H:H,call!L:L,"""")"
491,RW,RR Entry,drv2_rr,drv_cat_holdings,101,FFAAC6F4,RR,"=_xlfn.XLOOKUP(B2,RR!F:F,RR!O:O,"""")"
492,RX,HE Entry,drv2_ma_thin,drv_cat_holdings,102,theme:9,,"=_xlfn.SINGLE(_xlfn.IFNA(_xlfn.XLOOKUP(MAX(RN2:RR2), RN2:RR2, RS2:RW2),""""))"
493,RY,SSS Date,drv2_sss,drv_cat_signal_strength,103,FFAAC6F4,sss,"=_xlfn.XLOOKUP(B2,sss!V:V,sss!AA:AA,"""")"
494,RZ,SS Entry Only,drv2_ma_thin,drv_cat_holdings,104,FF00B0F0,,"=IF(RX2="""",RM2,"""")"
495,SA,HE Entry,drv2_ma_thin,drv_cat_holdings,105,FFA0FEE1,,"=IF(RZ2="""",RX2,IF(_xlfn.NUMBERVALUE(RX2)<>0,MIN(RX2,RZ2),RZ2))"
496,SB,PS Cont,drv2_ps,drv_cat_holdings,106,FFAAC6F4,ps,"=_xlfn.XLOOKUP(B2,ps!AB:AB,ps!AF:AF,"""")"
497,SC,ETF Cont,drv2_etfchg,drv_cat_holdings,106,FFAAC6F4,etfchg,"=_xlfn.XLOOKUP(B2,etfchg!C:C,etfchg!D:D,_xlfn.XLOOKUP(B2,etf!I:I,etf!M:M,""""))"
498,SD,II Cont,drv2_ii,drv_cat_holdings,106,FFAAC6F4,II,"=_xlfn.XLOOKUP(B2,II!G:G,II!K:K,"""")"
499,SE,CAll Cont,drv2_call,drv_cat_holdings,106,FFAAC6F4,call,"=_xlfn.XLOOKUP(B2,call!H:H,call!N:N,"""")"
500,SF,RR Cont,drv2_rr,drv_cat_holdings,106,FFAAC6F4,RR,"=_xlfn.XLOOKUP(B2,RR!F:F,RR!Q:Q,"""")"
501,SG,HE Cont,drv2_ma_thin,drv_cat_holdings,107,FFA0FEE1,,"=_xlfn.IFNA(_xlfn.XLOOKUP(MAX(RN2:RR2), RN2:RR2, SB2:SF2),"""")"
502,SH,SS Entry Only,drv2_ma_thin,drv_cat_holdings,108,FF00B0F0,,"=IF(RX2="""","""",RM2)"
503,SI,SSS Cont,drv2_sss,drv_cat_holdings,108,FF00B0F0,sss,"=_xlfn.XLOOKUP(B2,sss!V:V,sss!Z:Z,"""")"
504,SJ,Trig Matched Rule1,drv2_ma_thin,drv_cat_trig_summary,109,theme:9,,<openpyxl.worksheet.formula.ArrayFormula object at 0x77fa7f07f070>
505,SK,Trig M Rule2,drv2_ma_thin,drv_cat_trig_summary,109,theme:9,,<openpyxl.worksheet.formula.ArrayFormula object at 0x77fa7f07f0d0>
506,SL,Trig M Rule3,drv2_ma_thin,drv_cat_trig_summary,109,theme:9,,<openpyxl.worksheet.formula.ArrayFormula object at 0x77fa7f07f130>
507,SM,Trig M Rule4,drv2_ma_thin,drv_cat_trig_summary,109,theme:9,,<openpyxl.worksheet.formula.ArrayFormula object at 0x77fa7f07f190>
508,SN,Trig M Rule5,drv2_ma_thin,drv_cat_trig_summary,109,theme:9,,<openpyxl.worksheet.formula.ArrayFormula object at 0x77fa7f07f1f0>
509,SO,Trig M Rule6,drv2_ma_thin,drv_cat_trig_summary,109,theme:9,,<openpyxl.worksheet.formula.ArrayFormula object at 0x77fa7f07f250>
510,SP,Trig M Rule7,drv2_ma_thin,drv_cat_trig_summary,109,theme:9,,<openpyxl.worksheet.formula.ArrayFormula object at 0x77fa7f07f2b0>
511,SQ,Trig M Rule8,drv2_ma_thin,drv_cat_trig_summary,109,theme:9,,<openpyxl.worksheet.formula.ArrayFormula object at 0x77fa7f07f310>
512,SR,Trig M Rule9,drv2_ma_thin,drv_cat_trig_summary,109,theme:9,,<openpyxl.worksheet.formula.ArrayFormula object at 0x77fa7f07f370>
513,SS,Trig M Rule10,drv2_ma_thin,drv_cat_trig_summary,109,theme:9,,<openpyxl.worksheet.formula.ArrayFormula object at 0x77fa7f07f3d0>
514,ST,Trig M Rule11,drv2_ma_thin,drv_cat_trig_summary,109,theme:9,,<openpyxl.worksheet.formula.ArrayFormula object at 0x77fa7f07f430>
515,SU,Blanks,drv2_ma_thin,drv_cat_misc,110,FFFFFFCC,,=COUNTBLANK(SJ2:ST2)
516,SV,Negatives,drv2_ma_thin,drv_cat_misc,110,FFFFFFCC,,"=IF(SU2=11,"""",COUNTIF(SJ2:ST2,""<0""))"
517,SW,Positives,drv2_ma_thin,drv_cat_misc,110,FFFFFFCC,,"=IF(SU2=11,"""",COUNTIF(SJ2:ST2,"">0""))"
518,SX,Neg Rank,drv2_ma_thin,drv_cat_misc,111,FFCCCC00,,"=IF(_xlfn.NUMBERVALUE(SV2)>0,MIN(SJ2:ST2),"""")"
519,SY,Pos Rank,drv2_ma_thin,drv_cat_misc,111,FFCCCC00,,"=IF(_xlfn.NUMBERVALUE(SW2)>0,MAX(SJ2:ST2),"""")"
520,SZ,Trig Rule,drv2_ma_thin,drv_cat_trig_summary,112,theme:9,,<openpyxl.worksheet.formula.ArrayFormula object at 0x77fa7f07f850>
521,TA,HE Entry,drv2_ma_thin,drv_cat_holdings,113,FFA0FEE1,,=SA2
522,TB,HE Cont,drv2_ma_thin,drv_cat_holdings,113,FFA0FEE1,,=SG2
523,TC,SS Entry,drv2_ma_thin,drv_cat_holdings,114,FF00B0F0,,=SH2
524,TD,SS Cont,drv2_ma_thin,drv_cat_holdings,114,FF00B0F0,,=SI2
525,TE,Trig,drv2_ma_thin,drv_cat_trig_summary,115,theme:9,,=SZ2
526,TF,Blanks,drv2_ma_thin,drv_cat_misc,116,FFFFFFCC,,=COUNTBLANK(TA2:TE2)
527,TG,Negatives,drv2_ma_thin,drv_cat_misc,116,FFFFFFCC,,"=IF(TF2=5,"""",COUNTIF(TA2:TE2,""<0""))"
528,TH,Positives,drv2_ma_thin,drv_cat_misc,116,FFFFFFCC,,"=IF(TF2=5,"""",COUNTIF(TA2:TE2,"">0""))"
529,TI,Neg Rank,drv2_ma_thin,drv_cat_misc,117,FFCCCC00,,"=IF(_xlfn.NUMBERVALUE(TG2)>0,MIN(TA2:TE2),"""")"
530,TJ,Pos Rank,drv2_ma_thin,drv_cat_misc,117,FFCCCC00,,"=IF(_xlfn.NUMBERVALUE(TH2)>0,MAX(TA2:TE2),"""")"
531,TK,Entry,drv2_ma_thin,drv_cat_holdings,118,FF99CC00,,<openpyxl.worksheet.formula.ArrayFormula object at 0x77fa7f09c070>
532,TL,HE Cont,drv2_ma_thin,drv_cat_holdings,119,FFA0FEE1,,=SG2
533,TM,SS Cont,drv2_ma_thin,drv_cat_holdings,120,FF00B0F0,,=SI2
534,TN,Trig,drv2_ma_thin,drv_cat_trig_summary,121,theme:9,,=SZ2
535,TO,Blanks,drv2_ma_thin,drv_cat_misc,122,FFFFFFCC,,=COUNTBLANK(TL2:TN2)
536,TP,Negatives,drv2_ma_thin,drv_cat_misc,122,FFFFFFCC,,"=IF(TO2=3,"""",COUNTIF(TL2:TN2,""<0""))"
537,TQ,Positives,drv2_ma_thin,drv_cat_misc,122,FFFFFFCC,,"=IF(TO2=3,"""",COUNTIF(TL2:TN2,"">0""))"
538,TR,Neg Rank,drv2_ma_thin,drv_cat_misc,123,FFCCCC00,,"=IF(_xlfn.NUMBERVALUE(TP2)>0,MIN(TL2:TN2),"""")"
539,TS,Pos Rank,drv2_ma_thin,drv_cat_misc,123,FFCCCC00,,"=IF(_xlfn.NUMBERVALUE(TQ2)>0,MAX(TL2:TN2),"""")"
540,TT,Cont,drv2_ma_thin,drv_cat_holdings,124,FF99CC00,,<openpyxl.worksheet.formula.ArrayFormula object at 0x77fa7f09c6d0>
541,TU,OverAll,drv2_ma_thin,drv_cat_misc,125,FFCCFF66,,"=IF(UI2=0,TK2,TT2)"
542,TV,OverAll Group,drv2_ma_thin,drv_cat_misc,125,FFCCFF66,,
543,TW,Action Type,(ref_param),drv_cat_misc,125,FFCCFF66,Parm,"=_xlfn.XLOOKUP(TU2,Parm!$AO$2:$AO$25,Parm!$AS$2:$AS$25,"""")"
544,TX,^L1,drv2_ma_thin,drv_cat_holdings,126,FF66FF33,,<openpyxl.worksheet.formula.ArrayFormula object at 0x77fa7f09c7f0>
545,TY,^L2,drv2_ma_thin,drv_cat_action,126,FF66FF33,,<openpyxl.worksheet.formula.ArrayFormula object at 0x77fa7f09c850>
546,TZ,^L3,drv2_ma_thin,drv_cat_action,126,FF66FF33,,"=IF(XG2="""",0,_xlfn.NUMBERVALUE(_xlfn.TEXTBEFORE(XG2, ""-"")))"
547,UA,#Actionable,drv2_ma_thin,drv_cat_action,126,FF66FF33,,"=IF(AND(TX2<=0,TY2<3),1,0)"
548,UB,Index,drv2_ma_thin,drv_cat_misc,126,FF66FF33,,"=IF(OR(LEFT(C2,1)=""^"",ISNUMBER(FIND(""="", C2)),ISNUMBER(FIND(""-"", C2))),""Y"",""N"")"
549,UC,Neg Outlook,drv2_ma_thin,drv_cat_action,127,theme:5,,"=IF(_xlfn.NUMBERVALUE(RS2)<0,""P,"","""") & IF(_xlfn.NUMBERVALUE(RT2)<0,""E,"","""") & IF(_xlfn.NUMBERVALUE(RU2)<0,""I,"","""") & IF(_xlfn.NUMBERVALUE(RV2)<0,""C,"","""") & IF("
550,UD,Pos Outlook,drv2_ma_thin,drv_cat_action,128,FF92D050,,"=IF(_xlfn.NUMBERVALUE(RS2)>0,""P,"","""") & IF(_xlfn.NUMBERVALUE(RT2)>0,""E,"","""") & IF(_xlfn.NUMBERVALUE(RU2)>0,""I,"","""") & IF(_xlfn.NUMBERVALUE(RV2)>0,""C,"","""") & IF("
551,UE,Fidelity,drv2_holdings,drv_cat_action,129,FFE1B0EE,F,"=_xlfn.XLOOKUP(W2&C2,F!A:A,F!G:G,0)"
552,UF,CS,drv2_holdings,drv_cat_action,129,FFE1B0EE,CS,"=_xlfn.XLOOKUP(X2&C2,CS!A:A,CS!G:G,0)"
553,UG,Stocks$,drv2_ma_thin,drv_cat_action,130,FF92D050,,=SUM(UE2:UF2)
554,UH,RH,drv2_ma_thin,drv_cat_action,131,FFE1B0EE,,
555,UI,Long$,drv2_ma_thin,drv_cat_action,132,FF92D050,,"=IF(OR(UE2<>"""",UF2<>""""), UG2+IF(UH2>0,UH2,0), 0)"
556,UJ,Short$,drv2_ma_thin,drv_cat_action,133,FFFF0000,,"=IF(UH2<0,ABS(UH2),0)"
557,UK,My,drv2_ma_thin,drv_cat_action,134,theme:8,My,"=_xlfn.XLOOKUP(C2,My!A:A,My!B:B,"""")"
558,UL,Amt Type,drv2_ma_thin,drv_cat_action,135,FFF6E6FA,,<openpyxl.worksheet.formula.ArrayFormula object at 0x77fa7f09ceb0>
559,UM,Unit$,(ref_param),drv_cat_action,135,FFF6E6FA,Parm,"=IF(UL2<>"""",_xlfn.XLOOKUP(UL2,Parm!$AF$2:$AF$24,Parm!$AK$2:$AK$24,0),0)"
560,UN,Min$,(ref_param),drv_cat_action,135,FFF6E6FA,Parm,"=IF(UL2<>"""",_xlfn.XLOOKUP(UL2,Parm!$AF$2:$AF$24,Parm!$AI$2:$AI$24,0),0)"
561,UO,Max$,(ref_param),drv_cat_misc,135,FFF6E6FA,Parm,"=IF(UL2<>"""",_xlfn.XLOOKUP(UL2,Parm!$AF$2:$AF$24,Parm!$AJ$2:$AJ$24,0),0)"
562,UP,TnTdMax$,drv2_ma_thin,drv_cat_moving_avg,135,FFF6E6FA,,<openpyxl.worksheet.formula.ArrayFormula object at 0x77fa7f09cf10>
563,UQ,Remaining,drv2_ma_thin,drv_cat_action,135,FFF6E6FA,,=UP2-_xlfn.NUMBERVALUE(UG2)
564,UR,Final Action,(ref_param),drv_cat_action,136,FF06F896,Parm,"=_xlfn.XLOOKUP(TU2,Parm!$AO$1:$AO$25,Parm!$AQ$1:$AQ$25,IF(AND(TU2>=0,UQ2<0),""SO"",""""))"
565,US,Amount,drv2_ma_thin,drv_cat_action,137,FFE1B0EE,,<openpyxl.worksheet.formula.ArrayFormula object at 0x77fa7f09d030>
566,UT,Amount,drv2_ma_thin,drv_cat_action,137,FFE1B0EE,,"=IF(OR(US2="""",AND(UG2>UM2,US2<UM2,US2<UN2,US2>0,US2<1000)),"""",US2)"
567,UU,Final Action,drv2_ma_thin,drv_cat_action,138,FF06F896,,=QS2
568,UV,Amount,drv2_ma_thin,drv_cat_action,139,FFE1B0EE,,<openpyxl.worksheet.formula.ArrayFormula object at 0x77fa7f09d210>
569,UW,Amount,drv2_ma_thin,drv_cat_action,139,FFE1B0EE,,"=IF(OR(UV2="""",AND(UG2>UM2,UV2<UM2,UV2<UN2,UV2>0,UV2<1000)),"""",UV2)"
570,UX,PVV Rule,drv2_ma_thin,drv_cat_misc,140,FFDAC7C4,,<openpyxl.worksheet.formula.ArrayFormula object at 0x77fa7f09d330>
571,UY,#Tickers to include,drv2_ma_thin,drv_cat_action,141,FF66FF33,,<openpyxl.worksheet.formula.ArrayFormula object at 0x77fa7f09d390>
572,UZ,#Act,drv2_ma_thin,drv_cat_action,141,FF66FF33,,=UA2
573,VA,#F1 Seq,drv2_ma_thin,drv_cat_action,141,FF66FF33,,"=IF(OR(AND(QR2<0,UG2=0),QT2=""""),0,QT2)"
574,VB,#Fidelity,drv2_ma_thin,drv_cat_action,141,FF66FF33,,"=IF(UE2>0,1,0)"
575,VC,#CS,drv2_ma_thin,drv_cat_action,141,FF66FF33,,"=IF(UF2>0,1,0)"
576,VD,^Sell,drv2_ma_thin,drv_cat_misc,141,FF66FF33,,=TX2
577,VE,^Buy,drv2_ma_thin,drv_cat_misc,141,FF66FF33,,=TY2
578,VF,OA Group,drv2_ma_thin,drv_cat_action,142,FFCCFF66,,=TV2
579,VG,^L3,drv2_ma_thin,drv_cat_action,143,FF66FF33,,=TZ2
580,VH,My,drv2_ma_thin,drv_cat_action,144,theme:8,,=UK2
581,VI,Fidelity,drv2_ma_thin,drv_cat_action,145,FFE1B0EE,,=UE2
582,VJ,CS,drv2_ma_thin,drv_cat_action,145,FFE1B0EE,,=UF2
583,VK,Remaining,drv2_ma_thin,drv_cat_action,146,FFF6E6FA,,=UQ2
584,VL,PVV Rule,drv2_ma_thin,drv_cat_misc,147,FFDAC7C4,,=UX2
585,VM,Tn Stdv,drv2_ma_thin,drv_cat_misc,148,FFCCCC00,,=AG2
586,VN,Td Stdv,drv2_ma_thin,drv_cat_misc,148,FFCCCC00,,=AH2
587,VO,Tn Td Stdv Diff,drv2_ma_thin,drv_cat_trend_trade,148,FFCCCC00,,=AI2
588,VP,HE Outlook,drv2_ma_thin,drv_cat_action,149,FFA0FEE1,,=RL2
589,VQ,Tr Td Outlook,drv2_ma_thin,drv_cat_action,150,FFCCCC00,,=QE2
590,VR,BRR%,drv2_ma_thin,drv_cat_risk_range,151,theme:5,,=EE2
591,VS,Sector Ticker,(ref_quad_outlook),drv_cat_sector_rollup,152,theme:7,HQuad,"=IF(OR(HH2<>""Equities"",HJ2=""""),"""",_xlfn.XLOOKUP(HJ2,HQuad!B:B,HQuad!C:C,""""))"
592,VT,HE OL - Sector,drv2_ma_thin,drv_cat_he_outlook,153,FFA0FEE1,,"=_xlfn.XLOOKUP(VS2,B:B,VP:VP,"""")"
593,VU,Tn Td Rule,drv2_ma_thin,drv_cat_trend_trade,154,FFCCCC00,,"=_xlfn.XLOOKUP(VS2,B:B,VQ:VQ,"""")"
594,VV,BRR% - Sector,drv2_ma_thin,drv_cat_risk_range,155,theme:5,,"=_xlfn.XLOOKUP(VS2,B:B,VR:VR,"""")"
595,VW,Asset Class - M OL,drv2_ma_thin,drv_cat_quad_outlook,156,FF99FFCC,,=IF2
596,VX,Equity Sector - M OL,drv2_ma_thin,drv_cat_quad_outlook,157,FFFFCCCC,,=IG2
597,VY,M+ves - Equity Style,drv2_ma_thin,drv_cat_quad_outlook,158,FF66CCFF,,=IH2
598,VZ,M-ves  - Equity Style,drv2_ma_thin,drv_cat_quad_outlook,158,FF66CCFF,,=II2
599,WA,Asset Class - Q OL,drv2_ma_thin,drv_cat_quad_outlook,159,FF99FFCC,,=IR2
600,WB,Equity Sector - Q OL,drv2_ma_thin,drv_cat_quad_outlook,160,FFFFCCCC,,=IS2
601,WC,Q+ves - Equity Style,drv2_ma_thin,drv_cat_quad_outlook,161,FF66CCFF,,=IT2
602,WD,Q-ves  - Equity Style,drv2_ma_thin,drv_cat_quad_outlook,161,FF66CCFF,,=IU2
603,WE,ST_Signal Desc,drv2_ma_thin,drv_cat_misc,162,FFFFCCCC,,=GU2
604,WF,ST_Signal Action,drv2_ma_thin,drv_cat_misc,162,FFFFCCCC,,=GW2
605,WG,D_Vlt_Caution,drv2_ma_thin,drv_cat_misc,163,theme:2,,=FN2
606,WH,D_Vlt_RuleDesc,drv2_ma_thin,drv_cat_misc,163,theme:2,,=FO2
607,WI,Vlm_RuleDesc,drv2_ma_thin,drv_cat_volume,163,theme:2,,=GF2
608,WJ,Vlm_RuleAction,drv2_ma_thin,drv_cat_volume,163,theme:2,,=GG2
609,WK,Vlm Desc,drv2_ma_thin,drv_cat_volume,163,theme:2,,=GD2
610,WL,Volatility regime,drv2_ma_thin,drv_cat_volatility_regime,163,theme:2,,=GI2
611,WM,Tn Td Rule Desc,drv2_ma_thin,drv_cat_trend_trade,164,FFCCCC00,,=QG2
612,WN,BBRngStrkRule Desc,drv2_ma_thin,drv_cat_bollinger,165,theme:7,,=QL2
613,WO,RRBullBear,drv2_ma_thin,drv_cat_misc,166,FFF5F571,,=QP2
614,WP,RRDesc,drv2_ma_thin,drv_cat_misc,166,FFF5F571,,=QQ2
615,WQ,Opposite Outlook,drv2_ma_thin,drv_cat_action,167,theme:5,,"=IF(WW2="""","""",IF(ISNUMBER(SEARCH(""Sell"",UR2)),IF(UD2="""","""",""+"" & UD2),IF(UC2="""","""",""-"" & UC2)))"
616,WR,Outlook,drv2_ma_thin,drv_cat_action,168,FFE1B0EE,,"=IF(WW2="""","""",IF(ISNUMBER(SEARCH(""Sell"",UR2)),IF(UC2="""","""",""-"" & UC2),IF(UD2="""","""",""+"" & UD2)))"
617,WS,Portfolio,drv2_ma_thin,drv_cat_action,169,FF92D050,,=UI2
618,WT,Ticker,drv2_ma_thin,drv_cat_identity,170,theme:4,,=B2
619,WU,Td Tn BB Risk Range Rule Action,drv2_ma_thin,drv_cat_risk_range,171,FFCCFF66,,=QS2
620,WV,Amount,drv2_ma_thin,drv_cat_action,172,FFE1B0EE,,=UW2
621,WW,Final Action,drv2_ma_thin,drv_cat_action,173,FF06F896,,=UR2
622,WX,Amount,drv2_ma_thin,drv_cat_action,174,FFE1B0EE,,=UT2
623,WY,HE Entry,(ref_param),drv_cat_action,175,FFA0FEE1,Parm,"=IF(TA2=0,"""",_xlfn.XLOOKUP(TA2,Parm!$AO$1:$AO$20,Parm!$AQ$1:$AQ$20,""""))"
624,WZ,HE Cont,(ref_param),drv_cat_action,175,FFA0FEE1,Parm,"=IF(TB2=0,"""",_xlfn.XLOOKUP(TB2,Parm!$AO$1:$AO$20,Parm!$AQ$1:$AQ$20,""""))"
625,XA,SS Entry,(ref_param),drv_cat_action,176,FF00B0F0,Parm,"=IF(TC2=0,"""",_xlfn.XLOOKUP(TC2,Parm!$AO$1:$AO$20,Parm!$AQ$1:$AQ$20,""""))"
626,XB,SS Cont,(ref_param),drv_cat_action,176,FF00B0F0,Parm,"=IF(TD2=0,"""",_xlfn.XLOOKUP(TD2,Parm!$AO$1:$AO$20,Parm!$AQ$1:$AQ$20,""""))"
627,XC,Trig,(ref_param),drv_cat_trig_summary,177,theme:9,Parm,"=IF(TE2=0,"""",_xlfn.XLOOKUP(TE2,Parm!$AO$1:$AO$20,Parm!$AQ$1:$AQ$20,""""))"
628,XD,Entry,(ref_param),drv_cat_action,178,FFCCFF66,Parm,"=IF(TK2=0,"""",_xlfn.XLOOKUP(TK2,Parm!$AO$1:$AO$20,Parm!$AQ$1:$AQ$20,""""))"
629,XE,Cont,(ref_param),drv_cat_action,179,FF71FFB1,Parm,"=IF(TT2=0,"""",_xlfn.XLOOKUP(TT2,Parm!$AO$1:$AO$20,Parm!$AQ$1:$AQ$20,""""))"
630,XF,OverAll,(ref_param),drv_cat_misc,180,FFCCFF66,Parm,"=IF(TU2=0,"""",_xlfn.XLOOKUP(TU2,Parm!$AO$1:$AO$20,Parm!$AQ$1:$AQ$20,""""))"
631,XG,Matched Rule1,drv2_ma_thin,drv_cat_trig_summary,181,FFA0EEFE,,<openpyxl.worksheet.formula.ArrayFormula object at 0x77fa7f09f730>
632,XH,M Rule2,drv2_ma_thin,drv_cat_trig_summary,181,FFA0EEFE,,=
633,XI,M Rule3,drv2_ma_thin,drv_cat_trig_summary,181,FFA0EEFE,,
634,XJ,M Rule4,drv2_ma_thin,drv_cat_trig_summary,181,FFA0EEFE,,
635,XK,M Rule5,drv2_ma_thin,drv_cat_trig_summary,181,FFA0EEFE,,
636,XL,M Rule6,drv2_ma_thin,drv_cat_trig_summary,181,FFA0EEFE,,
637,XM,M Rule7,drv2_ma_thin,drv_cat_trig_summary,181,FFA0EEFE,,
638,XN,M Rule8,drv2_ma_thin,drv_cat_trig_summary,181,FFA0EEFE,,
639,XO,M Rule9,drv2_ma_thin,drv_cat_trig_summary,181,FFA0EEFE,,
640,XP,M Rule10,drv2_ma_thin,drv_cat_trig_summary,181,FFA0EEFE,,
641,XQ,M Rule11,drv2_ma_thin,drv_cat_trig_summary,181,FFA0EEFE,,
