idx,letter,header,pipeline_stage,concept,drv_cat_table,color,island_id,formula
1,A,Key,lookup_identity,identity,drv_cat_identity,theme:9,1,=M2&B2
2,B,Symbol,lookup_identity,identity,drv_cat_identity,theme:2,2,ZM
3,C,Y Symbol,lookup_identity,identity,drv_cat_identity,theme:2,2,ZM
4,D,Close,lookup_identity,price,drv_cat_price,theme:2,2,"=IF(S2=""Y"",F2,CN2)"
5,E,Company Name,lookup_identity,identity,drv_cat_identity,FFF6FCD0,3,"=_xlfn.XLOOKUP($R2&$C2,Y!$D2:$D57061,Y!$J2:$J57061,"""")"
6,F,Last,lookup_identity,price,drv_cat_price,theme:4,4,=DM2
7,G,Last Net Chng,lookup_identity,price,drv_cat_price,theme:4,4,=DN2
8,H,Last %Change,lookup_identity,price,drv_cat_price,theme:4,4,=DO2
9,I,High,lookup_identity,price,drv_cat_price,theme:4,4,=DQ2
10,J,Low,lookup_identity,price,drv_cat_price,theme:4,4,=DR2
11,K,RR LRR,lookup_data,risk_range,drv_cat_risk_range,theme:2,5,=EC2
12,L,RR TRR,lookup_data,risk_range,drv_cat_risk_range,theme:2,5,=ED2
13,M,TOS Daily Export Date,lookup_data,identity,drv_cat_identity,theme:2,5,"=IF(B2="""","""",Dash!$AB$19)"
14,N,TOS Weekly Export Date,lookup_data,identity,drv_cat_identity,theme:2,5,"=IF(B2="""","""",Dash!$AB$18)"
15,O,TOS Latest Export Date,lookup_data,identity,drv_cat_identity,theme:2,5,"=IF(B2="""","""",Dash!$AB$21)"
16,P,TOS Other Export Date,lookup_data,identity,drv_cat_identity,theme:2,5,"=IF(C2="""","""",Dash!$AB$20)"
17,Q,Y Mkt Close Export,lookup_data,price,drv_cat_price,theme:2,5,"=IF(B2="""","""",Dash!$AB$22)"
18,R,Y Latest Exp Date,lookup_data,price,drv_cat_price,theme:2,5,"=IF(B2="""","""",Dash!$AB$23)"
19,S,Use Latest,lookup_data,price,drv_cat_price,theme:2,5,"=IF(B2="""","""",Dash!$AB$6)"
20,T,II Date,lookup_data,ii,drv_cat_ii,theme:2,5,"=_xlfn.MAXIFS(II!C393:C10392,II!C393:C10392,""<="" & M2)"
21,U,ETF Date,lookup_data,etf,drv_cat_etf,theme:2,5,"=_xlfn.MAXIFS(etf!C2:C9205,etf!C2:C9205,""<="" & M2)"
22,V,SSH Date,lookup_data,signal_strength,drv_cat_signal_strength,theme:2,5,"=_xlfn.MAXIFS(ssH!B2:B5535,ssH!B2:B5535,""<="" &M2)"
23,W,FH Date,lookup_data,signal_strength,drv_cat_signal_strength,theme:2,5,"=_xlfn.MAXIFS(F!D2:D5542,F!D2:D5542,""<="" & Dash!$AB$15)"
24,X,CS Date,lookup_data,holdings_dollars,drv_cat_holdings_dollars,theme:2,5,"=_xlfn.MAXIFS(CS!D2:D3247,CS!D2:D3247,""<="" & Dash!$AB$15)"
25,Y,RR Date,lookup_data,risk_range,drv_cat_risk_range,theme:2,5,"=_xlfn.MAXIFS(RR!D2:D2586,RR!D2:D2586,""<="" &M2)"
26,Z,Sort Symbol,lookup_data,identity,drv_cat_identity,theme:2,5,854
27,AA,StandardDeviation,lookup_data,price,drv_cat_price,theme:2,5,"=_xlfn.XLOOKUP(N2&B2,TW!$D:$D,TW!$AF:$AF,"""")"
28,AB,Median SD,lookup_data,price,drv_cat_price,theme:2,5,<openpyxl.worksheet.formula.ArrayFormula object at 0x75acb9e45870>
29,AC,SDorMedian,lookup_data,price,drv_cat_price,theme:2,5,"=MIN(AA2,AB2)"
30,AD,SD%,lookup_data,price,drv_cat_price,theme:2,5,=(AC2/D2)
31,AE,A_TrendValue,lookup_data,trend_trade,drv_cat_trend_trade,theme:2,5,"=_xlfn.XLOOKUP($M2&$B2,TD!$D:$D,TD!$AY:$AY,"""")"
32,AF,A_TradeValue,lookup_data,trend_trade,drv_cat_trend_trade,theme:2,5,"=_xlfn.XLOOKUP($M2&$B2,TD!$D:$D,TD!$AZ:$AZ,"""")"
33,AG,Trend_sd,lookup_data,trend_trade,drv_cat_trend_trade,theme:2,5,"=IF(D2=AE2,0.1,(D2-AE2)/AC2)"
34,AH,Trade_sd,lookup_data,trend_trade,drv_cat_trend_trade,theme:2,5,=(D2-AF2)/AC2
35,AI,Trade_Trend_Sd,lookup_data,trend_trade,drv_cat_trend_trade,theme:2,5,=(AF2-AE2)/AC2
36,AJ,A_BBHighLow,lookup_data,bollinger,drv_cat_bollinger,theme:2,5,"=_xlfn.XLOOKUP(M2&B2,TD!$D:$D,TD!$BD:$BD,"""")"
37,AK,BBHighLow_A,lookup_data,bollinger,drv_cat_bollinger,theme:2,5,=TRUNC(AJ2)
38,AL,BBHighLow,lookup_data,bollinger,drv_cat_bollinger,theme:2,5,=AK2/100
39,AM,BBHighLowDays,lookup_data,bollinger,drv_cat_bollinger,theme:2,5,"=ABS(ROUND(100*(AJ2-AK2),0))"
40,AN,BB_Direction1,lookup_data,bollinger,drv_cat_bollinger,theme:2,5,<openpyxl.worksheet.formula.ArrayFormula object at 0x75acb9e45ed0>
41,AO,BBHighLow_SD,lookup_data,bollinger,drv_cat_bollinger,theme:2,5,=(D2-ABS(AL2))/ AC2
42,AP,A_BBHighLowDays,lookup_data,bollinger,drv_cat_bollinger,theme:2,5,"=_xlfn.XLOOKUP($M2&$B2,TD!$D:$D,TD!$BE:$BE,"""")"
43,AQ,BBHighDays,lookup_data,price,drv_cat_price,theme:2,5,=TRUNC(AP2)
44,AR,BBLowDays,lookup_data,price,drv_cat_price,theme:2,5,=ABS(100*(AP2-AQ2))
45,AS,A_BB_Streak,lookup_data,bollinger,drv_cat_bollinger,theme:2,5,"=_xlfn.XLOOKUP($M2&$B2,TD!$D:$D,TD!$BC:$BC,"""")"
46,AT,BB_Streak_1,lookup_data,bollinger,drv_cat_bollinger,theme:2,5,=TRUNC(AS2)
47,AU,BB_Streak_2,lookup_data,bollinger,drv_cat_bollinger,theme:2,5,=AT2-AY2*1000
48,AV,BB_Streak_cur,lookup_data,bollinger,drv_cat_bollinger,theme:2,5,=ABS(TRUNC(AU2/100))
49,AW,BB_Threshold_Crossover,lookup_data,bollinger,drv_cat_bollinger,theme:2,5,"=IF(AV2=1,-1,1)"
50,AX,BBThresh_CO_Days,lookup_data,bollinger,drv_cat_bollinger,theme:2,5,"=_xlfn.NUMBERVALUE(RIGHT(AU2,2))"
51,AY,BB_Streak,lookup_data,bollinger,drv_cat_bollinger,theme:2,5,=TRUNC(AT2/1000)
52,AZ,BB_Streak_Days,lookup_data,bollinger,drv_cat_bollinger,theme:2,5,"=ROUND((ABS(AS2)-ABS(AT2))*100,0)"
53,BA,A_3mnLow,lookup_data,price,drv_cat_price,theme:2,5,"=_xlfn.XLOOKUP($N2&$B2,TW!$D:$D,TW!$AY:$AY,"""")"
54,BB,3mnLow_sd,lookup_data,price,drv_cat_price,theme:2,5,=(D2-BA2)/AC2
55,BC,3mnLowDays,lookup_data,price,drv_cat_price,theme:2,5,"=IF(AND(BA2<1,BA2>-1),100*BA2,100*MOD(BA2,TRUNC(BA2)))"
56,BD,A_3mnHigh,lookup_data,price,drv_cat_price,theme:2,5,"=_xlfn.XLOOKUP($N2&$B2,TW!$D:$D,TW!$AX:$AX,"""")"
57,BE,3mnHigh_sd,lookup_data,price,drv_cat_price,theme:2,5,=(D2-BD2)/AC2
58,BF,3mnHighDays,lookup_data,price,drv_cat_price,theme:2,5,"=IF(BD2<1,0,100*MOD(BD2,TRUNC(BD2)))"
59,BG,3mn_min_BRR%,lookup_data,price,drv_cat_price,theme:2,5,"=IF(D2<BD2,(D2-BA2)*100/(BD2-BA2),0)"
60,BH,A_3mnHighLow,lookup_data,price,drv_cat_price,theme:2,5,"=_xlfn.XLOOKUP($N2&$B2,TW!$D:$D,TW!$AZ:$AZ,"""")"
61,BI,3mnHighLow,lookup_data,price,drv_cat_price,theme:2,5,=ABS(BH2)
62,BJ,3mn_stk_outlook_sd,lookup_data,perf_extremes,drv_cat_perf_extremes,theme:2,5,=(D2-BI2)/AC2
63,BK,3mnHighLowDays,lookup_data,price,drv_cat_price,theme:2,5,"=-100*IFERROR(MOD(BH2,TRUNC(BH2)),0)"
64,BL,A_3wkHighLow,lookup_data,price,drv_cat_price,theme:2,5,"=_xlfn.XLOOKUP($N2&$B2,TW!$D:$D,TW!$BA:$BA,"""")"
65,BM,3wkHighLow,lookup_data,price,drv_cat_price,theme:2,5,=ABS(BL2)
66,BN,3w_stk_outlook_sd,lookup_data,perf_extremes,drv_cat_perf_extremes,theme:2,5,=(D2-BM2)/AC2
67,BO,3wkHighLowDays,lookup_data,price,drv_cat_price,theme:2,5,"=IFERROR(-100*MOD(BL2,TRUNC(BL2)),0)"
68,BP,Perf3M,lookup_data,perf_extremes,drv_cat_perf_extremes,theme:2,5,=100*(D2-AE2)/AE2
69,BQ,Perf3M_sd,lookup_data,perf_extremes,drv_cat_perf_extremes,theme:2,5,=(D2-AE2)/AC2
70,BR,A_Perf2M,lookup_data,perf_extremes,drv_cat_perf_extremes,theme:2,5,"=_xlfn.XLOOKUP($N2&$B2,TW!$D:$D,TW!$AU:$AU,"""")"
71,BS,Perf2M_sd,lookup_data,perf_extremes,drv_cat_perf_extremes,theme:2,5,=BR2/(AD2*100)
72,BT,Perf3W,lookup_data,perf_extremes,drv_cat_perf_extremes,theme:2,5,=100*(D2-AF2)/AF2
73,BU,Perf3W_sd,lookup_data,perf_extremes,drv_cat_perf_extremes,theme:2,5,=(D2-AF2)/AC2
74,BV,A_Perf2Wk,lookup_data,perf_extremes,drv_cat_perf_extremes,theme:2,5,"=_xlfn.XLOOKUP($N2&$B2,TW!$D:$D,TW!$AV:$AV,"""")"
75,BW,Perf2Wk_sd,lookup_data,perf_extremes,drv_cat_perf_extremes,theme:2,5,=BV2/(AD2*100)
76,BX,A_Perf3D,lookup_data,perf_extremes,drv_cat_perf_extremes,theme:2,5,"=_xlfn.XLOOKUP($N2&$B2,TW!$D:$D,TW!$AW:$AW,"""")"
77,BY,Perf3D_sd,lookup_data,perf_extremes,drv_cat_perf_extremes,theme:2,5,=BX2/($AD2*100)
78,BZ,Perf3D_Value,lookup_data,perf_extremes,drv_cat_perf_extremes,theme:2,5,=(100*D2)/(100+BX2)
79,CA,Perf1D_sd,lookup_data,perf_extremes,drv_cat_perf_extremes,theme:4,6,=G2/AC2
80,CB,Perf,lookup_data,perf_extremes,drv_cat_perf_extremes,FFEAF4E4,7,<openpyxl.worksheet.formula.ArrayFormula object at 0x75acb9e475b0>
81,CC,52Low,lookup_data,perf_extremes,drv_cat_perf_extremes,theme:2,5,"=_xlfn.XLOOKUP($N2&$B2,TW!$D:$D,TW!$AI:$AI,"""")"
82,CD,52High,lookup_data,perf_extremes,drv_cat_perf_extremes,theme:2,5,"=_xlfn.XLOOKUP($N2&$B2,TW!$D:$D,TW!$AH:$AH,"""")"
83,CE,52-Wk High %,lookup_data,perf_extremes,drv_cat_perf_extremes,theme:2,5,"=IF((CD2-CC2)=0,0, (CD2-D2)*100/(CD2-CC2))"
84,CF,20 DMA,lookup_data,moving_avg,drv_cat_moving_avg,theme:2,5,"=_xlfn.XLOOKUP($N2&$B2,TW!$D:$D,TW!$H:$H,"""")"
85,CG,50 DMA,lookup_data,moving_avg,drv_cat_moving_avg,theme:2,5,"=_xlfn.XLOOKUP($N2&$B2,TW!$D:$D,TW!$I:$I,"""")"
86,CH,200 DMA,lookup_data,moving_avg,drv_cat_moving_avg,theme:2,5,"=_xlfn.XLOOKUP($N2&$B2,TW!$D:$D,TW!$J:$J,"""")"
87,CI,A_MACD_BRR,lookup_data,macd,drv_cat_macd,theme:2,5,"=_xlfn.XLOOKUP($N2&$B2,TW!$D:$D,TW!$V:$V,"""")"
88,CJ,MACD_BRR,lookup_data,macd,drv_cat_macd,theme:2,5,=ABS(CI2)
89,CK,A_MACDH_D_BRR,lookup_data,macd,drv_cat_macd,theme:2,5,"=_xlfn.XLOOKUP($N2&$B2,TW!$D:$D,TW!$W:$W,"""")"
90,CL,MACDH_BRR,lookup_data,macd,drv_cat_macd,theme:2,5,=ABS(CK2)
91,CM,A_MACDays_Streak,lookup_data,macd,drv_cat_macd,theme:2,5,"=_xlfn.XLOOKUP($N2&$B2,TW!$D:$D,TW!$AM:$AM,"""")"
92,CN,D_Last,lookup_data,price,drv_cat_price,theme:5,8,"=_xlfn.XLOOKUP($M2&$B2,TD!$D:$D,TD!$AP:$AP,"""")"
93,CO,D_%Change,lookup_data,price,drv_cat_price,theme:5,8,"=_xlfn.XLOOKUP($M2&$B2,TD!$D:$D,TD!$AR:$AR,"""")"
94,CP,D_Net Chng,lookup_data,price,drv_cat_price,theme:5,8,"=_xlfn.XLOOKUP($M2&$B2,TD!$D:$D,TD!$AQ:$AQ,"""")"
95,CQ,D_Open,lookup_data,price,drv_cat_price,theme:5,8,"=_xlfn.XLOOKUP($M2&$B2,TD!$D:$D,TD!$AS:$AS,"""")"
96,CR,D_High,lookup_data,price,drv_cat_price,theme:5,8,"=_xlfn.XLOOKUP($M2&$B2,TD!$D:$D,TD!$AT:$AT,"""")"
97,CS,D_Low,lookup_data,price,drv_cat_price,theme:5,8,"=_xlfn.XLOOKUP($M2&$B2,TD!$D:$D,TD!$AU:$AU,"""")"
98,CT,D_RSI,lookup_data,rsi,drv_cat_rsi,theme:5,8,"=_xlfn.XLOOKUP($M2&$B2,TD!$D:$D,TD!$T:$T,"""")"
99,CU,D_IV,lookup_data,rsi,drv_cat_rsi,theme:5,8,"=_xlfn.XLOOKUP($M2&$B2,TD!$D:$D,TD!$AB:$AB,"""")"
100,CV,D_HV,lookup_data,rsi,drv_cat_rsi,theme:5,8,"=_xlfn.XLOOKUP($M2&$B2,TD!$D:$D,TD!$X:$X,"""")"
101,CW,HVPercentile,lookup_data,ivhv,drv_cat_ivhv,theme:5,8,"=_xlfn.XLOOKUP($M2&$B2,TD!$D:$D,TD!$R:$R,"""")"
102,CX,IVPercentile,lookup_data,ivhv,drv_cat_ivhv,theme:5,8,"=_xlfn.XLOOKUP($M2&$B2,TD!$D:$D,TD!$Q:$Q,"""")"
103,CY,L_Last,lookup_data,price,drv_cat_price,theme:3,9,"=_xlfn.XLOOKUP($O2&$B2,TL!$D:$D,TL!$L:$L,"""")"
104,CZ,L_Net Chng,lookup_data,price,drv_cat_price,theme:3,9,"=_xlfn.XLOOKUP($O2&$B2,TL!$D:$D,TL!$M:$M,"""")"
105,DA,L_%Change,lookup_data,price,drv_cat_price,theme:3,9,"=_xlfn.XLOOKUP($O2&$B2,TL!$D:$D,TL!$N:$N,"""")"
106,DB,L_Open,lookup_data,price,drv_cat_price,theme:3,9,"=_xlfn.XLOOKUP($O2&$B2,TL!$D:$D,TL!$O:$O,"""")"
107,DC,L_High,lookup_data,price,drv_cat_price,theme:3,9,"=_xlfn.XLOOKUP($O2&$B2,TL!$D:$D,TL!$P:$P,"""")"
108,DD,L_Low,lookup_data,price,drv_cat_price,theme:3,9,"=_xlfn.XLOOKUP($O2&$B2,TL!$D:$D,TL!$Q:$Q,"""")"
109,DE,L_RSI,lookup_data,rsi,drv_cat_rsi,theme:3,9,"=_xlfn.XLOOKUP($O2&$B2,TL!$D:$D,TL!$S:$S,"""")"
110,DF,L_ImpVolatility,lookup_data,rsi,drv_cat_rsi,theme:3,9,"=_xlfn.XLOOKUP($O2&$B2,TL!$D:$D,TL!$H:$H,"""")"
111,DG,Y_Last Price,lookup_data,price,drv_cat_price,FFF6FCD0,10,"=_xlfn.XLOOKUP($R2&$C2,Y!$D:$D,Y!$K:$K,"""")"
112,DH,Y_Change,lookup_data,price,drv_cat_price,FFF6FCD0,10,"=_xlfn.XLOOKUP($R2&$C2,Y!$D:$D,Y!$L:$L,"""")"
113,DI,Y_Change(%),lookup_data,price,drv_cat_price,FFF6FCD0,10,"=_xlfn.XLOOKUP($R2&$C2,Y!$D:$D,Y!$M:$M,"""")"
114,DJ,Y_Open,lookup_data,price,drv_cat_price,FFF6FCD0,10,"=_xlfn.XLOOKUP($R2&$C2,Y!$D:$D,Y!$N:$N,"""")"
115,DK,Y_High,lookup_data,price,drv_cat_price,FFF6FCD0,10,"=_xlfn.XLOOKUP($R2&$C2,Y!$D:$D,Y!$O:$O,"""")"
116,DL,Y_Low,lookup_data,price,drv_cat_price,FFF6FCD0,10,"=_xlfn.XLOOKUP($R2&$C2,Y!$D:$D,Y!$P:$P,"""")"
117,DM,Last,lookup_data,price,drv_cat_price,theme:4,11,"=IF(Dash!$AB$24=""Y"",MA!DG2,MA!CY2)"
118,DN,Net Chng,lookup_data,price,drv_cat_price,theme:4,11,"=IF(Dash!$AB$24=""Y"",MA!DH2,MA!CZ2)"
119,DO,%Change,lookup_data,price,drv_cat_price,theme:4,11,"=IF(Dash!$AB$24=""Y"",MA!DI2,MA!DA2)"
120,DP,Open,lookup_data,price,drv_cat_price,theme:4,11,"=IF(Dash!$AB$24=""Y"",MA!DJ2,MA!DB2)"
121,DQ,High,lookup_data,price,drv_cat_price,theme:4,11,"=IF(Dash!$AB$24=""Y"",MA!DK2,MA!DC2)"
122,DR,Low,lookup_data,price,drv_cat_price,theme:4,11,"=IF(Dash!$AB$24=""Y"",MA!DL2,MA!DD2)"
123,DS,RSI,lookup_data,rsi,drv_cat_rsi,theme:4,11,"=IF(Dash!$AB$24=""Y"",DE2,CT2)"
124,DT,ImpVolatility,lookup_data,rsi,drv_cat_rsi,theme:4,11,"=IF(Dash!$AB$24=""Y"",DF2,CU2)"
125,DU,BB_Bot_Prev,derived_features,bollinger,drv_cat_bollinger,FFCCCC00,12,"=_xlfn.XLOOKUP($M2&$B2,TD!$D:$D,TD!$L:$L,"""")"
126,DV,BB_Top_Prev,derived_features,bollinger,drv_cat_bollinger,FFCCCC00,12,"=_xlfn.XLOOKUP($M2&$B2,TD!$D:$D,TD!$P:$P,"""")"
127,DW,BB BRR%,derived_features,bollinger,drv_cat_bollinger,FFCCCC00,12,"=IF(_xlfn.IFNA(DU2,"""")=0,"""",(D2-DU2)*100/(DV2-DU2))"
128,DX,RR_Bottom,derived_features,risk_range,drv_cat_risk_range,FFA0FEE1,13,"=_xlfn.XLOOKUP(B2,RR!F:F,RR!H:H,0)"
129,DY,RR_Top,derived_features,risk_range,drv_cat_risk_range,FFA0FEE1,13,"=_xlfn.XLOOKUP(B2,RR!F:F,RR!I:I,0)"
130,DZ,RR BRR%,derived_features,risk_range,drv_cat_risk_range,FFA0FEE1,13,"=IF(_xlfn.IFNA(DX2,"""")=0,"""",(D2-DX2)*100/(DY2-DX2))"
131,EA,ETF_Bottom,derived_features,etf,drv_cat_etf,FFA0FEE1,13,"=_xlfn.XLOOKUP(U2&B2,etf!A:A,etf!E:E,"""")"
132,EB,ETF_Top,derived_features,etf,drv_cat_etf,FFA0FEE1,13,"=_xlfn.XLOOKUP(U2&B2,etf!A:A,etf!F:F,"""")"
133,EC,RR_Bottom,derived_features,risk_range,drv_cat_risk_range,theme:5,14,<openpyxl.worksheet.formula.ArrayFormula object at 0x75acb9e479d0>
134,ED,RR_Top,derived_features,risk_range,drv_cat_risk_range,theme:5,14,<openpyxl.worksheet.formula.ArrayFormula object at 0x75acb9e47a30>
135,EE,BRR%,derived_features,risk_range,drv_cat_risk_range,theme:5,14,"=IF(_xlfn.IFNA(EC2,"""")=0,"""",(D2-EC2)*100/(ED2-EC2))"
136,EF,Prev Close,derived_features,price,drv_cat_price,theme:3,15,=CN2
137,EG,Open,derived_features,price,drv_cat_price,theme:3,15,=CQ2
138,EH,High,derived_features,price,drv_cat_price,theme:3,15,=CR2
139,EI,Low,derived_features,price,drv_cat_price,theme:3,15,=CS2
140,EJ,Open,derived_features,price,drv_cat_price,theme:4,16,=DP2
141,EK,High,derived_features,price,drv_cat_price,theme:4,16,=DQ2
142,EL,Low,derived_features,price,drv_cat_price,theme:4,16,=DR2
143,EM,Chg SD,derived_features,price,drv_cat_price,FFEAF4E4,17,=CA2
144,EN,Price Direction,derived_features,price,drv_cat_price,FFEAF4E4,17,<openpyxl.worksheet.formula.ArrayFormula object at 0x75acb9d50190>
145,EO,High TRR,derived_features,price,drv_cat_price,theme:5,18,"=(ED2-IF(EH2>EK2,EH2,EK2))/AC2"
146,EP,Low LRR,derived_features,price,drv_cat_price,theme:5,18,"=(IF(EI2<EL2,EI2,EL2)-EC2)/AC2"
147,EQ,Trnd TRR,derived_features,price,drv_cat_price,theme:5,18,=(ED2-AE2)/AC2
148,ER,Trd LRR,derived_features,price,drv_cat_price,theme:5,18,=(EC2-AF2)/AC2
149,ES,Sd TRR,derived_features,price,drv_cat_price,theme:5,18,=(DQ2-ED2)/AC2
150,ET,Sd MRR,derived_features,price,drv_cat_price,theme:5,18,=(DM2-((ED2+EC2)/2))/AC2
151,EU,Sd LRR,derived_features,price,drv_cat_price,theme:5,18,=(DR2-EC2)/AC2
152,EV,BB_Bot_15d,derived_features,bollinger,drv_cat_bollinger,theme:7,19,"=_xlfn.XLOOKUP($M2&$B2,TD!$D:$D,TD!$I:$I,"""")"
153,EW,BB_Bot_7d,derived_features,bollinger,drv_cat_bollinger,theme:7,19,"=_xlfn.XLOOKUP($M2&$B2,TD!$D:$D,TD!$J:$J,"""")"
154,EX,BB_Bot_3d,derived_features,bollinger,drv_cat_bollinger,theme:7,19,"=_xlfn.XLOOKUP($M2&$B2,TD!$D:$D,TD!$K:$K,"""")"
155,EY,BB_Bot_Slope,derived_features,bollinger,drv_cat_bollinger,theme:7,19,"=IF(AND(DU2>EW2,EW2>EV2,(DU2-EV2)>=AC2),1,IF(AND(DU2<EW2,EW2<EV2,(EV2-DU2)>=AC2),-1,0))"
156,EZ,BB_Top_15d,derived_features,bollinger,drv_cat_bollinger,theme:7,19,"=_xlfn.XLOOKUP($M2&$B2,TD!$D:$D,TD!$M:$M,"""")"
157,FA,BB_Top_7d,derived_features,bollinger,drv_cat_bollinger,theme:7,19,"=_xlfn.XLOOKUP($M2&$B2,TD!$D:$D,TD!$N:$N,"""")"
158,FB,BB_Top_3d,derived_features,bollinger,drv_cat_bollinger,theme:7,19,"=_xlfn.XLOOKUP($M2&$B2,TD!$D:$D,TD!$O:$O,"""")"
159,FC,BB_Tot_Slope,derived_features,bollinger,drv_cat_bollinger,theme:7,19,"=IF(AND(DV2>FA2,FA2>EZ2,(DV2-EZ2)>=AC2),1,IF(AND(DV2<FA2,FA2<EZ2,(EZ2-DV2)>=AC2),-1,0))"
160,FD,BB_Slope,derived_features,bollinger,drv_cat_bollinger,theme:7,19,<openpyxl.worksheet.formula.ArrayFormula object at 0x75acb9d508b0>
161,FE,BB Bull,derived_features,bollinger,drv_cat_bollinger,FFCCCC00,20,<openpyxl.worksheet.formula.ArrayFormula object at 0x75acb9d50910>
162,FF,A_VolumeSpike,derived_features,volume,drv_cat_volume,theme:2,21,"=_xlfn.XLOOKUP($N2&$B2,TW!$D:$D,TW!$AQ:$AQ,"""")"
163,FG,VolumeSpike,derived_features,volume,drv_cat_volume,theme:2,21,"=ABS(_xlfn.NUMBERVALUE(SUBSTITUTE(FF2,""NaN"",0)))"
164,FH,VS Spike,derived_features,volume,drv_cat_volume,theme:2,21,"=RIGHT(""0000000000"" & FG2 & REPT(""0"",9-LEN(FG2)),10)"
165,FI,VS Volume Spike,derived_features,volume,drv_cat_volume,FFFFCCCC,22,"=_xlfn.NUMBERVALUE(LEFT(FH2,2))"
166,FJ,VS Price Change,derived_features,volume,drv_cat_volume,FFFFCCCC,22,"=_xlfn.NUMBERVALUE(MID(FH2,3,3))"
167,FK,VS Price Change SD,derived_features,volume,drv_cat_volume,FFFFCCCC,22,"=SIGN(SUBSTITUTE(FF2,""NaN"",0)) * FJ2/(AD2*100)"
168,FL,VS Volatility,derived_features,sector_rollup,drv_cat_sector_rollup,FFFFCCCC,22,"=_xlfn.NUMBERVALUE(MID(FH2,6,2))"
169,FM,VS Days,derived_features,sector_rollup,drv_cat_sector_rollup,FFFFCCCC,22,"=_xlfn.NUMBERVALUE(RIGHT(FH2,2))"
170,FN,D_Vlt_Caution,derived_features,volatility_regime,drv_cat_volatility_regime,FFFF8B8B,23,"=_xlfn.XLOOKUP($M2&$B2,TD!$D:$D,TD!$AL:$AL,"""")"
171,FO,D_Vlt_RuleCode,derived_features,volatility_regime,drv_cat_volatility_regime,FFFF8B8B,23,"=_xlfn.XLOOKUP($M2&$B2,TD!$D:$D,TD!$AK:$AK,"""")"
172,FP,D_Vlt_RuleDesc,derived_features,volatility_regime,drv_cat_volatility_regime,FFFF8B8B,23,"=_xlfn.XLOOKUP(FO2,Parm!$BS$14:$BS$23,Parm!$BT$14:$BT$23,"""")"
173,FQ,D_Vlt_RuleAction,derived_features,volatility_regime,drv_cat_volatility_regime,FFFF8B8B,23,"=_xlfn.XLOOKUP(FO2,Parm!$BS$14:$BS$23,Parm!$BU$14:$BU$23,"""")"
174,FR,IVHV,derived_features,ivhv,drv_cat_ivhv,FFFF8B8B,23,"=IF(OR(DT2=0,CV2=0),0,DT2*100/CV2)"
175,FS,L_Vlm,derived_features,volume,drv_cat_volume,theme:3,24,"=_xlfn.XLOOKUP($O2&$B2,TL!$D:$D,TL!$G:$G,"""")"
176,FT,W_Vlm,derived_features,volume,drv_cat_volume,theme:2,25,"=_xlfn.XLOOKUP($N2&$B2,TW!$D:$D,TW!$K:$K,"""")"
177,FU,Volume,derived_features,volume,drv_cat_volume,theme:3,24,"=IF(Dash!$AB$25=""Y"",FS2,FT2)"
178,FV,VolumeRateOfChange,derived_features,volume,drv_cat_volume,theme:3,24,"=_xlfn.XLOOKUP($N2&$B2,TW!$D:$D,TW!$AT:$AT,"""")"
179,FW,W_Avg Vlm (10day),derived_features,volume,drv_cat_volume,theme:3,24,"=_xlfn.XLOOKUP($N2&$B2,TW!$D:$D,TW!$L:$L,"""")"
180,FX,Vlm 10  Factor,derived_features,volume,drv_cat_volume,theme:3,24,"=IF(OR(FU2=0,FU2="""",FW2=0,FW2=""""),0,(FU2-FW2)/FW2)"
181,FY,Vlm 10 day %,derived_features,volume,drv_cat_volume,theme:3,24,=100*FX2
182,FZ,W_Avg Vlm (3m),derived_features,volume,drv_cat_volume,theme:3,24,"=_xlfn.XLOOKUP($N2&$B2,TW!$D:$D,TW!$M:$M,"""")"
183,GA,Vlm 3 M Factor,derived_features,volume,drv_cat_volume,theme:3,24,"=IF(OR(FU2=0,FU2="""",FZ2=0,FZ2=""""),0,(FU2-FZ2)/FZ2)"
184,GB,Vlm 3m %,derived_features,volume,drv_cat_volume,theme:3,24,=GA2*100
185,GC,Vlm Score,derived_features,volume,drv_cat_volume,FFFFCC99,26,<openpyxl.worksheet.formula.ArrayFormula object at 0x75acb9d51270>
186,GD,Vlm Desc,derived_features,volume,drv_cat_volume,FFFFCC99,26,"=_xlfn.XLOOKUP(GC2,Parm!$BP$2:$BP$7,Parm!$BQ$2:$BQ$7,""Unknown"")"
187,GE,W_Vlm_RuleCode,derived_features,volume,drv_cat_volume,FFCCFFCC,27,"=_xlfn.XLOOKUP($N2&$B2,TW!$D:$D,TW!$U:$U,"""")"
188,GF,Vlm_RuleDesc,derived_features,volume,drv_cat_volume,FFCCFFCC,27,"=_xlfn.XLOOKUP(GE2,Parm!$BS$2:$BS$11,Parm!$BT$2:$BT$11,"""")"
189,GG,Vlm_Action,derived_features,volume,drv_cat_volume,FFCCFFCC,27,"=_xlfn.XLOOKUP(GE2,Parm!$BS$2:$BS$11,Parm!$BU$2:$BU$11,"""")"
190,GH,Volatility regime,derived_features,volatility_regime,drv_cat_volatility_regime,FFFFCCCC,28,<openpyxl.worksheet.formula.ArrayFormula object at 0x75acb9d512d0>
191,GI,Volatility regime,derived_features,volatility_regime,drv_cat_volatility_regime,FFFFCCCC,28,"=_xlfn.XLOOKUP(GH2,Parm!$BP$28:$BP$32,Parm!$BQ$28:$BQ$32,"""")"
192,GJ,Price zone,derived_features,volatility_regime,drv_cat_volatility_regime,FFFFCCCC,28,<openpyxl.worksheet.formula.ArrayFormula object at 0x75acb9d51330>
193,GK,Price zone,derived_features,volatility_regime,drv_cat_volatility_regime,FFFFCCCC,28,"=_xlfn.XLOOKUP(GJ2,Parm!$BP$8:$BP$15,Parm!$BQ$8:$BQ$15,"""")"
194,GL,Trend context,derived_features,trend_trade,drv_cat_trend_trade,FFFFCCCC,28,<openpyxl.worksheet.formula.ArrayFormula object at 0x75acb9d51390>
195,GM,Trend context,derived_features,trend_trade,drv_cat_trend_trade,FFFFCCCC,28,"=_xlfn.XLOOKUP(GL2,Parm!$BP$16:$BP$21,Parm!$BQ$16:$BQ$21,"""")"
196,GN,Momentum,derived_features,quad_outlook,drv_cat_quad_outlook,FFFFCCCC,28,<openpyxl.worksheet.formula.ArrayFormula object at 0x75acb9d513f0>
197,GO,Momentum,derived_features,quad_outlook,drv_cat_quad_outlook,FFFFCCCC,28,"=_xlfn.XLOOKUP(GN2,Parm!$BP$22:$BP$27,Parm!$BQ$22:$BQ$27,"""")"
198,GP,Long Trend Total,derived_features,trend_trade,drv_cat_trend_trade,FFFFCCCC,28,=SIGN(BV2)*1+SIGN(BT2)*2+SIGN(BR2)*3+SIGN(BP2)*4
199,GQ,Long Trend Score,derived_features,trend_trade,drv_cat_trend_trade,FFFFCCCC,28,<openpyxl.worksheet.formula.ArrayFormula object at 0x75acb9d51510>
200,GR,Long Trend Descr,derived_features,trend_trade,drv_cat_trend_trade,FFFFCCCC,28,"=_xlfn.XLOOKUP(GQ2,Parm!$BP$33:$BP$38,Parm!$BQ$33:$BQ$38,"""")"
201,GS,ST Signal Scenario,derived_features,trend_trade,drv_cat_trend_trade,FFFFCCCC,28,<openpyxl.worksheet.formula.ArrayFormula object at 0x75acb9d51570>
202,GT,ST_Signal Score,derived_features,trend_trade,drv_cat_trend_trade,FFFFCCCC,28,"=_xlfn.XLOOKUP(GS2,Parm!$CI$2:$CI$15,Parm!$CK$2:$CK$15,"""")"
203,GU,ST_Signal Desc,derived_features,trend_trade,drv_cat_trend_trade,FFFFCCCC,28,"=_xlfn.XLOOKUP(GS2,Parm!$CI$2:$CI$15,Parm!$CJ$2:$CJ$15,"""")"
204,GV,Final Signal Scenario,derived_features,trend_trade,drv_cat_trend_trade,FFFFCCCC,28,<openpyxl.worksheet.formula.ArrayFormula object at 0x75acb9d515d0>
205,GW,Final_Signal,derived_features,trend_trade,drv_cat_trend_trade,FFFFCCCC,28,"=_xlfn.XLOOKUP(GV2,Parm!$CM$2:$CM$13,Parm!$CN$2:$CN$13,"""")"
206,GX,Beta,derived_features,fundamentals,drv_cat_fundamentals,theme:2,29,"=_xlfn.XLOOKUP($P2&$B2,TO!$D:$D,TO!K:K,"""")"
207,GY,Market Cap,derived_features,fundamentals,drv_cat_fundamentals,theme:2,29,"=_xlfn.XLOOKUP($P2&$B2,TO!$D:$D,TO!G:G,"""")"
208,GZ,Long-term Debt to Capital - Current (LTM),derived_features,fundamentals,drv_cat_fundamentals,theme:2,29,"=_xlfn.XLOOKUP($P2&$B2,TO!$D:$D,TO!M:M,"""")"
209,HA,Price / Earnings Ratio - Current,derived_features,earnings,drv_cat_earnings,theme:2,29,"=_xlfn.XLOOKUP($P2&$B2,TO!$D:$D,TO!N:N,"""")"
210,HB,Price / Book Value Ratio - Current,derived_features,earnings,drv_cat_earnings,theme:2,29,"=_xlfn.XLOOKUP($P2&$B2,TO!$D:$D,TO!O:O,"""")"
211,HC,Return on Equity (ROE) - Current (LTM),derived_features,fundamentals,drv_cat_fundamentals,theme:2,29,"=_xlfn.XLOOKUP($P2&$B2,TO!$D:$D,TO!P:P,"""")"
212,HD,EPS,derived_features,fundamentals,drv_cat_fundamentals,theme:2,29,"=_xlfn.XLOOKUP($P2&$B2,TO!$D:$D,TO!Q:Q,"""")"
213,HE,Div. Yield - Current,derived_features,fundamentals,drv_cat_fundamentals,theme:2,29,"=_xlfn.XLOOKUP($P2&$B2,TO!$D:$D,TO!R:R,"""")"
214,HF,Sector,derived_features,sector_rollup,drv_cat_sector_rollup,theme:2,29,"=_xlfn.XLOOKUP($P2&$B2,TO!$D:$D,TO!S:S,"""")"
215,HG,Free Cash Flow Per Share - Current (LTM),derived_features,price,drv_cat_price,theme:2,29,"=_xlfn.XLOOKUP($P2&$B2,TO!$D:$D,TO!T:T,"""")"
216,HH,Asset Class,derived_features,quad_outlook,drv_cat_quad_outlook,theme:2,29,"=_xlfn.XLOOKUP(C2,Sctr!A$2:A$1000,Sctr!I$2:I$1000,"""")"
217,HI,Sctr!Sector,derived_features,sector_rollup,drv_cat_sector_rollup,theme:2,29,"=_xlfn.XLOOKUP(C2,Sctr!A$2:A$1000,Sctr!K$2:K$1000,"""")"
218,HJ,Sector,derived_features,sector_rollup,drv_cat_sector_rollup,theme:2,29,"=IF(HF2=0,HI2,HF2)"
219,HK,Sub Asset Class,derived_features,quad_outlook,drv_cat_quad_outlook,theme:2,29,"=_xlfn.XLOOKUP(C2,Sctr!A:A,Sctr!J:J,"""")"
220,HL,Industry,derived_features,quad_outlook,drv_cat_quad_outlook,theme:2,29,"=_xlfn.XLOOKUP(C2,Sctr!A:A,Sctr!C:C,"""")"
221,HM,Growth - Sector Based,derived_features,quad_outlook,drv_cat_quad_outlook,theme:2,29,<openpyxl.worksheet.formula.ArrayFormula object at 0x75acb9d516f0>
222,HN,Growth - Econ Based,derived_features,quad_outlook,drv_cat_quad_outlook,theme:2,29,<openpyxl.worksheet.formula.ArrayFormula object at 0x75acb9d51750>
223,HO,Growth,derived_features,quad_outlook,drv_cat_quad_outlook,theme:2,29,"=IF(HM2=HN2,HM2,""N/A"")"
224,HP,Scale,derived_features,quad_outlook,drv_cat_quad_outlook,theme:2,29,<openpyxl.worksheet.formula.ArrayFormula object at 0x75acb9d51870>
225,HQ,Solvency,derived_features,quad_outlook,drv_cat_quad_outlook,theme:2,29,<openpyxl.worksheet.formula.ArrayFormula object at 0x75acb9d518d0>
226,HR,Value?,derived_features,quad_outlook,drv_cat_quad_outlook,theme:2,29,<openpyxl.worksheet.formula.ArrayFormula object at 0x75acb9d51930>
227,HS,Quality?,derived_features,quad_outlook,drv_cat_quad_outlook,theme:2,29,<openpyxl.worksheet.formula.ArrayFormula object at 0x75acb9d51990>
228,HT,Dividend?,derived_features,fundamentals,drv_cat_fundamentals,theme:2,29,<openpyxl.worksheet.formula.ArrayFormula object at 0x75acb9d519f0>
229,HU,Momentum Score,derived_features,quad_outlook,drv_cat_quad_outlook,theme:2,29,=0.15*BQ2 + 0.2*BS2 + 0.2*BU2 + 0.2*BW2 + 0.15*BY2 + 5*((D2-CF2)/CF2) + 5*((D2-CG2)/CG2)
230,HV,Momentum,derived_features,quad_outlook,drv_cat_quad_outlook,theme:2,29,"=IF(HU2>2.2,""Momentum"",""N/A"")"
231,HW,Sensitivity,derived_features,quad_outlook,drv_cat_quad_outlook,theme:2,29,<openpyxl.worksheet.formula.ArrayFormula object at 0x75acb9d51bd0>
232,HX,Growth - M OL,derived_features,quad_outlook,drv_cat_quad_outlook,FFE1F5FF,30,"=_xlfn.XLOOKUP(HO2,HQuad!$B$24:$B$39,HQuad!$J$24:$J$39,"""")"
233,HY,Scale - M OL,derived_features,quad_outlook,drv_cat_quad_outlook,FFE1F5FF,30,"=_xlfn.XLOOKUP(HP2,HQuad!$B$24:$B$39,HQuad!$J$24:$J$39,"""")"
234,HZ,Solvency - M OL,derived_features,quad_outlook,drv_cat_quad_outlook,FFE1F5FF,30,"=_xlfn.XLOOKUP(HQ2,HQuad!$B$24:$B$39,HQuad!$J$24:$J$39,"""")"
235,IA,Value? - M OL,derived_features,quad_outlook,drv_cat_quad_outlook,FFE1F5FF,30,"=_xlfn.XLOOKUP(HR2,HQuad!$B$24:$B$39,HQuad!$J$24:$J$39,"""")"
236,IB,Quality? - M OL,derived_features,quad_outlook,drv_cat_quad_outlook,FFE1F5FF,30,"=_xlfn.XLOOKUP(HS2,HQuad!$B$24:$B$39,HQuad!$J$24:$J$39,"""")"
237,IC,Dividend? - M OL,derived_features,quad_outlook,drv_cat_quad_outlook,FFE1F5FF,30,"=_xlfn.XLOOKUP(HT2,HQuad!$B$24:$B$39,HQuad!$J$24:$J$39,"""")"
238,ID,Momentum - M OL,derived_features,quad_outlook,drv_cat_quad_outlook,FFE1F5FF,30,"=_xlfn.XLOOKUP(HV2,HQuad!$B$24:$B$39,HQuad!$J$24:$J$39,0)"
239,IE,Sensitivity - M OL,derived_features,quad_outlook,drv_cat_quad_outlook,FFE1F5FF,30,"=_xlfn.XLOOKUP(HW2,HQuad!$B$24:$B$39,HQuad!$J$24:$J$39,"""")"
240,IF,Asset Class - M OL,derived_features,quad_outlook,drv_cat_quad_outlook,FF99FFCC,31,"=_xlfn.XLOOKUP(HH2,HQuad!$B$2:$B$9,HQuad!$J$2:$J$9,"""")"
241,IG,Equity Sector - M OL,derived_features,quad_outlook,drv_cat_quad_outlook,FFFFCCCC,32,"=IF(HH2=""Equities"",_xlfn.XLOOKUP(HJ2,HQuad!$B$10:$B$23,HQuad!$J$10:$J$23,""""),IF2)"
242,IH,M+ves - Equity Style,derived_features,quad_outlook,drv_cat_quad_outlook,FF66CCFF,33,"=COUNTIF(HX2:IE2,"">0"")"
243,II,M-ves  - Equity Style,derived_features,quad_outlook,drv_cat_quad_outlook,FF66CCFF,33,"=COUNTIF(HX2:IE2,""<0"")"
244,IJ,Growth - Q OL,derived_features,quad_outlook,drv_cat_quad_outlook,FFE1F5FF,34,"=_xlfn.XLOOKUP(HO2,HQuad!$B$24:$B$39,HQuad!$L$24:$L$39,"""")"
245,IK,Scale - Q OL,derived_features,quad_outlook,drv_cat_quad_outlook,FFE1F5FF,34,"=_xlfn.XLOOKUP(HP2,HQuad!$B$24:$B$39,HQuad!$L$24:$L$39,"""")"
246,IL,Solvency - Q OL,derived_features,quad_outlook,drv_cat_quad_outlook,FFE1F5FF,34,"=_xlfn.XLOOKUP(HQ2,HQuad!$B$24:$B$39,HQuad!$L$24:$L$39,"""")"
247,IM,Value? - Q OL,derived_features,quad_outlook,drv_cat_quad_outlook,FFE1F5FF,34,"=_xlfn.XLOOKUP(HR2,HQuad!$B$24:$B$39,HQuad!$L$24:$L$39,"""")"
248,IN,Quality? - Q OL,derived_features,quad_outlook,drv_cat_quad_outlook,FFE1F5FF,34,"=_xlfn.XLOOKUP(HS2,HQuad!$B$24:$B$39,HQuad!$L$24:$L$39,"""")"
249,IO,Dividend? - Q OL,derived_features,quad_outlook,drv_cat_quad_outlook,FFE1F5FF,34,"=_xlfn.XLOOKUP(HT2,HQuad!$B$24:$B$39,HQuad!$L$24:$L$39,"""")"
250,IP,Momentum - Q OL,derived_features,quad_outlook,drv_cat_quad_outlook,FFE1F5FF,34,"=_xlfn.XLOOKUP(HV2,HQuad!$B$24:$B$39,HQuad!$L$24:$L$39,0)"
251,IQ,Sensitivity - Q OL,derived_features,quad_outlook,drv_cat_quad_outlook,FFE1F5FF,34,"=_xlfn.XLOOKUP(HW2,HQuad!$B$24:$B$39,HQuad!$L$24:$L$39,"""")"
252,IR,Asset Class - Q OL,derived_features,quad_outlook,drv_cat_quad_outlook,FF99FFCC,35,"=_xlfn.XLOOKUP(HH2,HQuad!$B$2:$B$9,HQuad!$L$2:$L$9,"""")"
253,IS,Equity Sector - Q OL,derived_features,quad_outlook,drv_cat_quad_outlook,FFFFCCCC,36,"=IF(HH2=""Equities"",_xlfn.XLOOKUP(HJ2,HQuad!$B$10:$B$23,HQuad!$L$10:$L$23,""""),IR2)"
254,IT,Q+ves - Equity Style,derived_features,quad_outlook,drv_cat_quad_outlook,FF66CCFF,37,"=COUNTIF(IJ2:IQ2,"">0"")"
255,IU,Q-ves  - Equity Style,derived_features,quad_outlook,drv_cat_quad_outlook,FF66CCFF,37,"=COUNTIF(IJ2:IQ2,""<0"")"
256,IV,SP500 Volatility,derived_features,index_volatility,drv_cat_index_volatility,theme:2,38,"=IF(_xlfn.XLOOKUP(C2,Sctr!A:A,Sctr!D:D,"""")=""Y"",Dash!$S$2,0)"
257,IW,Nasdaq Volatility,derived_features,index_volatility,drv_cat_index_volatility,theme:2,38,"=IF(_xlfn.XLOOKUP(C2,Sctr!A:A,Sctr!E:E,"""")=""Y"",Dash!$S$5,0)"
258,IX,Dow Volatility,derived_features,index_volatility,drv_cat_index_volatility,theme:2,38,"=IF(_xlfn.XLOOKUP(C2,Sctr!A:A,Sctr!F:F,"""")=""Y"",Dash!$S$9,0)"
259,IY,RusSell Volatility,derived_features,index_volatility,drv_cat_index_volatility,theme:2,38,"=IF(_xlfn.XLOOKUP(C2,Sctr!A:A,Sctr!G:G,"""")=""Y"",Dash!$S$4,0)"
260,IZ,FCF,derived_features,index_volatility,drv_cat_index_volatility,theme:2,38,"=_xlfn.XLOOKUP($N2&$B2,TW!$D:$D,TW!$G:$G,"""")"
261,JA,Ticker,derived_features,identity,drv_cat_identity,theme:3,39,=C2
262,JB,EarningsDays,derived_features,earnings,drv_cat_earnings,theme:2,38,"=_xlfn.XLOOKUP($N2&$B2,TW!$D:$D,TW!$X:$X,"""")"
263,JC,Short Ratio,derived_features,fundamentals,drv_cat_fundamentals,FFF6FCD0,40,"=_xlfn.XLOOKUP($R2&$C2,Y!$D:$D,Y!$Q:$Q,"""")"
264,JD,Float,derived_features,fundamentals,drv_cat_fundamentals,FFF6FCD0,40,"=_xlfn.XLOOKUP($R2&$C2,Y!$D:$D,Y!$R:$R,"""")"
265,JE,Shares Out,derived_features,fundamentals,drv_cat_fundamentals,FFF6FCD0,40,"=_xlfn.XLOOKUP($R2&$C2,Y!$D:$D,Y!$S:$S,"""")"
266,JF,Begin,separator,separator,drv_cat_separator,theme:9,41,
267,JG,MACDH Direction,atomic_input,atomic_input,drv_cat_atomic_input,theme:4,42,"=IF(CK2=0,-1,SIGN(CK2))"
268,JH,MACD Direction,atomic_input,atomic_input,drv_cat_atomic_input,theme:4,42,"=IF(CI2=0,-1,SIGN(CI2))"
269,JI,BB Direction,atomic_input,atomic_input,drv_cat_atomic_input,theme:4,42,=AN2
270,JJ,BB Threshold,atomic_input,atomic_input,drv_cat_atomic_input,theme:4,42,"=IF(AX2=1,AW2,0)"
271,JK,BBThresh CO Days,atomic_input,atomic_input,drv_cat_atomic_input,theme:4,42,<openpyxl.worksheet.formula.ArrayFormula object at 0x75acb9d522f0>
272,JL,BBThresh_CO_Days2,atomic_input,atomic_input,drv_cat_atomic_input,theme:4,42,<openpyxl.worksheet.formula.ArrayFormula object at 0x75acb9d52350>
273,JM,Trade Cross Over,atomic_input,atomic_input,drv_cat_atomic_input,theme:4,42,<openpyxl.worksheet.formula.ArrayFormula object at 0x75acb9d523b0>
274,JN,Trade-Rule,atomic_input,atomic_input,drv_cat_atomic_input,theme:4,42,<openpyxl.worksheet.formula.ArrayFormula object at 0x75acb9d52410>
275,JO,!Trade Rule,atomic_input,atomic_input,drv_cat_atomic_input,theme:5,43,=(-1)*JN2
276,JP,Trend Cross Over,atomic_input,atomic_input,drv_cat_atomic_input,theme:4,42,<openpyxl.worksheet.formula.ArrayFormula object at 0x75acb9d52530>
277,JQ,Trend-Rule,atomic_input,atomic_input,drv_cat_atomic_input,theme:4,42,<openpyxl.worksheet.formula.ArrayFormula object at 0x75acb9d52590>
278,JR,!Trend Rule,atomic_input,atomic_input,drv_cat_atomic_input,theme:5,43,=(-1)*JQ2
279,JS,Trend Trade Dep Rule,atomic_input,atomic_input,drv_cat_atomic_input,theme:5,43,"=IF(AE2<=AF2,JQ2,JN2)"
280,JT,TrTn Relation,atomic_input,atomic_input,drv_cat_atomic_input,theme:5,43,"=IF(AE2<=AF2,1,-1)"
281,JU,!TrTn Relation,atomic_input,atomic_input,drv_cat_atomic_input,theme:5,43,=(-1)*JT2
282,JV,Trade Trend SD Rule,atomic_input,atomic_input,drv_cat_atomic_input,theme:5,43,<openpyxl.worksheet.formula.ArrayFormula object at 0x75acb9d528f0>
283,JW,BRR% Rule,atomic_input,atomic_input,drv_cat_atomic_input,theme:4,44,<openpyxl.worksheet.formula.ArrayFormula object at 0x75acb9d52950>
284,JX,BRR% LRR,atomic_input,atomic_input,drv_cat_atomic_input,theme:4,44,<openpyxl.worksheet.formula.ArrayFormula object at 0x75acb9d529b0>
285,JY,BRR% R2,atomic_input,atomic_input,drv_cat_atomic_input,theme:4,44,<openpyxl.worksheet.formula.ArrayFormula object at 0x75acb9d52a10>
286,JZ,BRR% LRR2,atomic_input,atomic_input,drv_cat_atomic_input,theme:4,44,<openpyxl.worksheet.formula.ArrayFormula object at 0x75acb9d52a70>
287,KA,BRR% TRR,atomic_input,atomic_input,drv_cat_atomic_input,theme:4,44,<openpyxl.worksheet.formula.ArrayFormula object at 0x75acb9d52ad0>
288,KB,BRR% Puts,atomic_input,atomic_input,drv_cat_atomic_input,theme:4,44,<openpyxl.worksheet.formula.ArrayFormula object at 0x75acb9d52b30>
289,KC,BRR% TRR Puts,atomic_input,atomic_input,drv_cat_atomic_input,theme:4,44,<openpyxl.worksheet.formula.ArrayFormula object at 0x75acb9d52b90>
290,KD,BRR% Dir,atomic_input,atomic_input,drv_cat_atomic_input,theme:5,45,<openpyxl.worksheet.formula.ArrayFormula object at 0x75acb9d52bf0>
291,KE,High TRR,atomic_input,atomic_input,drv_cat_atomic_input,FFE9F4D6,46,<openpyxl.worksheet.formula.ArrayFormula object at 0x75acb9d52c50>
292,KF,Low LRR,atomic_input,atomic_input,drv_cat_atomic_input,FFE9F4D6,46,<openpyxl.worksheet.formula.ArrayFormula object at 0x75acb9d52cb0>
293,KG,Trend below TRR,atomic_input,atomic_input,drv_cat_atomic_input,theme:5,45,"=IF(EQ2<0,-1,0)"
294,KH,LRR above Trade,atomic_input,atomic_input,drv_cat_atomic_input,FFE9F4D6,46,"=IF(ER2>0,1,0)"
295,KI,TRR_Idx,atomic_input,atomic_input,drv_cat_atomic_input,theme:7,47,<openpyxl.worksheet.formula.ArrayFormula object at 0x75acb9d52e90>
296,KJ,MRR_Idx,atomic_input,atomic_input,drv_cat_atomic_input,theme:7,47,<openpyxl.worksheet.formula.ArrayFormula object at 0x75acb9d52ef0>
297,KK,LRR_Idx,atomic_input,atomic_input,drv_cat_atomic_input,theme:7,47,<openpyxl.worksheet.formula.ArrayFormula object at 0x75acb9d52f50>
298,KL,HVAbsolute,atomic_input,atomic_input,drv_cat_atomic_input,theme:4,48,<openpyxl.worksheet.formula.ArrayFormula object at 0x75acb9d52fb0>
299,KM,IVAbsolute,atomic_input,atomic_input,drv_cat_atomic_input,theme:4,48,<openpyxl.worksheet.formula.ArrayFormula object at 0x75acb9d53010>
300,KN,IVPercentile,atomic_input,atomic_input,drv_cat_atomic_input,theme:4,48,<openpyxl.worksheet.formula.ArrayFormula object at 0x75acb9d53070>
301,KO,IVPercentile Puts,atomic_input,atomic_input,drv_cat_atomic_input,theme:7,47,<openpyxl.worksheet.formula.ArrayFormula object at 0x75acb9d530d0>
302,KP,HVPercentile,atomic_input,atomic_input,drv_cat_atomic_input,theme:4,48,<openpyxl.worksheet.formula.ArrayFormula object at 0x75acb9d53130>
303,KQ,HVPercentile Puts,atomic_input,atomic_input,drv_cat_atomic_input,theme:7,47,<openpyxl.worksheet.formula.ArrayFormula object at 0x75acb9d53190>
304,KR,IVHV,atomic_input,atomic_input,drv_cat_atomic_input,theme:4,48,<openpyxl.worksheet.formula.ArrayFormula object at 0x75acb9d531f0>
305,KS,IVHV Puts,atomic_input,atomic_input,drv_cat_atomic_input,theme:7,47,<openpyxl.worksheet.formula.ArrayFormula object at 0x75acb9d53250>
306,KT,IVRule,atomic_input,atomic_input,drv_cat_atomic_input,theme:4,48,<openpyxl.worksheet.formula.ArrayFormula object at 0x75acb9d532b0>
307,KU,RSI Rule,atomic_input,atomic_input,drv_cat_atomic_input,theme:4,48,<openpyxl.worksheet.formula.ArrayFormula object at 0x75acb9d53310>
308,KV,RSI Top,atomic_input,atomic_input,drv_cat_atomic_input,theme:4,48,<openpyxl.worksheet.formula.ArrayFormula object at 0x75acb9d53370>
309,KW,RSI Puts,atomic_input,atomic_input,drv_cat_atomic_input,theme:7,47,<openpyxl.worksheet.formula.ArrayFormula object at 0x75acb9d533d0>
310,KX,3m-Low-Rule,atomic_input,atomic_input,drv_cat_atomic_input,theme:4,48,<openpyxl.worksheet.formula.ArrayFormula object at 0x75acb9d53430>
311,KY,3m-Low-Days Rule,atomic_input,atomic_input,drv_cat_atomic_input,theme:4,48,<openpyxl.worksheet.formula.ArrayFormula object at 0x75acb9d53490>
312,KZ,3mn-High-Rule,atomic_input,atomic_input,drv_cat_atomic_input,theme:4,48,<openpyxl.worksheet.formula.ArrayFormula object at 0x75acb9d534f0>
313,LA,3mn-High-Days Rule,atomic_input,atomic_input,drv_cat_atomic_input,theme:4,48,<openpyxl.worksheet.formula.ArrayFormula object at 0x75acb9d53550>
314,LB,3m-Long,atomic_input,atomic_input,drv_cat_atomic_input,theme:5,49,<openpyxl.worksheet.formula.ArrayFormula object at 0x75acb9d535b0>
315,LC,Perf3mn SD Rule,atomic_input,atomic_input,drv_cat_atomic_input,theme:4,48,<openpyxl.worksheet.formula.ArrayFormula object at 0x75acb9d53610>
316,LD,Perf2M SD Rule,atomic_input,atomic_input,drv_cat_atomic_input,theme:4,48,<openpyxl.worksheet.formula.ArrayFormula object at 0x75acb9d53670>
317,LE,Perf3WK SD Rule,atomic_input,atomic_input,drv_cat_atomic_input,theme:4,48,<openpyxl.worksheet.formula.ArrayFormula object at 0x75acb9d536d0>
318,LF,Perf2WK SD Rule,atomic_input,atomic_input,drv_cat_atomic_input,theme:4,48,<openpyxl.worksheet.formula.ArrayFormula object at 0x75acb9d53730>
319,LG,Perf3D SD Rule,atomic_input,atomic_input,drv_cat_atomic_input,theme:4,48,<openpyxl.worksheet.formula.ArrayFormula object at 0x75acb9d53790>
320,LH,Perf1D SD Rule,atomic_input,atomic_input,drv_cat_atomic_input,theme:4,48,<openpyxl.worksheet.formula.ArrayFormula object at 0x75acb9d537f0>
321,LI,!Perf1D_sd,atomic_input,atomic_input,drv_cat_atomic_input,theme:4,48,=(-1)*LH2
322,LJ,Perf3D_sd_1off,atomic_input,atomic_input,drv_cat_atomic_input,theme:4,48,<openpyxl.worksheet.formula.ArrayFormula object at 0x75acb9d53910>
323,LK,Perf SD Rule,atomic_input,atomic_input,drv_cat_atomic_input,theme:5,50,<openpyxl.worksheet.formula.ArrayFormula object at 0x75acb9d53970>
324,LL,!Perf SD Rule,atomic_input,atomic_input,drv_cat_atomic_input,theme:7,51,=(-1)*LK2
325,LM,!Perf3D Rule,atomic_input,atomic_input,drv_cat_atomic_input,theme:5,50,=(-1)*LG2
326,LN,BBHighLow_SD Rule,atomic_input,atomic_input,drv_cat_atomic_input,theme:4,48,<openpyxl.worksheet.formula.ArrayFormula object at 0x75acb9d53b50>
327,LO,BBHighLow Days Rule,atomic_input,atomic_input,drv_cat_atomic_input,theme:4,48,<openpyxl.worksheet.formula.ArrayFormula object at 0x75acb9d53bb0>
328,LP,BBStreak Rule,atomic_input,atomic_input,drv_cat_atomic_input,theme:4,48,<openpyxl.worksheet.formula.ArrayFormula object at 0x75acb9d53c10>
329,LQ,BBStreakRule1,atomic_input,atomic_input,drv_cat_atomic_input,theme:4,48,<openpyxl.worksheet.formula.ArrayFormula object at 0x75acb9d53c70>
330,LR,BBStreak Rule2,atomic_input,atomic_input,drv_cat_atomic_input,theme:4,48,<openpyxl.worksheet.formula.ArrayFormula object at 0x75acb9d53cd0>
331,LS,BBStreak Days Rule,atomic_input,atomic_input,drv_cat_atomic_input,theme:4,48,<openpyxl.worksheet.formula.ArrayFormula object at 0x75acb9d53d30>
332,LT,BBStreak Days Rule2,atomic_input,atomic_input,drv_cat_atomic_input,theme:4,48,<openpyxl.worksheet.formula.ArrayFormula object at 0x75acb9d53d90>
333,LU,BBStreak Days Rule3,atomic_input,atomic_input,drv_cat_atomic_input,theme:4,48,<openpyxl.worksheet.formula.ArrayFormula object at 0x75acb9d53df0>
334,LV,BBStreak Days Rule4,atomic_input,atomic_input,drv_cat_atomic_input,theme:4,48,<openpyxl.worksheet.formula.ArrayFormula object at 0x75acb9d53e50>
335,LW,BB Bull Rule,atomic_input,atomic_input,drv_cat_atomic_input,theme:5,52,<openpyxl.worksheet.formula.ArrayFormula object at 0x75acb9d53eb0>
336,LX,BB Bull Puts,atomic_input,atomic_input,drv_cat_atomic_input,theme:7,53,=(-1)*LW2
337,LY,BBHighDays,atomic_input,atomic_input,drv_cat_atomic_input,theme:4,48,<openpyxl.worksheet.formula.ArrayFormula object at 0x75acb9d53fd0>
338,LZ,BBLowDays,atomic_input,atomic_input,drv_cat_atomic_input,theme:4,48,<openpyxl.worksheet.formula.ArrayFormula object at 0x75acb9d78070>
339,MA,MACD Rule,atomic_input,atomic_input,drv_cat_atomic_input,theme:4,48,<openpyxl.worksheet.formula.ArrayFormula object at 0x75acb9d780d0>
340,MB,MACDH Rule,atomic_input,atomic_input,drv_cat_atomic_input,theme:4,48,<openpyxl.worksheet.formula.ArrayFormula object at 0x75acb9d78130>
341,MC,MACD and H Rule,atomic_input,atomic_input,drv_cat_atomic_input,theme:5,54,=INT((MA2+MB2)/2)
342,MD,MACD_BRR Puts,atomic_input,atomic_input,drv_cat_atomic_input,theme:7,55,<openpyxl.worksheet.formula.ArrayFormula object at 0x75acb9d78250>
343,ME,MACDH_BRR Puts,atomic_input,atomic_input,drv_cat_atomic_input,theme:7,55,<openpyxl.worksheet.formula.ArrayFormula object at 0x75acb9d782b0>
344,MF,MACD and H Rule Puts,atomic_input,atomic_input,drv_cat_atomic_input,theme:5,54,=INT((MD2+ME2)/2)
345,MG,MACDH Days,atomic_input,atomic_input,drv_cat_atomic_input,theme:4,56,<openpyxl.worksheet.formula.ArrayFormula object at 0x75acb9d783d0>
346,MH,MACDH Days2,atomic_input,atomic_input,drv_cat_atomic_input,theme:4,56,<openpyxl.worksheet.formula.ArrayFormula object at 0x75acb9d78430>
347,MI,Overbought,atomic_input,atomic_input,drv_cat_atomic_input,theme:5,54,<openpyxl.worksheet.formula.ArrayFormula object at 0x75acb9d78490>
348,MJ,!Overbought,atomic_input,atomic_input,drv_cat_atomic_input,theme:5,54,=(-1)*MI2
349,MK,3mn Outlook,atomic_input,atomic_input,drv_cat_atomic_input,theme:4,56,<openpyxl.worksheet.formula.ArrayFormula object at 0x75acb9d785b0>
350,ML,3mn Outlook Days,atomic_input,atomic_input,drv_cat_atomic_input,theme:4,56,<openpyxl.worksheet.formula.ArrayFormula object at 0x75acb9d78610>
351,MM,3wk Outlook,atomic_input,atomic_input,drv_cat_atomic_input,theme:4,56,<openpyxl.worksheet.formula.ArrayFormula object at 0x75acb9d78670>
352,MN,3wk Outlook Days,atomic_input,atomic_input,drv_cat_atomic_input,theme:4,56,<openpyxl.worksheet.formula.ArrayFormula object at 0x75acb9d786d0>
353,MO,!3wk ol,atomic_input,atomic_input,drv_cat_atomic_input,theme:5,57,=(-1)*MM2
354,MP,!3wk ol days,atomic_input,atomic_input,drv_cat_atomic_input,theme:5,57,=(-1)*MN2
355,MQ,BULL,atomic_input,atomic_input,drv_cat_atomic_input,theme:7,58,<openpyxl.worksheet.formula.ArrayFormula object at 0x75acb9d788b0>
356,MR,!BULL,atomic_input,atomic_input,drv_cat_atomic_input,theme:5,57,=(-1)*MQ2
357,MS,PerfOrBull,atomic_input,atomic_input,drv_cat_atomic_input,theme:7,58,<openpyxl.worksheet.formula.ArrayFormula object at 0x75acb9d789d0>
358,MT,!PerfOrBull,atomic_input,atomic_input,drv_cat_atomic_input,theme:5,57,=(-1)*MS2
359,MU,50-DMA-Rule,atomic_input,atomic_input,drv_cat_atomic_input,theme:4,59,<openpyxl.worksheet.formula.ArrayFormula object at 0x75acb9d78af0>
360,MV,50-DMA-Crossover,atomic_input,atomic_input,drv_cat_atomic_input,theme:4,59,<openpyxl.worksheet.formula.ArrayFormula object at 0x75acb9d78b50>
361,MW,200-DMA-Rule,atomic_input,atomic_input,drv_cat_atomic_input,theme:4,59,<openpyxl.worksheet.formula.ArrayFormula object at 0x75acb9d78bb0>
362,MX,200-DMA-Crossover,atomic_input,atomic_input,drv_cat_atomic_input,theme:4,59,<openpyxl.worksheet.formula.ArrayFormula object at 0x75acb9d78c10>
363,MY,52-Wk Low Rule,atomic_input,atomic_input,drv_cat_atomic_input,theme:4,59,<openpyxl.worksheet.formula.ArrayFormula object at 0x75acb9d78c70>
364,MZ,52-Wk High Rule,atomic_input,atomic_input,drv_cat_atomic_input,theme:4,59,<openpyxl.worksheet.formula.ArrayFormula object at 0x75acb9d78cd0>
365,NA,BRRTrade,atomic_input,atomic_input,drv_cat_atomic_input,theme:5,60,"=IF(ABS(DX2-AF2)<=AC2*0.5,1,0)"
366,NB,TRRTrade,atomic_input,atomic_input,drv_cat_atomic_input,theme:5,60,"=IF(ABS(DY2-AF2)<=AC2*0.5,-1,0)"
367,NC,Up Resistance,atomic_input,atomic_input,drv_cat_atomic_input,theme:4,59,"=IF(AND((EH2+0.05*AC2)>CG2,D2<CG2),-0.5,0)+IF(AND((EH2+0.05*AC2)>CH2,D2<CH2),-0.5,0)"
368,ND,Down Resistance,atomic_input,atomic_input,drv_cat_atomic_input,theme:4,59,"=IF(AND((EI2+0.05*AC2)<BA2,D2>BA2),1,0)+IF(AND((EI2+0.05*AC2)>CG2,D2>CG2),0.5,0)+IF(AND((EI2+0.05*AC2)<CH2,D2>CH2),0.5,0)"
369,NE,Earnings,atomic_input,atomic_input,drv_cat_atomic_input,theme:4,59,<openpyxl.worksheet.formula.ArrayFormula object at 0x75acb9d79030>
370,NF,VS Price,atomic_input,atomic_input,drv_cat_atomic_input,FFFFE5E5,61,<openpyxl.worksheet.formula.ArrayFormula object at 0x75acb9d79090>
371,NG,VS Volume Spike,atomic_input,atomic_input,drv_cat_atomic_input,FFFFE5E5,61,<openpyxl.worksheet.formula.ArrayFormula object at 0x75acb9d790f0>
372,NH,VS Volatility,atomic_input,atomic_input,drv_cat_atomic_input,FFFFE5E5,61,<openpyxl.worksheet.formula.ArrayFormula object at 0x75acb9d79150>
373,NI,VS Days,atomic_input,atomic_input,drv_cat_atomic_input,FFFFE5E5,61,<openpyxl.worksheet.formula.ArrayFormula object at 0x75acb9d791b0>
374,NJ,VS LT Outlook Rule,atomic_input,atomic_input,drv_cat_atomic_input,theme:7,62,<openpyxl.worksheet.formula.ArrayFormula object at 0x75acb9d79210>
375,NK,Current Price SD Rule,atomic_input,atomic_input,drv_cat_atomic_input,FFCCFFCC,63,<openpyxl.worksheet.formula.ArrayFormula object at 0x75acb9d79270>
376,NL,Current Volume Rule,atomic_input,atomic_input,drv_cat_atomic_input,FFCCFFCC,63,<openpyxl.worksheet.formula.ArrayFormula object at 0x75acb9d792d0>
377,NM,Current Volatility Rule,atomic_input,atomic_input,drv_cat_atomic_input,FFCCFFCC,63,<openpyxl.worksheet.formula.ArrayFormula object at 0x75acb9d79330>
378,NN,Short Term Oulook (If LT Bullish),atomic_input,atomic_input,drv_cat_atomic_input,theme:7,62,<openpyxl.worksheet.formula.ArrayFormula object at 0x75acb9d79390>
379,NO,Short Term Oulook (If LT Bearish),atomic_input,atomic_input,drv_cat_atomic_input,theme:5,64,<openpyxl.worksheet.formula.ArrayFormula object at 0x75acb9d793f0>
380,NP,End,separator,separator,drv_cat_separator,theme:4,65,
381,NQ,=Trig!O1,composite,composite,drv_cat_composite,theme:5,64,<openpyxl.worksheet.formula.ArrayFormula object at 0x75acb9d79450>
382,NR,=Trig!Q1,composite,composite,drv_cat_composite,theme:5,64,<openpyxl.worksheet.formula.ArrayFormula object at 0x75acb9d794b0>
383,NS,=Trig!S1,composite,composite,drv_cat_composite,theme:5,64,<openpyxl.worksheet.formula.ArrayFormula object at 0x75acb9d79510>
384,NT,=Trig!U1,composite,composite,drv_cat_composite,theme:5,64,<openpyxl.worksheet.formula.ArrayFormula object at 0x75acb9d79570>
385,NU,=Trig!W1,composite,composite,drv_cat_composite,theme:5,64,<openpyxl.worksheet.formula.ArrayFormula object at 0x75acb9d795d0>
386,NV,=Trig!Y1,composite,composite,drv_cat_composite,theme:5,64,<openpyxl.worksheet.formula.ArrayFormula object at 0x75acb9d79630>
387,NW,=Trig!AA1,composite,composite,drv_cat_composite,theme:5,64,<openpyxl.worksheet.formula.ArrayFormula object at 0x75acb9d79690>
388,NX,=Trig!AC1,composite,composite,drv_cat_composite,theme:5,64,<openpyxl.worksheet.formula.ArrayFormula object at 0x75acb9d796f0>
389,NY,=Trig!AE1,composite,composite,drv_cat_composite,theme:5,64,<openpyxl.worksheet.formula.ArrayFormula object at 0x75acb9d79750>
390,NZ,=Trig!AG1,composite,composite,drv_cat_composite,theme:5,64,<openpyxl.worksheet.formula.ArrayFormula object at 0x75acb9d797b0>
391,OA,=Trig!AI1,composite,composite,drv_cat_composite,theme:5,64,<openpyxl.worksheet.formula.ArrayFormula object at 0x75acb9d79810>
392,OB,=Trig!AK1,composite,composite,drv_cat_composite,theme:5,64,<openpyxl.worksheet.formula.ArrayFormula object at 0x75acb9d79870>
393,OC,=Trig!AM1,composite,composite,drv_cat_composite,theme:5,64,<openpyxl.worksheet.formula.ArrayFormula object at 0x75acb9d798d0>
394,OD,=Trig!AO1,composite,composite,drv_cat_composite,theme:5,64,<openpyxl.worksheet.formula.ArrayFormula object at 0x75acb9d79930>
395,OE,=Trig!AQ1,composite,composite,drv_cat_composite,theme:5,64,<openpyxl.worksheet.formula.ArrayFormula object at 0x75acb9d79990>
396,OF,=Trig!AS1,composite,composite,drv_cat_composite,theme:5,64,<openpyxl.worksheet.formula.ArrayFormula object at 0x75acb9d799f0>
397,OG,=Trig!AU1,composite,composite,drv_cat_composite,theme:5,64,<openpyxl.worksheet.formula.ArrayFormula object at 0x75acb9d79a50>
398,OH,=Trig!AW1,composite,composite,drv_cat_composite,theme:5,64,<openpyxl.worksheet.formula.ArrayFormula object at 0x75acb9d79ab0>
399,OI,=Trig!AY1,composite,composite,drv_cat_composite,theme:5,64,<openpyxl.worksheet.formula.ArrayFormula object at 0x75acb9d79b10>
400,OJ,=Trig!BA1,composite,composite,drv_cat_composite,theme:5,64,<openpyxl.worksheet.formula.ArrayFormula object at 0x75acb9d79b70>
401,OK,=Trig!BC1,composite,composite,drv_cat_composite,theme:5,64,<openpyxl.worksheet.formula.ArrayFormula object at 0x75acb9d79bd0>
402,OL,=Trig!BE1,composite,composite,drv_cat_composite,theme:5,64,<openpyxl.worksheet.formula.ArrayFormula object at 0x75acb9d79c30>
403,OM,=Trig!BG1,composite,composite,drv_cat_composite,theme:5,64,<openpyxl.worksheet.formula.ArrayFormula object at 0x75acb9d79c90>
404,ON,=Trig!BI1,composite,composite,drv_cat_composite,theme:5,64,<openpyxl.worksheet.formula.ArrayFormula object at 0x75acb9d79cf0>
405,OO,=Trig!BK1,composite,composite,drv_cat_composite,theme:5,64,<openpyxl.worksheet.formula.ArrayFormula object at 0x75acb9d79d50>
406,OP,=Trig!BM1,composite,composite,drv_cat_composite,theme:5,64,<openpyxl.worksheet.formula.ArrayFormula object at 0x75acb9d79db0>
407,OQ,=Trig!BO1,composite,composite,drv_cat_composite,theme:5,64,<openpyxl.worksheet.formula.ArrayFormula object at 0x75acb9d79e10>
408,OR,=Trig!BQ1,composite,composite,drv_cat_composite,theme:5,64,<openpyxl.worksheet.formula.ArrayFormula object at 0x75acb9d79e70>
409,OS,=Trig!BS1,composite,composite,drv_cat_composite,theme:5,64,<openpyxl.worksheet.formula.ArrayFormula object at 0x75acb9d79ed0>
410,OT,=Trig!BU1,composite,composite,drv_cat_composite,theme:5,64,<openpyxl.worksheet.formula.ArrayFormula object at 0x75acb9d79f30>
411,OU,=Trig!BW1,composite,composite,drv_cat_composite,theme:9,66,<openpyxl.worksheet.formula.ArrayFormula object at 0x75acb9d79f90>
412,OV,=Trig!BY1,composite,composite,drv_cat_composite,theme:9,66,<openpyxl.worksheet.formula.ArrayFormula object at 0x75acb9d79ff0>
413,OW,=Trig!CA1,composite,composite,drv_cat_composite,theme:9,66,<openpyxl.worksheet.formula.ArrayFormula object at 0x75acb9d7a050>
414,OX,=Trig!CC1,composite,composite,drv_cat_composite,theme:9,66,<openpyxl.worksheet.formula.ArrayFormula object at 0x75acb9d7a0b0>
415,OY,=Trig!CE1,composite,composite,drv_cat_composite,theme:9,66,<openpyxl.worksheet.formula.ArrayFormula object at 0x75acb9d7a110>
416,OZ,=Trig!CG1,composite,composite,drv_cat_composite,theme:9,66,<openpyxl.worksheet.formula.ArrayFormula object at 0x75acb9d7a170>
417,PA,=Trig!CI1,composite,composite,drv_cat_composite,theme:9,66,<openpyxl.worksheet.formula.ArrayFormula object at 0x75acb9d7a1d0>
418,PB,=Trig!CK1,composite,composite,drv_cat_composite,theme:9,66,<openpyxl.worksheet.formula.ArrayFormula object at 0x75acb9d7a230>
419,PC,=Trig!CM1,composite,composite,drv_cat_composite,theme:9,66,<openpyxl.worksheet.formula.ArrayFormula object at 0x75acb9d7a290>
420,PD,=Trig!CO1,composite,composite,drv_cat_composite,theme:9,66,<openpyxl.worksheet.formula.ArrayFormula object at 0x75acb9d7a2f0>
421,PE,=Trig!CQ1,composite,composite,drv_cat_composite,theme:9,66,<openpyxl.worksheet.formula.ArrayFormula object at 0x75acb9d7a350>
422,PF,=Trig!CS1,composite,composite,drv_cat_composite,theme:9,66,<openpyxl.worksheet.formula.ArrayFormula object at 0x75acb9d7a3b0>
423,PG,=Trig!CU1,composite,composite,drv_cat_composite,theme:9,66,<openpyxl.worksheet.formula.ArrayFormula object at 0x75acb9d7a410>
424,PH,=Trig!CW1,composite,composite,drv_cat_composite,theme:9,66,<openpyxl.worksheet.formula.ArrayFormula object at 0x75acb9d7a470>
425,PI,=Trig!CY1,composite,composite,drv_cat_composite,theme:9,66,<openpyxl.worksheet.formula.ArrayFormula object at 0x75acb9d7a4d0>
426,PJ,=Trig!DA1,composite,composite,drv_cat_composite,theme:9,66,<openpyxl.worksheet.formula.ArrayFormula object at 0x75acb9d7a530>
427,PK,=Trig!DC1,composite,composite,drv_cat_composite,theme:9,66,<openpyxl.worksheet.formula.ArrayFormula object at 0x75acb9d7a590>
428,PL,=Trig!DE1,composite,composite,drv_cat_composite,theme:9,66,<openpyxl.worksheet.formula.ArrayFormula object at 0x75acb9d7a5f0>
429,PM,=Trig!DG1,composite,composite,drv_cat_composite,theme:9,66,<openpyxl.worksheet.formula.ArrayFormula object at 0x75acb9d7a650>
430,PN,=Trig!DI1,composite,composite,drv_cat_composite,theme:9,66,<openpyxl.worksheet.formula.ArrayFormula object at 0x75acb9d7a6b0>
431,PO,=Trig!DK1,composite,composite,drv_cat_composite,theme:9,66,<openpyxl.worksheet.formula.ArrayFormula object at 0x75acb9d7a710>
432,PP,=Trig!DM1,composite,composite,drv_cat_composite,theme:9,66,<openpyxl.worksheet.formula.ArrayFormula object at 0x75acb9d7a770>
433,PQ,=Trig!DO1,composite,composite,drv_cat_composite,theme:9,66,<openpyxl.worksheet.formula.ArrayFormula object at 0x75acb9d7a7d0>
434,PR,=Trig!DQ1,composite,composite,drv_cat_composite,theme:9,66,<openpyxl.worksheet.formula.ArrayFormula object at 0x75acb9d7a830>
435,PS,=Trig!DS1,composite,composite,drv_cat_composite,theme:9,66,<openpyxl.worksheet.formula.ArrayFormula object at 0x75acb9d7a890>
436,PT,=Trig!DU1,composite,composite,drv_cat_composite,theme:9,66,<openpyxl.worksheet.formula.ArrayFormula object at 0x75acb9d7a8f0>
437,PU,=Trig!DW1,composite,composite,drv_cat_composite,theme:9,66,<openpyxl.worksheet.formula.ArrayFormula object at 0x75acb9d7a950>
438,PV,=Trig!DY1,composite,composite,drv_cat_composite,theme:9,66,<openpyxl.worksheet.formula.ArrayFormula object at 0x75acb9d7a9b0>
439,PW,=Trig!EA1,composite,composite,drv_cat_composite,theme:9,66,<openpyxl.worksheet.formula.ArrayFormula object at 0x75acb9d7aa10>
440,PX,=Trig!EC1,composite,composite,drv_cat_composite,theme:9,66,<openpyxl.worksheet.formula.ArrayFormula object at 0x75acb9d7aa70>
441,PY,=Trig!EE1,composite,composite,drv_cat_composite,theme:9,66,<openpyxl.worksheet.formula.ArrayFormula object at 0x75acb9d7aad0>
442,PZ,=Trig!EG1,composite,composite,drv_cat_composite,theme:5,67,<openpyxl.worksheet.formula.ArrayFormula object at 0x75acb9d7ab30>
443,QA,=Trig!EI1,composite,composite,drv_cat_composite,theme:5,67,<openpyxl.worksheet.formula.ArrayFormula object at 0x75acb9d7ab90>
444,QB,=Trig!EK1,composite,composite,drv_cat_composite,theme:5,67,<openpyxl.worksheet.formula.ArrayFormula object at 0x75acb9d7abf0>
445,QC,=Trig!EM1,composite,composite,drv_cat_composite,theme:5,67,<openpyxl.worksheet.formula.ArrayFormula object at 0x75acb9d7ac50>
446,QD,=Trig!EO1,composite,composite,drv_cat_composite,theme:5,67,<openpyxl.worksheet.formula.ArrayFormula object at 0x75acb9d7acb0>
447,QE,Tn Td Rule,rule_summary,trend_trade,drv_cat_trend_trade,FFCCCC00,68,<openpyxl.worksheet.formula.ArrayFormula object at 0x75acb9d7ad10>
448,QF,Tn Td Rule Action,rule_summary,trend_trade,drv_cat_trend_trade,FFCCCC00,68,"=_xlfn.XLOOKUP(QE2,Parm!$BS$26:$BS$31,Parm!$BV$26:$BV$31)"
449,QG,Tn Td Rule Desc,rule_summary,trend_trade,drv_cat_trend_trade,FFCCCC00,68,"=_xlfn.XLOOKUP(QE2,Parm!$BS$26:$BS$31,Parm!$BT$26:$BT$31)"
450,QH,A_BB_Bot_Slope,rule_summary,bollinger,drv_cat_bollinger,theme:7,69,"=_xlfn.XLOOKUP($M2&$B2,TD!$D:$D,TD!$BI:$BI,"""")"
451,QI,A_BB_Top_Slope,rule_summary,bollinger,drv_cat_bollinger,theme:7,69,"=_xlfn.XLOOKUP($M2&$B2,TD!$D:$D,TD!$BH:$BH,"""")"
452,QJ,BBRngStrkRule,rule_summary,risk_range,drv_cat_risk_range,theme:7,69,<openpyxl.worksheet.formula.ArrayFormula object at 0x75acb9d7ad70>
453,QK,BBRngStrkRule Action,rule_summary,risk_range,drv_cat_risk_range,theme:7,69,"=_xlfn.XLOOKUP(QJ2,Parm!$BS$51:$BS$59,Parm!$BV$51:$BV$59,"""")"
454,QL,BBRngStrkRule Desc,rule_summary,risk_range,drv_cat_risk_range,theme:7,69,"=_xlfn.XLOOKUP(QJ2,Parm!$BS$51:$BS$59,Parm!$BT$51:$BT$59,"""")"
455,QM,BullRiskRng-Action,rule_summary,risk_range,drv_cat_risk_range,FFF5F571,70,<openpyxl.worksheet.formula.ArrayFormula object at 0x75acb9d7add0>
456,QN,!BullRiskRng-Action,rule_summary,risk_range,drv_cat_risk_range,FFF5F571,70,<openpyxl.worksheet.formula.ArrayFormula object at 0x75acb9d7ae30>
457,QO,RiskRng Longs Action,rule_summary,risk_range,drv_cat_risk_range,FFF5F571,70,"=IF(QJ2>=2,_xlfn.XLOOKUP(QM2,Parm!$BS$34:$BS$40,Parm!$BV$34:$BV$40,""""),IF(QJ2>=0,_xlfn.XLOOKUP(QN2,Parm!$BS$43:$BS$48,Parm!$BV$43:$BV$48,""""),""""))"
458,QP,RRBullBear,rule_summary,risk_range,drv_cat_risk_range,FFF5F571,70,"=IF(QQ2="""","""",IF(QJ2>=2,""B"",IF(QJ2>=0,""!B"","""")))"
459,QQ,RRDesc,rule_summary,risk_range,drv_cat_risk_range,FFF5F571,70,"=IF(QJ2>=2,_xlfn.XLOOKUP(QM2,Parm!$BS$34:$BS$40,Parm!$BT$34:$BT$40,""""),IF(QJ2>=0,_xlfn.XLOOKUP(QN2,Parm!$BS$43:$BS$48,Parm!$BT$43:$BT$48,""""),""""))"
460,QR,Td Tn BB Risk Range Rule Action,rule_summary,bollinger,drv_cat_bollinger,FFCCFF66,71,<openpyxl.worksheet.formula.ArrayFormula object at 0x75acb9d7af50>
461,QS,Td Tn BB Risk Range Rule Action,rule_summary,bollinger,drv_cat_bollinger,FFCCFF66,71,"=_xlfn.XLOOKUP(QR2,Parm!$AO$2:$AO$21,Parm!$AQ$2:$AQ$21,"""")"
462,QT,Td Tn BB Risk Range Rule Action Seq,rule_summary,bollinger,drv_cat_bollinger,FFCCFF66,71,"=_xlfn.XLOOKUP(QR2,Parm!$AO$2:$AO$21,Parm!$AR$2:$AR$21,"""")"
463,QU,PS Rk,rule_summary,ps,drv_cat_ps,FFA0FEE1,72,"=_xlfn.XLOOKUP(B2,ps!A:A,ps!Z:Z,"""")"
464,QV,PS Outlook,rule_summary,ps,drv_cat_ps,FFA0FEE1,72,<openpyxl.worksheet.formula.ArrayFormula object at 0x75acb9d7afb0>
465,QW,PSRk Chg,rule_summary,ps,drv_cat_ps,FFA0FEE1,72,"=_xlfn.XLOOKUP(B2,ps!A:A,ps!AA:AA,"""")"
466,QX,ETF,rule_summary,etf,drv_cat_etf,FFA0FEE1,72,"=_xlfn.XLOOKUP(B2,etfchg!C:C,etfchg!F:F,_xlfn.XLOOKUP(U2&B2,etf!A:A,etf!G:G,""""))"
467,QY,II,rule_summary,etf,drv_cat_etf,FFA0FEE1,72,"=_xlfn.XLOOKUP(T2&B2,II!A:A,II!E:E,"""")"
468,QZ,II Chg,rule_summary,ii,drv_cat_ii,FFA0FEE1,72,"=_xlfn.XLOOKUP(B2,IIchg!C:C,IIchg!E:E,"""")"
469,RA,II Final,rule_summary,ii,drv_cat_ii,FFA0FEE1,72,"=IF(QZ2<>"""",QZ2,QY2)"
470,RB,CAll,rule_summary,ii,drv_cat_ii,FFA0FEE1,72,"=_xlfn.XLOOKUP(B2,call!H:H,call!I:I,"""")"
471,RC,CAll Modifier,rule_summary,ii,drv_cat_ii,FFA0FEE1,72,"=_xlfn.XLOOKUP(B2,call!H:H,call!J:J,"""")"
472,RD,RR,rule_summary,ii,drv_cat_ii,FFA0FEE1,72,"=_xlfn.XLOOKUP(B2,RR!F:F,RR!J:J,"""")"
473,RE,Sg Rk,rule_summary,ii,drv_cat_ii,FFA0FEE1,72,"=_xlfn.XLOOKUP(B2,ssL!C:C,ssL!D:D,"""")"
474,RF,KM,rule_summary,ii,drv_cat_ii,FFA0FEE1,72,"=_xlfn.XLOOKUP(B2,ssL!C:C,ssL!E:E,"""")"
475,RG,SgRk Chg,rule_summary,ii,drv_cat_ii,FFA0FEE1,72,"=_xlfn.XLOOKUP(B2,sss!B:B,sss!Q:Q,"""")"
476,RH,Sg Strength,rule_summary,ii,drv_cat_ii,FFA0FEE1,72,"=_xlfn.XLOOKUP(B2,ssL!C:C,ssL!F:F,"""")"
477,RI,SgS Chg,rule_summary,ii,drv_cat_ii,FFA0FEE1,72,"=_xlfn.XLOOKUP(B2,sss!B:B,sss!U:U,"""")"
478,RJ,Sig OL,rule_summary,quad_outlook,drv_cat_quad_outlook,FFA0FEE1,72,<openpyxl.worksheet.formula.ArrayFormula object at 0x75acb9d7b0d0>
479,RK,Sig Rating,rule_summary,quad_outlook,drv_cat_quad_outlook,FFA0FEE1,72,"=_xlfn.NUMBERVALUE(IF(AND(_xlfn.NUMBERVALUE(RA2)=0,_xlfn.NUMBERVALUE(RB2)=0,_xlfn.NUMBERVALUE(RD2)=0,_xlfn.NUMBERVALUE(QX2)=0,_xlfn.NUMBERVALUE(QU2)=0,_xlfn.NUM"
480,RL,HE Outlook,rule_summary,he_outlook,drv_cat_he_outlook,FFA0FEE1,72,<openpyxl.worksheet.formula.ArrayFormula object at 0x75acb9d7b1f0>
481,RM,SSS Entry,rule_summary,signal_strength,drv_cat_signal_strength,FFAAC6F4,73,"=_xlfn.XLOOKUP(B2,sss!V:V,sss!X:X,"""")"
482,RN,PS Date,rule_summary,ps,drv_cat_ps,FFAAC6F4,73,"=_xlfn.XLOOKUP(B2,ps!AB:AB,ps!AG:AG,"""")"
483,RO,ETF Date,rule_summary,etf,drv_cat_etf,FFAAC6F4,73,"=_xlfn.XLOOKUP(B2,etfchg!C:C,etfchg!E:E,_xlfn.XLOOKUP(B2,etf!I:I,etf!N:N,""""))"
484,RP,II Date,rule_summary,ii,drv_cat_ii,FFAAC6F4,73,"=_xlfn.XLOOKUP(B2,II!G:G,II!L:L,"""")"
485,RQ,CAll Date,rule_summary,ii,drv_cat_ii,FFAAC6F4,73,"=_xlfn.XLOOKUP(B2,call!H:H,call!C:C,"""")"
486,RR,RR Date,rule_summary,risk_range,drv_cat_risk_range,FFAAC6F4,73,"=_xlfn.XLOOKUP(B2,RR!F:F,RR!D:D,"""")"
487,RS,PS Entry,rule_summary,ps,drv_cat_ps,FFAAC6F4,73,"=_xlfn.XLOOKUP(B2,ps!AB:AB,ps!AD:AD,"""")"
488,RT,ETF Entry,rule_summary,etf,drv_cat_etf,FFAAC6F4,73,"=_xlfn.XLOOKUP(B2,etfchg!C:C,etfchg!D:D,_xlfn.XLOOKUP(B2,etf!I:I,etf!K:K,""""))"
489,RU,II Entry,rule_summary,ii,drv_cat_ii,FFAAC6F4,73,"=_xlfn.XLOOKUP(B2,II!G:G,II!I:I,"""")"
490,RV,CAll Entry,rule_summary,he_outlook,drv_cat_he_outlook,FFAAC6F4,73,"=_xlfn.XLOOKUP(B2,call!H:H,call!L:L,"""")"
491,RW,RR Entry,rule_summary,risk_range,drv_cat_risk_range,FFAAC6F4,73,"=_xlfn.XLOOKUP(B2,RR!F:F,RR!O:O,"""")"
492,RX,HE Entry,rule_summary,he_outlook,drv_cat_he_outlook,theme:9,74,"=_xlfn.SINGLE(_xlfn.IFNA(_xlfn.XLOOKUP(MAX(RN2:RR2), RN2:RR2, RS2:RW2),""""))"
493,RY,SSS Date,rule_summary,signal_strength,drv_cat_signal_strength,FFAAC6F4,73,"=_xlfn.XLOOKUP(B2,sss!V:V,sss!AA:AA,"""")"
494,RZ,SS Entry Only,rule_summary,signal_strength,drv_cat_signal_strength,FF00B0F0,75,"=IF(RX2="""",RM2,"""")"
495,SA,HE Entry,rule_summary,he_outlook,drv_cat_he_outlook,FFA0FEE1,76,"=IF(RZ2="""",RX2,IF(_xlfn.NUMBERVALUE(RX2)<>0,MIN(RX2,RZ2),RZ2))"
496,SB,PS Cont,rule_summary,ps,drv_cat_ps,FFAAC6F4,73,"=_xlfn.XLOOKUP(B2,ps!AB:AB,ps!AF:AF,"""")"
497,SC,ETF Cont,rule_summary,etf,drv_cat_etf,FFAAC6F4,73,"=_xlfn.XLOOKUP(B2,etfchg!C:C,etfchg!D:D,_xlfn.XLOOKUP(B2,etf!I:I,etf!M:M,""""))"
498,SD,II Cont,rule_summary,ii,drv_cat_ii,FFAAC6F4,73,"=_xlfn.XLOOKUP(B2,II!G:G,II!K:K,"""")"
499,SE,CAll Cont,rule_summary,he_outlook,drv_cat_he_outlook,FFAAC6F4,73,"=_xlfn.XLOOKUP(B2,call!H:H,call!N:N,"""")"
500,SF,RR Cont,rule_summary,risk_range,drv_cat_risk_range,FFAAC6F4,73,"=_xlfn.XLOOKUP(B2,RR!F:F,RR!Q:Q,"""")"
501,SG,HE Cont,rule_summary,he_outlook,drv_cat_he_outlook,FFA0FEE1,77,"=_xlfn.IFNA(_xlfn.XLOOKUP(MAX(RN2:RR2), RN2:RR2, SB2:SF2),"""")"
502,SH,SS Entry Only,rule_summary,signal_strength,drv_cat_signal_strength,FF00B0F0,78,"=IF(RX2="""","""",RM2)"
503,SI,SSS Cont,rule_summary,signal_strength,drv_cat_signal_strength,FF00B0F0,78,"=_xlfn.XLOOKUP(B2,sss!V:V,sss!Z:Z,"""")"
504,SJ,Trig Matched Rule1,rule_summary,trig_summary,drv_cat_trig_summary,theme:9,79,<openpyxl.worksheet.formula.ArrayFormula object at 0x75acb9d7b610>
505,SK,Trig M Rule2,rule_summary,trig_summary,drv_cat_trig_summary,theme:9,79,<openpyxl.worksheet.formula.ArrayFormula object at 0x75acb9d7b670>
506,SL,Trig M Rule3,rule_summary,trig_summary,drv_cat_trig_summary,theme:9,79,<openpyxl.worksheet.formula.ArrayFormula object at 0x75acb9d7b6d0>
507,SM,Trig M Rule4,rule_summary,trig_summary,drv_cat_trig_summary,theme:9,79,<openpyxl.worksheet.formula.ArrayFormula object at 0x75acb9d7b730>
508,SN,Trig M Rule5,rule_summary,trig_summary,drv_cat_trig_summary,theme:9,79,<openpyxl.worksheet.formula.ArrayFormula object at 0x75acb9d7b790>
509,SO,Trig M Rule6,rule_summary,trig_summary,drv_cat_trig_summary,theme:9,79,<openpyxl.worksheet.formula.ArrayFormula object at 0x75acb9d7b7f0>
510,SP,Trig M Rule7,rule_summary,trig_summary,drv_cat_trig_summary,theme:9,79,<openpyxl.worksheet.formula.ArrayFormula object at 0x75acb9d7b850>
511,SQ,Trig M Rule8,rule_summary,trig_summary,drv_cat_trig_summary,theme:9,79,<openpyxl.worksheet.formula.ArrayFormula object at 0x75acb9d7b8b0>
512,SR,Trig M Rule9,rule_summary,trig_summary,drv_cat_trig_summary,theme:9,79,<openpyxl.worksheet.formula.ArrayFormula object at 0x75acb9d7b910>
513,SS,Trig M Rule10,rule_summary,trig_summary,drv_cat_trig_summary,theme:9,79,<openpyxl.worksheet.formula.ArrayFormula object at 0x75acb9d7b970>
514,ST,Trig M Rule11,rule_summary,trig_summary,drv_cat_trig_summary,theme:9,79,<openpyxl.worksheet.formula.ArrayFormula object at 0x75acb9d7b9d0>
515,SU,Blanks,rule_summary,trig_summary,drv_cat_trig_summary,FFFFFFCC,80,=COUNTBLANK(SJ2:ST2)
516,SV,Negatives,rule_summary,trig_summary,drv_cat_trig_summary,FFFFFFCC,80,"=IF(SU2=11,"""",COUNTIF(SJ2:ST2,""<0""))"
517,SW,Positives,rule_summary,trig_summary,drv_cat_trig_summary,FFFFFFCC,80,"=IF(SU2=11,"""",COUNTIF(SJ2:ST2,"">0""))"
518,SX,Neg Rank,rule_summary,trig_summary,drv_cat_trig_summary,FFCCCC00,81,"=IF(_xlfn.NUMBERVALUE(SV2)>0,MIN(SJ2:ST2),"""")"
519,SY,Pos Rank,rule_summary,trig_summary,drv_cat_trig_summary,FFCCCC00,81,"=IF(_xlfn.NUMBERVALUE(SW2)>0,MAX(SJ2:ST2),"""")"
520,SZ,Trig Rule,rule_summary,trig_summary,drv_cat_trig_summary,theme:9,82,<openpyxl.worksheet.formula.ArrayFormula object at 0x75acb9d7bdf0>
521,TA,HE Entry,rule_summary,he_outlook,drv_cat_he_outlook,FFA0FEE1,83,=SA2
522,TB,HE Cont,rule_summary,he_outlook,drv_cat_he_outlook,FFA0FEE1,83,=SG2
523,TC,SS Entry,rule_summary,signal_strength,drv_cat_signal_strength,FF00B0F0,84,=SH2
524,TD,SS Cont,rule_summary,signal_strength,drv_cat_signal_strength,FF00B0F0,84,=SI2
525,TE,Trig,rule_summary,trig_summary,drv_cat_trig_summary,theme:9,85,=SZ2
526,TF,Blanks,rule_summary,trig_summary,drv_cat_trig_summary,FFFFFFCC,86,=COUNTBLANK(TA2:TE2)
527,TG,Negatives,rule_summary,trig_summary,drv_cat_trig_summary,FFFFFFCC,86,"=IF(TF2=5,"""",COUNTIF(TA2:TE2,""<0""))"
528,TH,Positives,rule_summary,trig_summary,drv_cat_trig_summary,FFFFFFCC,86,"=IF(TF2=5,"""",COUNTIF(TA2:TE2,"">0""))"
529,TI,Neg Rank,rule_summary,trig_summary,drv_cat_trig_summary,FFCCCC00,87,"=IF(_xlfn.NUMBERVALUE(TG2)>0,MIN(TA2:TE2),"""")"
530,TJ,Pos Rank,rule_summary,trig_summary,drv_cat_trig_summary,FFCCCC00,87,"=IF(_xlfn.NUMBERVALUE(TH2)>0,MAX(TA2:TE2),"""")"
531,TK,Entry,rule_summary,action_decision,drv_cat_action_decision,FF99CC00,88,<openpyxl.worksheet.formula.ArrayFormula object at 0x75acb9da0610>
532,TL,HE Cont,rule_summary,he_outlook,drv_cat_he_outlook,FFA0FEE1,89,=SG2
533,TM,SS Cont,rule_summary,signal_strength,drv_cat_signal_strength,FF00B0F0,90,=SI2
534,TN,Trig,rule_summary,trig_summary,drv_cat_trig_summary,theme:9,91,=SZ2
535,TO,Blanks,rule_summary,trig_summary,drv_cat_trig_summary,FFFFFFCC,92,=COUNTBLANK(TL2:TN2)
536,TP,Negatives,rule_summary,trig_summary,drv_cat_trig_summary,FFFFFFCC,92,"=IF(TO2=3,"""",COUNTIF(TL2:TN2,""<0""))"
537,TQ,Positives,rule_summary,trig_summary,drv_cat_trig_summary,FFFFFFCC,92,"=IF(TO2=3,"""",COUNTIF(TL2:TN2,"">0""))"
538,TR,Neg Rank,rule_summary,trig_summary,drv_cat_trig_summary,FFCCCC00,93,"=IF(_xlfn.NUMBERVALUE(TP2)>0,MIN(TL2:TN2),"""")"
539,TS,Pos Rank,rule_summary,trig_summary,drv_cat_trig_summary,FFCCCC00,93,"=IF(_xlfn.NUMBERVALUE(TQ2)>0,MAX(TL2:TN2),"""")"
540,TT,Cont,rule_summary,action_decision,drv_cat_action_decision,FF99CC00,94,<openpyxl.worksheet.formula.ArrayFormula object at 0x75acb9da0c70>
541,TU,OverAll,decision,action_decision,drv_cat_action_decision,FFCCFF66,95,"=IF(UI2=0,TK2,TT2)"
542,TV,OverAll Group,decision,action_decision,drv_cat_action_decision,FFCCFF66,95,
543,TW,Action Type,decision,action_decision,drv_cat_action_decision,FFCCFF66,95,"=_xlfn.XLOOKUP(TU2,Parm!$AO$2:$AO$25,Parm!$AS$2:$AS$25,"""")"
544,TX,^L1,decision,action_decision,drv_cat_action_decision,FF66FF33,96,<openpyxl.worksheet.formula.ArrayFormula object at 0x75acb9da0d90>
545,TY,^L2,decision,action_decision,drv_cat_action_decision,FF66FF33,96,<openpyxl.worksheet.formula.ArrayFormula object at 0x75acb9da0df0>
546,TZ,^L3,decision,action_decision,drv_cat_action_decision,FF66FF33,96,"=IF(XG2="""",0,_xlfn.NUMBERVALUE(_xlfn.TEXTBEFORE(XG2, ""-"")))"
547,UA,#Actionable,decision,holdings_dollars,drv_cat_holdings_dollars,FF66FF33,96,"=IF(AND(TX2<=0,TY2<3),1,0)"
548,UB,Index,decision,holdings_dollars,drv_cat_holdings_dollars,FF66FF33,96,"=IF(OR(LEFT(C2,1)=""^"",ISNUMBER(FIND(""="", C2)),ISNUMBER(FIND(""-"", C2))),""Y"",""N"")"
549,UC,Neg Outlook,decision,action_decision,drv_cat_action_decision,theme:5,97,"=IF(_xlfn.NUMBERVALUE(RS2)<0,""P,"","""") & IF(_xlfn.NUMBERVALUE(RT2)<0,""E,"","""") & IF(_xlfn.NUMBERVALUE(RU2)<0,""I,"","""") & IF(_xlfn.NUMBERVALUE(RV2)<0,""C,"","""") & IF("
550,UD,Pos Outlook,decision,action_decision,drv_cat_action_decision,FF92D050,98,"=IF(_xlfn.NUMBERVALUE(RS2)>0,""P,"","""") & IF(_xlfn.NUMBERVALUE(RT2)>0,""E,"","""") & IF(_xlfn.NUMBERVALUE(RU2)>0,""I,"","""") & IF(_xlfn.NUMBERVALUE(RV2)>0,""C,"","""") & IF("
551,UE,Fidelity,holdings,holdings_dollars,drv_cat_holdings_dollars,FFE1B0EE,99,"=_xlfn.XLOOKUP(W2&C2,F!A:A,F!G:G,0)"
552,UF,CS,holdings,holdings_dollars,drv_cat_holdings_dollars,FFE1B0EE,99,"=_xlfn.XLOOKUP(X2&C2,CS!A:A,CS!G:G,0)"
553,UG,Stocks$,holdings,holdings_dollars,drv_cat_holdings_dollars,FF92D050,98,=SUM(UE2:UF2)
554,UH,RH,holdings,holdings_dollars,drv_cat_holdings_dollars,FFE1B0EE,99,
555,UI,Long$,holdings,holdings_dollars,drv_cat_holdings_dollars,FF92D050,98,"=IF(OR(UE2<>"""",UF2<>""""), UG2+IF(UH2>0,UH2,0), 0)"
556,UJ,Short$,holdings,holdings_dollars,drv_cat_holdings_dollars,FFFF0000,100,"=IF(UH2<0,ABS(UH2),0)"
557,UK,My,holdings,holdings_dollars,drv_cat_holdings_dollars,theme:8,101,"=_xlfn.XLOOKUP(C2,My!A:A,My!B:B,"""")"
558,UL,Amt Type,holdings,holdings_dollars,drv_cat_holdings_dollars,FFF6E6FA,102,<openpyxl.worksheet.formula.ArrayFormula object at 0x75acb9da1450>
559,UM,Unit$,holdings,holdings_dollars,drv_cat_holdings_dollars,FFF6E6FA,102,"=IF(UL2<>"""",_xlfn.XLOOKUP(UL2,Parm!$AF$2:$AF$24,Parm!$AK$2:$AK$24,0),0)"
560,UN,Min$,holdings,holdings_dollars,drv_cat_holdings_dollars,FFF6E6FA,102,"=IF(UL2<>"""",_xlfn.XLOOKUP(UL2,Parm!$AF$2:$AF$24,Parm!$AI$2:$AI$24,0),0)"
561,UO,Max$,holdings,holdings_dollars,drv_cat_holdings_dollars,FFF6E6FA,102,"=IF(UL2<>"""",_xlfn.XLOOKUP(UL2,Parm!$AF$2:$AF$24,Parm!$AJ$2:$AJ$24,0),0)"
562,UP,TnTdMax$,holdings,moving_avg,drv_cat_moving_avg,FFF6E6FA,102,<openpyxl.worksheet.formula.ArrayFormula object at 0x75acb9da14b0>
563,UQ,Remaining,holdings,holdings_dollars,drv_cat_holdings_dollars,FFF6E6FA,102,=UP2-_xlfn.NUMBERVALUE(UG2)
564,UR,Final Action,holdings,action_decision,drv_cat_action_decision,FF06F896,103,"=_xlfn.XLOOKUP(TU2,Parm!$AO$1:$AO$25,Parm!$AQ$1:$AQ$25,IF(AND(TU2>=0,UQ2<0),""SO"",""""))"
565,US,Amount,holdings,holdings_dollars,drv_cat_holdings_dollars,FFE1B0EE,104,<openpyxl.worksheet.formula.ArrayFormula object at 0x75acb9da15d0>
566,UT,Amount,holdings,holdings_dollars,drv_cat_holdings_dollars,FFE1B0EE,104,"=IF(OR(US2="""",AND(UG2>UM2,US2<UM2,US2<UN2,US2>0,US2<1000)),"""",US2)"
567,UU,Final Action,holdings,action_decision,drv_cat_action_decision,FF06F896,103,=QS2
568,UV,Amount,holdings,holdings_dollars,drv_cat_holdings_dollars,FFE1B0EE,104,<openpyxl.worksheet.formula.ArrayFormula object at 0x75acb9da17b0>
569,UW,Amount,holdings,holdings_dollars,drv_cat_holdings_dollars,FFE1B0EE,104,"=IF(OR(UV2="""",AND(UG2>UM2,UV2<UM2,UV2<UN2,UV2>0,UV2<1000)),"""",UV2)"
570,UX,PVV Rule,holdings,holdings_dollars,drv_cat_holdings_dollars,FFDAC7C4,105,<openpyxl.worksheet.formula.ArrayFormula object at 0x75acb9da18d0>
571,UY,#Tickers to include,holdings,holdings_dollars,drv_cat_holdings_dollars,FF66FF33,106,<openpyxl.worksheet.formula.ArrayFormula object at 0x75acb9da1930>
572,UZ,#Act,holdings,holdings_dollars,drv_cat_holdings_dollars,FF66FF33,106,=UA2
573,VA,#F1 Seq,holdings,holdings_dollars,drv_cat_holdings_dollars,FF66FF33,106,"=IF(OR(AND(QR2<0,UG2=0),QT2=""""),0,QT2)"
574,VB,#Fidelity,holdings,holdings_dollars,drv_cat_holdings_dollars,FF66FF33,106,"=IF(UE2>0,1,0)"
575,VC,#CS,holdings,holdings_dollars,drv_cat_holdings_dollars,FF66FF33,106,"=IF(UF2>0,1,0)"
576,VD,^Sell,holdings,holdings_dollars,drv_cat_holdings_dollars,FF66FF33,106,=TX2
577,VE,^Buy,holdings,holdings_dollars,drv_cat_holdings_dollars,FF66FF33,106,=TY2
578,VF,OA Group,holdings,action_decision,drv_cat_action_decision,FFCCFF66,107,=TV2
579,VG,^L3,holdings,action_decision,drv_cat_action_decision,FF66FF33,106,=TZ2
580,VH,My,holdings,holdings_dollars,drv_cat_holdings_dollars,theme:8,108,=UK2
581,VI,Fidelity,holdings,holdings_dollars,drv_cat_holdings_dollars,FFE1B0EE,109,=UE2
582,VJ,CS,holdings,holdings_dollars,drv_cat_holdings_dollars,FFE1B0EE,109,=UF2
583,VK,Remaining,holdings,holdings_dollars,drv_cat_holdings_dollars,FFF6E6FA,110,=UQ2
584,VL,PVV Rule,holdings,holdings_dollars,drv_cat_holdings_dollars,FFDAC7C4,111,=UX2
585,VM,Tn Stdv,holdings,holdings_dollars,drv_cat_holdings_dollars,FFCCCC00,112,=AG2
586,VN,Td Stdv,holdings,holdings_dollars,drv_cat_holdings_dollars,FFCCCC00,112,=AH2
587,VO,Tn Td Stdv Diff,holdings,trend_trade,drv_cat_trend_trade,FFCCCC00,112,=AI2
588,VP,HE Outlook,holdings,he_outlook,drv_cat_he_outlook,FFA0FEE1,113,=RL2
589,VQ,Tr Td Outlook,holdings,trend_trade,drv_cat_trend_trade,FFCCCC00,112,=QE2
590,VR,BRR%,holdings,risk_range,drv_cat_risk_range,theme:5,114,=EE2
591,VS,Sector Ticker,holdings,sector_rollup,drv_cat_sector_rollup,theme:7,115,"=IF(OR(HH2<>""Equities"",HJ2=""""),"""",_xlfn.XLOOKUP(HJ2,HQuad!B:B,HQuad!C:C,""""))"
592,VT,HE OL - Sector,holdings,he_outlook,drv_cat_he_outlook,FFA0FEE1,113,"=_xlfn.XLOOKUP(VS2,B:B,VP:VP,"""")"
593,VU,Tn Td Rule,holdings,trend_trade,drv_cat_trend_trade,FFCCCC00,112,"=_xlfn.XLOOKUP(VS2,B:B,VQ:VQ,"""")"
594,VV,BRR% - Sector,holdings,risk_range,drv_cat_risk_range,theme:5,114,"=_xlfn.XLOOKUP(VS2,B:B,VR:VR,"""")"
595,VW,Asset Class - M OL,holdings,quad_outlook,drv_cat_quad_outlook,FF99FFCC,116,=IF2
596,VX,Equity Sector - M OL,holdings,quad_outlook,drv_cat_quad_outlook,FFFFCCCC,117,=IG2
597,VY,M+ves - Equity Style,holdings,quad_outlook,drv_cat_quad_outlook,FF66CCFF,118,=IH2
598,VZ,M-ves  - Equity Style,holdings,quad_outlook,drv_cat_quad_outlook,FF66CCFF,118,=II2
599,WA,Asset Class - Q OL,holdings,quad_outlook,drv_cat_quad_outlook,FF99FFCC,116,=IR2
600,WB,Equity Sector - Q OL,holdings,quad_outlook,drv_cat_quad_outlook,FFFFCCCC,117,=IS2
601,WC,Q+ves - Equity Style,holdings,quad_outlook,drv_cat_quad_outlook,FF66CCFF,118,=IT2
602,WD,Q-ves  - Equity Style,holdings,quad_outlook,drv_cat_quad_outlook,FF66CCFF,118,=IU2
603,WE,ST_Signal Desc,holdings,quad_outlook,drv_cat_quad_outlook,FFFFCCCC,117,=GU2
604,WF,ST_Signal Action,holdings,quad_outlook,drv_cat_quad_outlook,FFFFCCCC,117,=GW2
605,WG,D_Vlt_Caution,holdings,volatility_regime,drv_cat_volatility_regime,theme:2,119,=FN2
606,WH,D_Vlt_RuleDesc,holdings,volatility_regime,drv_cat_volatility_regime,theme:2,119,=FO2
607,WI,Vlm_RuleDesc,holdings,volume,drv_cat_volume,theme:2,119,=GF2
608,WJ,Vlm_RuleAction,holdings,volume,drv_cat_volume,theme:2,119,=GG2
609,WK,Vlm Desc,holdings,volume,drv_cat_volume,theme:2,119,=GD2
610,WL,Volatility regime,holdings,volatility_regime,drv_cat_volatility_regime,theme:2,119,=GI2
611,WM,Tn Td Rule Desc,holdings,trend_trade,drv_cat_trend_trade,FFCCCC00,120,=QG2
612,WN,BBRngStrkRule Desc,holdings,risk_range,drv_cat_risk_range,theme:7,121,=QL2
613,WO,RRBullBear,holdings,risk_range,drv_cat_risk_range,FFF5F571,122,=QP2
614,WP,RRDesc,holdings,risk_range,drv_cat_risk_range,FFF5F571,122,=QQ2
615,WQ,Opposite Outlook,holdings,action_decision,drv_cat_action_decision,theme:5,123,"=IF(WW2="""","""",IF(ISNUMBER(SEARCH(""Sell"",UR2)),IF(UD2="""","""",""+"" & UD2),IF(UC2="""","""",""-"" & UC2)))"
616,WR,Outlook,holdings,action_decision,drv_cat_action_decision,FFE1B0EE,124,"=IF(WW2="""","""",IF(ISNUMBER(SEARCH(""Sell"",UR2)),IF(UC2="""","""",""-"" & UC2),IF(UD2="""","""",""+"" & UD2)))"
617,WS,Portfolio,holdings,holdings_dollars,drv_cat_holdings_dollars,FF92D050,125,=UI2
618,WT,Ticker,holdings,identity,drv_cat_identity,theme:4,126,=B2
619,WU,Td Tn BB Risk Range Rule Action,holdings,bollinger,drv_cat_bollinger,FFCCFF66,127,=QS2
620,WV,Amount,holdings,holdings_dollars,drv_cat_holdings_dollars,FFE1B0EE,124,=UW2
621,WW,Final Action,holdings,action_decision,drv_cat_action_decision,FF06F896,128,=UR2
622,WX,Amount,holdings,holdings_dollars,drv_cat_holdings_dollars,FFE1B0EE,124,=UT2
623,WY,HE Entry,decision,he_outlook,drv_cat_he_outlook,FFA0FEE1,129,"=IF(TA2=0,"""",_xlfn.XLOOKUP(TA2,Parm!$AO$1:$AO$20,Parm!$AQ$1:$AQ$20,""""))"
624,WZ,HE Cont,decision,he_outlook,drv_cat_he_outlook,FFA0FEE1,129,"=IF(TB2=0,"""",_xlfn.XLOOKUP(TB2,Parm!$AO$1:$AO$20,Parm!$AQ$1:$AQ$20,""""))"
625,XA,SS Entry,decision,signal_strength,drv_cat_signal_strength,FF00B0F0,130,"=IF(TC2=0,"""",_xlfn.XLOOKUP(TC2,Parm!$AO$1:$AO$20,Parm!$AQ$1:$AQ$20,""""))"
626,XB,SS Cont,decision,signal_strength,drv_cat_signal_strength,FF00B0F0,130,"=IF(TD2=0,"""",_xlfn.XLOOKUP(TD2,Parm!$AO$1:$AO$20,Parm!$AQ$1:$AQ$20,""""))"
627,XC,Trig,decision,trig_summary,drv_cat_trig_summary,theme:9,131,"=IF(TE2=0,"""",_xlfn.XLOOKUP(TE2,Parm!$AO$1:$AO$20,Parm!$AQ$1:$AQ$20,""""))"
628,XD,Entry,decision,action_decision,drv_cat_action_decision,FFCCFF66,132,"=IF(TK2=0,"""",_xlfn.XLOOKUP(TK2,Parm!$AO$1:$AO$20,Parm!$AQ$1:$AQ$20,""""))"
629,XE,Cont,decision,action_decision,drv_cat_action_decision,FF71FFB1,133,"=IF(TT2=0,"""",_xlfn.XLOOKUP(TT2,Parm!$AO$1:$AO$20,Parm!$AQ$1:$AQ$20,""""))"
630,XF,OverAll,decision,action_decision,drv_cat_action_decision,FFCCFF66,132,"=IF(TU2=0,"""",_xlfn.XLOOKUP(TU2,Parm!$AO$1:$AO$20,Parm!$AQ$1:$AQ$20,""""))"
631,XG,Matched Rule1,decision,trig_summary,drv_cat_trig_summary,FFA0EEFE,134,<openpyxl.worksheet.formula.ArrayFormula object at 0x75acb9da3cd0>
632,XH,M Rule2,decision,trig_summary,drv_cat_trig_summary,FFA0EEFE,134,=
633,XI,M Rule3,decision,trig_summary,drv_cat_trig_summary,FFA0EEFE,134,
634,XJ,M Rule4,decision,trig_summary,drv_cat_trig_summary,FFA0EEFE,134,
635,XK,M Rule5,decision,trig_summary,drv_cat_trig_summary,FFA0EEFE,134,
636,XL,M Rule6,decision,trig_summary,drv_cat_trig_summary,FFA0EEFE,134,
637,XM,M Rule7,decision,trig_summary,drv_cat_trig_summary,FFA0EEFE,134,
638,XN,M Rule8,decision,trig_summary,drv_cat_trig_summary,FFA0EEFE,134,
639,XO,M Rule9,decision,trig_summary,drv_cat_trig_summary,FFA0EEFE,134,
640,XP,M Rule10,decision,trig_summary,drv_cat_trig_summary,FFA0EEFE,134,
641,XQ,M Rule11,decision,trig_summary,drv_cat_trig_summary,FFA0EEFE,134,
